Shipment_ID,Product,Origin,Destination,Carrier,Spoiled_Flag,Departure_Time,Arrival_Time
SHP-65806,Amoxicillin,Delhi,Mumbai,BlueDart,0,14/03/2025 00:00,2025-03-15 17:00:00
SHP-46311,Humira (Adalimumab),Chennai,Bangalore,Shadowfax,0,2025-03-01 00:00:00,2025-03-02 16:00:00
SHP-53748,Insulin Glargine,Bangalore,Bangalore,BlueDart,0,2025-06-30 00:00:00,2025-07-01 11:00:00
SHP-70482,Amoxicillin,Delhi,Bangalore,BlueDart,0,2025-02-25 00:00:00,2025-02-27 21:00:00
SHP-91253,Amoxicillin,Hyderabad,Hyderabad,BlueDart,0,2025-10-07 00:00:00,2025-10-09 10:00:00
SHP-14402,Humira (Adalimumab),Chennai,Bangalore,Shadowfax,0,2025-10-10 00:00:00,2025-10-10 12:00:00
SHP-66832,Insulin Glargine,Bangalore,Chennai,BlueDart,0,2025-08-03 00:00:00,2025-08-04 11:00:00
SHP-32281,Insulin Glargine,Hyderabad,Chennai,DHL,0,2025-09-09 00:00:00,2025-09-11 08:00:00
SHP-67875,Amoxicillin,Hyderabad,Delhi ,DHL,0,20/01/2025 00:00,2025-01-20 22:00:00
SHP-36228,COVID-19 mRNA Vaccine,Hyderabad,bangalore ,Shadowfax,0,2025-04-06 00:00:00,2025-04-06 15:00:00
SHP-79616,Amoxicillin,Hyderabad,Bangalore ,FedEx,0,2025-07-09 00:00:00,2025-07-09 20:00:00
SHP-46778,Amoxicillin,Delhi,Mumbai,DHL,0,2025-05-26 00:00:00,2025-05-28 02:00:00
SHP-13375,Amoxicillin,Delhi,hyderabad,Delhivery,1,2025-10-02 00:00:00,2025-10-02 22:00:00
SHP-32461,Amoxicillin,Delhi,Delhi,DHL,0,2025-07-20 00:00:00,2025-07-22 15:00:00
SHP-24474,Humira (Adalimumab),Bangalore,Bangalore,Delhivery,0,2025-01-22 00:00:00,2025-01-24 18:00:00
SHP-54649,Insulin Glargine,Bangalore,Mumbai,Shadowfax,0,2025-12-19 00:00:00,2025-12-20 00:00:00
SHP-38988,Humira (Adalimumab),Bangalore,hyderabad,FedEx,0,2025-05-25 00:00:00,2025-05-26 20:00:00
SHP-43839,Humira (Adalimumab),Mumbai,Delhi,Delhivery,1,24/11/2025 00:00,2025-11-24 16:00:00
SHP-24208,Humira (Adalimumab),Bangalore,Delhi,Delhivery,0,2025-02-23 00:00:00,2025-02-24 02:00:00
SHP-55947,Amoxicillin,Delhi,Bangalore,DHL,0,2025-04-20 00:00:00,2025-04-21 12:00:00
SHP-73331,COVID-19 mRNA Vaccine,Delhi,Delhi ,Delhivery,0,2025-09-02 00:00:00,2025-09-03 15:00:00
SHP-94944,Insulin Glargine,Mumbai,mumbai,Shadowfax,0,01/01/2026 00:00,2026-01-03 11:00:00
SHP-57784,COVID-19 mRNA Vaccine,Mumbai,Delhi,,1,2025-10-01 00:00:00,2025-10-03 23:00:00
SHP-66242,Humira (Adalimumab),Bangalore,Chennai,Shadowfax,0,09/09/2025 00:00,2025-09-11 07:00:00
SHP-39704,Humira (Adalimumab),Chennai,Mumbai,DHL,0,2025-06-28 00:00:00,2025-06-30 09:00:00
SHP-13976,COVID-19 mRNA Vaccine,Mumbai,Hyderabad,FedEx,0,2025-03-16 00:00:00,2025-03-17 02:00:00
SHP-59025,COVID-19 mRNA Vaccine,Hyderabad,Hyderabad,DHL,0,2025-04-09 00:00:00,2025-04-10 19:00:00
SHP-94303,COVID-19 mRNA Vaccine,Delhi,Bangalore ,Shadowfax,0,2025-07-27 00:00:00,2025-07-28 08:00:00
SHP-20308,Humira (Adalimumab),Hyderabad,Bangalore,DHL,0,01/08/2025 00:00,2025-08-01 19:00:00
SHP-65963,Humira (Adalimumab),Delhi,Chennai,Shadowfax,0,19/07/2025 00:00,2025-07-21 16:00:00
SHP-33536,Insulin Glargine,Delhi,hyderabad,BlueDart,0,2025-10-14 00:00:00,2025-10-15 03:00:00
SHP-52115,Insulin Glargine,Mumbai,Hyderabad ,BlueDart,0,2025-11-25 00:00:00,2025-11-27 07:00:00
SHP-60128,Humira (Adalimumab),Mumbai,Hyderabad,Delhivery,1,2025-10-12 00:00:00,2025-10-13 22:00:00
SHP-67912,COVID-19 mRNA Vaccine,Hyderabad,Hyderabad,FedEx,0,2025-05-12 00:00:00,2025-05-12 23:00:00
SHP-42142,COVID-19 mRNA Vaccine,Delhi,Delhi,BlueDart,0,21/05/2025 00:00,2025-05-23 14:00:00
SHP-20961,Insulin Glargine,Hyderabad,Mumbai,Shadowfax,0,2025-04-13 00:00:00,2025-04-14 19:00:00
SHP-61762,Humira (Adalimumab),Chennai,mumbai,DHL,0,25/07/2025 00:00,2025-07-27 00:00:00
SHP-93799,Insulin Glargine,Hyderabad,Chennai ,DHL,1,2025-10-12 00:00:00,2025-10-14 00:00:00
SHP-82796,Insulin Glargine,Bangalore,Delhi ,Delhivery,0,2025-11-11 00:00:00,2025-11-11 12:00:00
SHP-38253,Amoxicillin,Hyderabad,Hyderabad,,0,2025-09-20 00:00:00,2025-09-20 20:00:00
SHP-21917,Amoxicillin,Bangalore,Hyderabad,BlueDart,0,2025-08-25 00:00:00,2025-08-27 07:00:00
SHP-50725,Amoxicillin,Bangalore,Bangalore,DHL,0,2025-09-24 00:00:00,2025-09-24 16:00:00
SHP-13102,COVID-19 mRNA Vaccine,Bangalore,Bangalore,BlueDart,0,13/11/2025 00:00,2025-11-14 06:00:00
SHP-34721,Humira (Adalimumab),Chennai,Chennai,BlueDart,1,2025-08-01 00:00:00,2025-08-03 06:00:00
SHP-12185,Humira (Adalimumab),Hyderabad,Hyderabad,FedEx,0,2025-04-02 00:00:00,2025-04-02 20:00:00
SHP-73523,Humira (Adalimumab),Hyderabad,Chennai,Delhivery,1,27/12/2025 00:00,2025-12-29 03:00:00
SHP-27156,Humira (Adalimumab),Chennai,Delhi,Shadowfax,0,2025-11-28 00:00:00,2025-11-29 14:00:00
SHP-14159,Amoxicillin,Delhi,Mumbai,BlueDart,0,2025-02-21 00:00:00,2025-02-23 07:00:00
SHP-29467,COVID-19 mRNA Vaccine,Mumbai,Hyderabad ,Delhivery,0,2025-03-24 00:00:00,2025-03-24 19:00:00
SHP-97627,COVID-19 mRNA Vaccine,Hyderabad,Delhi,,0,2025-03-05 00:00:00,2025-03-06 17:00:00
SHP-94380,Amoxicillin,Mumbai,Hyderabad,DHL,0,2025-06-10 00:00:00,2025-06-11 20:00:00
SHP-24128,COVID-19 mRNA Vaccine,Chennai,Bangalore,Delhivery,0,2025-01-17 00:00:00,2025-01-19 08:00:00
SHP-91125,Amoxicillin,Delhi,Chennai,Delhivery,0,2025-06-24 00:00:00,2025-06-26 19:00:00
SHP-67617,Humira (Adalimumab),Delhi,bangalore,Delhivery,0,2025-01-13 00:00:00,2025-01-14 06:00:00
SHP-89291,Amoxicillin,Delhi,Mumbai,DHL,0,2025-05-22 00:00:00,2025-05-24 22:00:00
SHP-85157,Humira (Adalimumab),Chennai,bangalore,DHL,0,2025-06-16 00:00:00,2025-06-17 20:00:00
SHP-31179,Humira (Adalimumab),Bangalore,Hyderabad,Delhivery,0,17/06/2025 00:00,2025-06-18 01:00:00
SHP-83543,Insulin Glargine,Bangalore,Bangalore,FedEx,0,2025-10-10 00:00:00,2025-10-13 00:00:00
SHP-87324,Amoxicillin,Mumbai,Hyderabad,BlueDart,0,2025-06-20 00:00:00,2025-06-22 18:00:00
SHP-79030,Insulin Glargine,Bangalore,Mumbai ,DHL,0,2025-11-13 00:00:00,2025-11-13 23:00:00
SHP-38668,Amoxicillin,Bangalore,Bangalore,FedEx,0,2025-11-22 00:00:00,2025-11-24 23:00:00
SHP-36431,Amoxicillin,Delhi,chennai,DHL,0,2025-06-21 00:00:00,2025-06-22 10:00:00
SHP-42008,Insulin Glargine,Delhi,Chennai,Delhivery,0,09/06/2025 00:00,2025-06-10 18:00:00
SHP-77946,Insulin Glargine,Mumbai,Chennai,FedEx,0,06/02/2025 00:00,2025-02-07 03:00:00
SHP-43541,Amoxicillin,Hyderabad,Bangalore,Shadowfax,0,2025-01-28 00:00:00,2025-01-28 22:00:00
SHP-82744,COVID-19 mRNA Vaccine,Mumbai,Bangalore ,BlueDart,0,11/10/2025 00:00,2025-10-12 21:00:00
SHP-94393,Humira (Adalimumab),Mumbai,Bangalore ,BlueDart,0,2025-03-20 00:00:00,2025-03-22 09:00:00
SHP-52250,Insulin Glargine,Chennai,Hyderabad ,,0,14/06/2025 00:00,2025-06-15 08:00:00
SHP-53067,Humira (Adalimumab),Chennai,Mumbai,BlueDart,0,2025-07-06 00:00:00,2025-07-08 02:00:00
SHP-67355,COVID-19 mRNA Vaccine,Mumbai,Chennai,Shadowfax,0,2025-06-14 00:00:00,2025-06-14 17:00:00
SHP-37651,COVID-19 mRNA Vaccine,Mumbai,Hyderabad,FedEx,0,29/11/2025 00:00,2025-11-30 08:00:00
SHP-66976,COVID-19 mRNA Vaccine,Mumbai,Chennai,FedEx,0,2025-12-09 00:00:00,2025-12-11 21:00:00
SHP-38219,Insulin Glargine,Bangalore,Hyderabad,Delhivery,0,2025-06-24 00:00:00,2025-06-26 12:00:00
SHP-26377,COVID-19 mRNA Vaccine,Chennai,bangalore,FedEx,0,28/11/2025 00:00,2025-11-28 22:00:00
SHP-83869,Insulin Glargine,Mumbai,Chennai,DHL,0,04/08/2025 00:00,2025-08-05 15:00:00
SHP-40918,COVID-19 mRNA Vaccine,Delhi,bangalore,Shadowfax,0,2025-03-19 00:00:00,2025-03-20 16:00:00
SHP-39970,Humira (Adalimumab),Delhi,Chennai,Delhivery,0,2025-01-14 00:00:00,2025-01-14 20:00:00
SHP-67630,Humira (Adalimumab),Bangalore,delhi,DHL,0,2025-11-02 00:00:00,2025-11-04 13:00:00
SHP-44137,Amoxicillin,Bangalore,Hyderabad,DHL,0,2025-04-03 00:00:00,2025-04-05 12:00:00
SHP-66182,Humira (Adalimumab),Hyderabad,Delhi,DHL,0,2025-08-19 00:00:00,2025-08-21 09:00:00
SHP-16099,Amoxicillin,Hyderabad,Hyderabad,BlueDart,0,2025-09-12 00:00:00,2025-09-13 23:00:00
SHP-83261,Humira (Adalimumab),Hyderabad,Mumbai,DHL,0,2025-09-19 00:00:00,2025-09-21 06:00:00
SHP-90805,Insulin Glargine,Bangalore,chennai,BlueDart,0,2025-07-30 00:00:00,2025-08-01 17:00:00
SHP-83894,Humira (Adalimumab),Bangalore,Mumbai ,FedEx,0,2025-08-30 00:00:00,2025-08-31 08:00:00
SHP-48112,Amoxicillin,Bangalore,Mumbai,BlueDart,0,2025-07-08 00:00:00,2025-07-08 12:00:00
SHP-84489,Amoxicillin,Delhi,Hyderabad,DHL,0,2025-12-18 00:00:00,2025-12-18 23:00:00
SHP-16357,COVID-19 mRNA Vaccine,Bangalore,delhi,Shadowfax,0,2025-03-31 00:00:00,2025-04-01 00:00:00
SHP-56156,Insulin Glargine,Delhi,Bangalore ,Shadowfax,0,2025-06-09 00:00:00,2025-06-11 00:00:00
SHP-72604,Humira (Adalimumab),Hyderabad,hyderabad,FedEx,0,27/11/2025 00:00,2025-11-29 22:00:00
SHP-76004,COVID-19 mRNA Vaccine,Hyderabad,Bangalore ,DHL,0,2025-08-26 00:00:00,2025-08-28 20:00:00
SHP-46241,Humira (Adalimumab),Hyderabad,Mumbai,BlueDart,0,24/05/2025 00:00,2025-05-26 21:00:00
SHP-46615,Humira (Adalimumab),Mumbai,bangalore,Shadowfax,0,2025-11-27 00:00:00,2025-11-27 12:00:00
SHP-64987,COVID-19 mRNA Vaccine,Mumbai,Delhi,Delhivery,0,2025-02-17 00:00:00,2025-02-18 04:00:00
SHP-90702,COVID-19 mRNA Vaccine,Chennai,hyderabad ,DHL,0,2025-12-17 00:00:00,2025-12-18 21:00:00
SHP-63209,COVID-19 mRNA Vaccine,Chennai,Delhi,DHL,0,2025-03-30 00:00:00,2025-03-30 18:00:00
SHP-14412,COVID-19 mRNA Vaccine,Chennai,Delhi ,Delhivery,0,2025-02-13 00:00:00,2025-02-14 17:00:00
SHP-11478,COVID-19 mRNA Vaccine,Mumbai,Hyderabad,Shadowfax,0,19/09/2025 00:00,2025-09-20 17:00:00
SHP-91897,Humira (Adalimumab),Mumbai,Delhi,Delhivery,0,2025-02-17 00:00:00,2025-02-17 14:00:00
SHP-11826,COVID-19 mRNA Vaccine,Chennai,Chennai,FedEx,0,2025-12-31 00:00:00,2026-01-02 13:00:00
SHP-44442,Insulin Glargine,Chennai,Chennai ,BlueDart,0,2025-01-27 00:00:00,2025-01-27 12:00:00
SHP-77114,Amoxicillin,Bangalore,Chennai,BlueDart,0,2025-12-02 00:00:00,2025-12-03 19:00:00
SHP-26755,COVID-19 mRNA Vaccine,Chennai,Bangalore,Shadowfax,0,2025-12-30 00:00:00,2025-12-31 14:00:00
SHP-53303,COVID-19 mRNA Vaccine,Bangalore,Delhi,Delhivery,0,2025-06-18 00:00:00,2025-06-19 13:00:00
SHP-31425,Humira (Adalimumab),Delhi,Hyderabad,DHL,0,2025-11-20 00:00:00,2025-11-22 04:00:00
SHP-69632,COVID-19 mRNA Vaccine,Mumbai,Hyderabad,DHL,0,09/08/2025 00:00,2025-08-10 16:00:00
SHP-54299,COVID-19 mRNA Vaccine,Chennai,Bangalore,DHL,1,2025-04-07 00:00:00,2025-04-09 04:00:00
SHP-53881,COVID-19 mRNA Vaccine,Mumbai,Hyderabad,FedEx,0,2025-06-28 00:00:00,2025-06-30 22:00:00
SHP-34130,Humira (Adalimumab),Mumbai,Chennai,FedEx,0,2025-02-06 00:00:00,2025-02-06 12:00:00
SHP-41045,COVID-19 mRNA Vaccine,Mumbai,Delhi,DHL,0,02/09/2025 00:00,2025-09-04 01:00:00
SHP-83611,Amoxicillin,Delhi,hyderabad,Shadowfax,0,2025-01-18 00:00:00,2025-01-20 02:00:00
SHP-93498,Humira (Adalimumab),Hyderabad,Hyderabad,FedEx,0,2025-04-11 00:00:00,2025-04-12 22:00:00
SHP-77065,Amoxicillin,Chennai,Mumbai,FedEx,0,2025-01-11 00:00:00,2025-01-13 19:00:00
SHP-47655,Humira (Adalimumab),Hyderabad,mumbai,BlueDart,0,2025-01-07 00:00:00,2025-01-08 15:00:00
SHP-73898,COVID-19 mRNA Vaccine,Hyderabad,Mumbai,BlueDart,0,2025-01-28 00:00:00,2025-01-30 15:00:00
SHP-29023,Amoxicillin,Hyderabad,Delhi,Shadowfax,0,2025-07-13 00:00:00,2025-07-13 22:00:00
SHP-97868,Humira (Adalimumab),Mumbai,Chennai,FedEx,0,2025-06-25 00:00:00,2025-06-26 06:00:00
SHP-23279,Insulin Glargine,Bangalore,Chennai,FedEx,0,2025-07-05 00:00:00,2025-07-06 11:00:00
SHP-81036,COVID-19 mRNA Vaccine,Mumbai,Chennai,Delhivery,0,2025-09-14 00:00:00,2025-09-16 20:00:00
SHP-78142,Humira (Adalimumab),Mumbai,Delhi,Shadowfax,0,2025-01-03 00:00:00,2025-01-04 18:00:00
SHP-32024,Insulin Glargine,Hyderabad,Delhi,Shadowfax,0,2025-06-17 00:00:00,2025-06-19 22:00:00
SHP-44532,Humira (Adalimumab),Mumbai,Mumbai ,Delhivery,0,2025-02-22 00:00:00,2025-02-23 20:00:00
SHP-49983,Insulin Glargine,Hyderabad,hyderabad,Delhivery,0,2025-02-12 00:00:00,2025-02-12 12:00:00
SHP-10053,COVID-19 mRNA Vaccine,Bangalore,bangalore,BlueDart,0,2025-10-11 00:00:00,2025-10-11 21:00:00
SHP-62992,Amoxicillin,Chennai,bangalore,Shadowfax,0,2025-06-03 00:00:00,2025-06-04 21:00:00
SHP-54498,Insulin Glargine,Hyderabad,Hyderabad,Shadowfax,0,04/06/2025 00:00,2025-06-04 12:00:00
SHP-38505,Humira (Adalimumab),Bangalore,Mumbai,Delhivery,0,2025-02-19 00:00:00,2025-02-20 15:00:00
SHP-85692,COVID-19 mRNA Vaccine,Chennai,Hyderabad ,DHL,0,2025-02-07 00:00:00,2025-02-09 07:00:00
SHP-77704,Insulin Glargine,Delhi,Hyderabad,DHL,0,10/01/2025 00:00,2025-01-12 11:00:00
SHP-87580,Humira (Adalimumab),Hyderabad,Bangalore,BlueDart,0,2025-05-28 00:00:00,2025-05-29 15:00:00
SHP-74053,Humira (Adalimumab),Hyderabad,Mumbai,DHL,0,2025-12-30 00:00:00,2025-12-31 19:00:00
SHP-37378,Humira (Adalimumab),Delhi,Delhi,,0,25/07/2025 00:00,2025-07-26 21:00:00
SHP-31867,Insulin Glargine,Delhi,Bangalore,DHL,0,2025-05-14 00:00:00,2025-05-14 18:00:00
SHP-19118,Insulin Glargine,Hyderabad,Delhi,FedEx,0,07/05/2025 00:00,2025-05-08 06:00:00
SHP-17898,Insulin Glargine,Delhi,Mumbai,BlueDart,0,2025-06-06 00:00:00,2025-06-08 03:00:00
SHP-10976,Amoxicillin,Mumbai,Hyderabad ,Delhivery,1,2025-06-05 00:00:00,2025-06-07 11:00:00
SHP-50813,Insulin Glargine,Chennai,Chennai,DHL,0,2025-09-26 00:00:00,2025-09-28 20:00:00
SHP-49717,Insulin Glargine,Chennai,Chennai ,FedEx,0,2025-11-02 00:00:00,2025-11-02 20:00:00
SHP-42950,Insulin Glargine,Chennai,Mumbai,DHL,0,2025-05-20 00:00:00,2025-05-21 01:00:00
SHP-29773,Amoxicillin,Mumbai,Chennai,FedEx,0,2025-01-25 00:00:00,2025-01-26 07:00:00
SHP-76628,Insulin Glargine,Delhi,Delhi,BlueDart,0,2025-07-26 00:00:00,2025-07-27 07:00:00
SHP-86538,Humira (Adalimumab),Bangalore,Chennai,DHL,0,2025-04-08 00:00:00,2025-04-08 22:00:00
SHP-55195,Insulin Glargine,Delhi,Mumbai,FedEx,0,2025-11-08 00:00:00,2025-11-10 01:00:00
SHP-21063,Humira (Adalimumab),Hyderabad,Mumbai,Shadowfax,0,09/01/2025 00:00,2025-01-09 13:00:00
SHP-40367,Humira (Adalimumab),Chennai,Delhi,Shadowfax,0,21/01/2025 00:00,2025-01-22 18:00:00
SHP-75156,Humira (Adalimumab),Delhi,Chennai,FedEx,0,2025-06-14 00:00:00,2025-06-14 14:00:00
SHP-62048,Amoxicillin,Bangalore,Chennai,DHL,0,2025-03-27 00:00:00,2025-03-27 22:00:00
SHP-16699,Amoxicillin,Hyderabad,hyderabad,DHL,1,2025-09-08 00:00:00,2025-09-09 16:00:00
SHP-20456,Amoxicillin,Mumbai,Bangalore ,BlueDart,0,2025-11-06 00:00:00,2025-11-08 15:00:00
SHP-22572,Insulin Glargine,Mumbai,Mumbai,BlueDart,0,18/05/2025 00:00,2025-05-19 11:00:00
SHP-15133,Humira (Adalimumab),Bangalore,Hyderabad,Delhivery,0,2025-11-01 00:00:00,2025-11-02 23:00:00
SHP-14745,Amoxicillin,Hyderabad,Mumbai,BlueDart,0,10/06/2025 00:00,2025-06-12 03:00:00
SHP-17587,Amoxicillin,Chennai,Hyderabad ,DHL,0,2025-08-20 00:00:00,2025-08-22 13:00:00
SHP-18221,Insulin Glargine,Delhi,Bangalore,Delhivery,0,2025-06-22 00:00:00,2025-06-23 00:00:00
SHP-41195,Amoxicillin,Hyderabad,Hyderabad,BlueDart,0,2025-04-15 00:00:00,2025-04-15 23:00:00
SHP-98666,Insulin Glargine,Mumbai,Mumbai,FedEx,0,2025-05-04 00:00:00,2025-05-06 09:00:00
SHP-87768,COVID-19 mRNA Vaccine,Bangalore,chennai,Shadowfax,0,29/06/2025 00:00,2025-07-01 01:00:00
SHP-95444,Amoxicillin,Bangalore,Mumbai ,BlueDart,0,17/06/2025 00:00,2025-06-19 19:00:00
SHP-31380,COVID-19 mRNA Vaccine,Delhi,Delhi ,BlueDart,0,2025-03-03 00:00:00,2025-03-05 12:00:00
SHP-39078,Insulin Glargine,Bangalore,Delhi,FedEx,0,2025-08-06 00:00:00,2025-08-08 12:00:00
SHP-81846,Humira (Adalimumab),Bangalore,Delhi ,DHL,0,2025-07-22 00:00:00,2025-07-24 11:00:00
SHP-88460,Amoxicillin,Hyderabad,delhi,FedEx,0,2025-10-11 00:00:00,2025-10-12 12:00:00
SHP-52291,Insulin Glargine,Chennai,Bangalore,BlueDart,0,2025-01-02 00:00:00,2025-01-02 21:00:00
SHP-34876,Humira (Adalimumab),Delhi,Chennai,DHL,0,2025-02-23 00:00:00,2025-02-24 23:00:00
SHP-46598,Humira (Adalimumab),Hyderabad,Chennai,,0,2025-02-07 00:00:00,2025-02-08 06:00:00
SHP-63750,COVID-19 mRNA Vaccine,Chennai,Mumbai,BlueDart,0,12/08/2025 00:00,2025-08-15 00:00:00
SHP-71878,Insulin Glargine,Hyderabad,Hyderabad,,0,2025-05-15 00:00:00,2025-05-16 10:00:00
SHP-68867,Humira (Adalimumab),Hyderabad,Mumbai,Delhivery,0,07/12/2025 00:00,2025-12-09 20:00:00
SHP-97817,Amoxicillin,Bangalore,Mumbai,Shadowfax,0,2025-12-03 00:00:00,2025-12-05 23:00:00
SHP-91942,Amoxicillin,Chennai,Mumbai,Delhivery,0,16/03/2025 00:00,2025-03-18 23:00:00
SHP-35884,COVID-19 mRNA Vaccine,Delhi,Mumbai,FedEx,0,11/08/2025 00:00,2025-08-13 10:00:00
SHP-26946,Humira (Adalimumab),Delhi,Chennai,Delhivery,0,2025-01-04 00:00:00,2025-01-04 19:00:00
SHP-91887,Insulin Glargine,Chennai,Hyderabad,FedEx,0,2025-04-08 00:00:00,2025-04-10 05:00:00
SHP-13067,Amoxicillin,Bangalore,Mumbai,BlueDart,0,2025-05-14 00:00:00,2025-05-16 17:00:00
SHP-60848,Humira (Adalimumab),Mumbai,Chennai,DHL,0,2025-09-06 00:00:00,2025-09-06 23:00:00
SHP-36835,Humira (Adalimumab),Hyderabad,Mumbai,Shadowfax,0,02/09/2025 00:00,2025-09-03 00:00:00
SHP-51935,COVID-19 mRNA Vaccine,Bangalore,delhi,,0,28/08/2025 00:00,2025-08-29 02:00:00
SHP-48502,Amoxicillin,Chennai,mumbai,DHL,1,2025-08-16 00:00:00,2025-08-18 13:00:00
SHP-44677,Amoxicillin,Hyderabad,Mumbai,DHL,0,2025-10-24 00:00:00,2025-10-25 21:00:00
SHP-24293,Insulin Glargine,Delhi,Bangalore,FedEx,0,06/02/2025 00:00,2025-02-07 06:00:00
SHP-63290,Amoxicillin,Mumbai,Delhi ,FedEx,0,2025-06-22 00:00:00,2025-06-22 14:00:00
SHP-37144,Insulin Glargine,Delhi,Hyderabad,Shadowfax,0,2025-12-31 00:00:00,2026-01-02 01:00:00
SHP-31200,Amoxicillin,Chennai,Mumbai,FedEx,0,2025-03-11 00:00:00,2025-03-12 06:00:00
SHP-72538,COVID-19 mRNA Vaccine,Hyderabad,Hyderabad,FedEx,0,2025-06-27 00:00:00,2025-06-29 06:00:00
SHP-16445,Amoxicillin,Chennai,Delhi,,0,2025-09-04 00:00:00,2025-09-06 13:00:00
SHP-81347,Insulin Glargine,Hyderabad,Mumbai,FedEx,0,10/05/2025 00:00,2025-05-12 03:00:00
SHP-56520,Insulin Glargine,Bangalore,Bangalore,BlueDart,0,2025-12-02 00:00:00,2025-12-03 06:00:00
SHP-34570,COVID-19 mRNA Vaccine,Mumbai,Chennai,Shadowfax,0,27/01/2025 00:00,2025-01-28 03:00:00
SHP-66002,Amoxicillin,Bangalore,Bangalore,FedEx,0,2025-11-25 00:00:00,2025-11-26 10:00:00
SHP-80193,Amoxicillin,Bangalore,bangalore,Shadowfax,0,21/12/2025 00:00,2025-12-22 01:00:00
SHP-39319,COVID-19 mRNA Vaccine,Chennai,Chennai,Delhivery,0,2025-11-10 00:00:00,2025-11-12 16:00:00
SHP-34424,Amoxicillin,Mumbai,Chennai ,BlueDart,0,05/10/2025 00:00,2025-10-07 19:00:00
SHP-20749,Amoxicillin,Hyderabad,Chennai,FedEx,0,23/08/2025 00:00,2025-08-23 12:00:00
SHP-90939,Insulin Glargine,Hyderabad,Mumbai,BlueDart,0,18/11/2025 00:00,2025-11-18 23:00:00
SHP-93528,Amoxicillin,Delhi,Hyderabad ,BlueDart,0,2025-06-08 00:00:00,2025-06-10 18:00:00
SHP-48656,Amoxicillin,Hyderabad,Hyderabad,,0,2025-01-30 00:00:00,2025-01-30 16:00:00
SHP-23868,COVID-19 mRNA Vaccine,Chennai,Chennai,Shadowfax,1,2025-04-17 00:00:00,2025-04-17 22:00:00
SHP-58586,COVID-19 mRNA Vaccine,Bangalore,Bangalore,BlueDart,0,26/08/2025 00:00,2025-08-26 19:00:00
SHP-54704,Humira (Adalimumab),Bangalore,delhi,DHL,0,2025-01-02 00:00:00,2025-01-03 20:00:00
SHP-32367,Insulin Glargine,Bangalore,Chennai ,Delhivery,0,2025-01-27 00:00:00,2025-01-27 19:00:00
SHP-16630,Amoxicillin,Mumbai,Bangalore,DHL,0,2025-11-01 00:00:00,2025-11-03 13:00:00
SHP-95062,Amoxicillin,Hyderabad,Bangalore,Delhivery,0,29/06/2025 00:00,2025-06-29 13:00:00
SHP-77628,Humira (Adalimumab),Chennai,mumbai,DHL,0,2025-10-14 00:00:00,2025-10-15 07:00:00
SHP-91141,Amoxicillin,Mumbai,Mumbai,DHL,0,2025-12-28 00:00:00,2025-12-29 00:00:00
SHP-44825,Insulin Glargine,Delhi,Hyderabad,BlueDart,0,2025-01-07 00:00:00,2025-01-08 23:00:00
SHP-28000,Humira (Adalimumab),Chennai,Hyderabad,BlueDart,0,03/10/2025 00:00,2025-10-05 15:00:00
SHP-67872,Insulin Glargine,Chennai,Delhi ,Delhivery,0,2025-07-21 00:00:00,2025-07-22 17:00:00
SHP-57825,Humira (Adalimumab),Chennai,Delhi ,Shadowfax,0,2025-11-30 00:00:00,2025-12-01 05:00:00
SHP-50978,Humira (Adalimumab),Bangalore,Delhi,BlueDart,0,2025-09-09 00:00:00,2025-09-10 02:00:00
SHP-24037,COVID-19 mRNA Vaccine,Chennai,Delhi,BlueDart,0,2025-05-18 00:00:00,2025-05-18 14:00:00
SHP-29080,Insulin Glargine,Hyderabad,Bangalore,FedEx,0,2025-08-20 00:00:00,2025-08-21 07:00:00
SHP-14723,Amoxicillin,Chennai,Bangalore,BlueDart,0,2025-07-26 00:00:00,2025-07-27 06:00:00
SHP-68901,Amoxicillin,Bangalore,Hyderabad ,Shadowfax,0,2025-01-24 00:00:00,2025-01-25 08:00:00
SHP-65778,Insulin Glargine,Chennai,mumbai,FedEx,0,2025-06-13 00:00:00,2025-06-16 00:00:00
SHP-41322,Amoxicillin,Delhi,Mumbai ,DHL,1,17/08/2025 00:00,2025-08-18 15:00:00
SHP-90125,Amoxicillin,Delhi,Chennai,DHL,0,2025-08-17 00:00:00,2025-08-18 20:00:00
SHP-68010,Insulin Glargine,Bangalore,Bangalore,FedEx,0,07/09/2025 00:00,2025-09-08 19:00:00
SHP-87766,Humira (Adalimumab),Hyderabad,Delhi,FedEx,0,30/06/2025 00:00,2025-06-30 14:00:00
SHP-87543,Insulin Glargine,Hyderabad,Delhi,FedEx,0,2025-01-06 00:00:00,2025-01-08 10:00:00
SHP-56145,Humira (Adalimumab),Mumbai,chennai,Delhivery,0,16/12/2025 00:00,2025-12-17 16:00:00
SHP-87494,Amoxicillin,Bangalore,Mumbai ,Shadowfax,0,2025-01-11 00:00:00,2025-01-12 08:00:00
SHP-27883,Amoxicillin,Chennai,Delhi,Shadowfax,0,2025-06-23 00:00:00,2025-06-24 18:00:00
SHP-58209,Amoxicillin,Bangalore,Mumbai,DHL,0,2025-04-19 00:00:00,2025-04-20 10:00:00
SHP-47918,COVID-19 mRNA Vaccine,Mumbai,chennai,DHL,0,2025-07-08 00:00:00,2025-07-08 15:00:00
SHP-37131,Humira (Adalimumab),Bangalore,Mumbai,DHL,0,07/03/2025 00:00,2025-03-08 17:00:00
SHP-74709,COVID-19 mRNA Vaccine,Bangalore,mumbai ,BlueDart,0,2025-08-07 00:00:00,2025-08-09 21:00:00
SHP-73192,COVID-19 mRNA Vaccine,Mumbai,Mumbai ,DHL,0,12/06/2025 00:00,2025-06-14 20:00:00
SHP-47598,Insulin Glargine,Hyderabad,Delhi,FedEx,0,2025-04-21 00:00:00,2025-04-21 12:00:00
SHP-62326,COVID-19 mRNA Vaccine,Chennai,Hyderabad,DHL,1,02/10/2025 00:00,2025-10-03 20:00:00
SHP-32634,Insulin Glargine,Mumbai,Bangalore,FedEx,0,13/01/2025 00:00,2025-01-13 22:00:00
SHP-91005,Insulin Glargine,Delhi,Mumbai,Delhivery,0,2025-07-01 00:00:00,2025-07-03 08:00:00
SHP-22352,COVID-19 mRNA Vaccine,Hyderabad,Mumbai,BlueDart,0,2025-05-29 00:00:00,2025-05-31 23:00:00
SHP-59342,Humira (Adalimumab),Delhi,Mumbai ,BlueDart,0,29/11/2025 00:00,2025-11-29 12:00:00
SHP-47151,Humira (Adalimumab),Hyderabad,Hyderabad,Shadowfax,0,2025-05-18 00:00:00,2025-05-19 10:00:00
SHP-66191,Humira (Adalimumab),Chennai,Chennai,Delhivery,0,2025-03-17 00:00:00,2025-03-19 20:00:00
SHP-85952,Humira (Adalimumab),Chennai,Delhi,FedEx,0,01/12/2025 00:00,2025-12-03 12:00:00
SHP-33147,Humira (Adalimumab),Bangalore,Hyderabad,Delhivery,0,2025-01-30 00:00:00,2025-02-01 07:00:00
SHP-16996,COVID-19 mRNA Vaccine,Delhi,Mumbai,BlueDart,0,2025-10-07 00:00:00,2025-10-08 13:00:00
SHP-92131,COVID-19 mRNA Vaccine,Hyderabad,Hyderabad,,0,2025-04-16 00:00:00,2025-04-16 23:00:00
SHP-62462,Amoxicillin,Chennai,Hyderabad,Delhivery,0,2025-01-08 00:00:00,2025-01-08 21:00:00
SHP-41316,Humira (Adalimumab),Mumbai,Hyderabad,BlueDart,0,2025-04-14 00:00:00,2025-04-15 15:00:00
SHP-39687,COVID-19 mRNA Vaccine,Chennai,Chennai,FedEx,0,20/02/2025 00:00,2025-02-21 12:00:00
SHP-61348,Amoxicillin,Mumbai,Bangalore ,FedEx,0,2025-07-28 00:00:00,2025-07-28 14:00:00
SHP-46299,Humira (Adalimumab),Hyderabad,Delhi ,BlueDart,0,2025-02-24 00:00:00,2025-02-26 05:00:00
SHP-15165,Insulin Glargine,Chennai,Chennai ,FedEx,0,2025-04-15 00:00:00,2025-04-17 20:00:00
SHP-30482,Amoxicillin,Chennai,Chennai,BlueDart,0,2025-04-24 00:00:00,2025-04-26 21:00:00
SHP-45937,COVID-19 mRNA Vaccine,Hyderabad,Bangalore,DHL,0,2025-07-05 00:00:00,2025-07-07 13:00:00
SHP-44185,Insulin Glargine,Chennai,Chennai,DHL,1,2025-06-06 00:00:00,2025-06-08 07:00:00
SHP-80478,Insulin Glargine,Mumbai,Hyderabad ,FedEx,0,2025-06-23 00:00:00,2025-06-24 04:00:00
SHP-89946,Insulin Glargine,Chennai,Hyderabad,FedEx,1,2025-03-14 00:00:00,2025-03-15 00:00:00
SHP-17416,Amoxicillin,Delhi,Mumbai,BlueDart,0,2025-07-22 00:00:00,2025-07-23 22:00:00
SHP-11241,COVID-19 mRNA Vaccine,Bangalore,Chennai,FedEx,0,2025-07-29 00:00:00,2025-07-29 20:00:00
SHP-19475,Insulin Glargine,Mumbai,Mumbai ,Shadowfax,0,01/09/2025 00:00,2025-09-03 00:00:00
SHP-24091,Humira (Adalimumab),Delhi,delhi,DHL,0,2025-07-03 00:00:00,2025-07-03 21:00:00
SHP-96991,Insulin Glargine,Hyderabad,Hyderabad,FedEx,0,31/07/2025 00:00,2025-08-01 16:00:00
SHP-36048,Insulin Glargine,Mumbai,Delhi,FedEx,0,2025-09-10 00:00:00,2025-09-12 11:00:00
SHP-30865,Amoxicillin,Bangalore,Bangalore ,Delhivery,1,2025-10-09 00:00:00,2025-10-10 00:00:00
SHP-23502,Amoxicillin,Bangalore,Hyderabad,FedEx,0,2025-12-21 00:00:00,2025-12-23 18:00:00
SHP-87289,COVID-19 mRNA Vaccine,Hyderabad,delhi,Shadowfax,0,12/05/2025 00:00,2025-05-12 16:00:00
SHP-40948,Humira (Adalimumab),Hyderabad,Bangalore,DHL,0,2025-09-15 00:00:00,2025-09-18 00:00:00
SHP-52198,Amoxicillin,Mumbai,Delhi,Delhivery,0,2025-06-01 00:00:00,2025-06-02 05:00:00
SHP-99639,Insulin Glargine,Chennai,bangalore,BlueDart,0,2025-08-08 00:00:00,2025-08-10 11:00:00
SHP-48679,COVID-19 mRNA Vaccine,Hyderabad,Bangalore,BlueDart,0,2025-08-24 00:00:00,2025-08-25 23:00:00
SHP-53505,Insulin Glargine,Chennai,hyderabad,DHL,0,2025-07-15 00:00:00,2025-07-17 06:00:00
SHP-33057,Insulin Glargine,Delhi,Mumbai,BlueDart,0,2025-07-17 00:00:00,2025-07-18 21:00:00
SHP-94579,Amoxicillin,Bangalore,Bangalore ,Shadowfax,0,07/12/2025 00:00,2025-12-08 16:00:00
SHP-74772,COVID-19 mRNA Vaccine,Chennai,Bangalore,FedEx,0,25/07/2025 00:00,2025-07-26 05:00:00
SHP-94972,Humira (Adalimumab),Bangalore,Hyderabad,DHL,0,2025-05-27 00:00:00,2025-05-29 20:00:00
SHP-11713,Humira (Adalimumab),Chennai,Mumbai,Delhivery,0,2025-04-25 00:00:00,2025-04-26 06:00:00
SHP-59206,Amoxicillin,Delhi,Chennai,FedEx,0,2025-09-19 00:00:00,2025-09-19 17:00:00
SHP-74667,Amoxicillin,Hyderabad,Chennai,BlueDart,0,2025-09-17 00:00:00,2025-09-17 13:00:00
SHP-19569,COVID-19 mRNA Vaccine,Delhi,Mumbai,BlueDart,0,2025-01-20 00:00:00,2025-01-22 07:00:00
SHP-90225,Humira (Adalimumab),Hyderabad,delhi,Delhivery,0,2025-03-26 00:00:00,2025-03-26 13:00:00
SHP-17654,Humira (Adalimumab),Hyderabad,hyderabad,Shadowfax,0,2025-01-07 00:00:00,2025-01-09 11:00:00
SHP-89818,Humira (Adalimumab),Bangalore,Mumbai,Delhivery,0,2025-10-09 00:00:00,2025-10-11 04:00:00
SHP-95010,Insulin Glargine,Delhi,Chennai,DHL,0,2025-11-01 00:00:00,2025-11-03 00:00:00
SHP-77517,Humira (Adalimumab),Chennai,Bangalore,Delhivery,0,2025-09-21 00:00:00,2025-09-21 14:00:00
SHP-33628,Insulin Glargine,Delhi,chennai,BlueDart,0,2025-09-11 00:00:00,2025-09-11 13:00:00
SHP-36816,COVID-19 mRNA Vaccine,Bangalore,Bangalore ,Shadowfax,0,2025-06-05 00:00:00,2025-06-06 04:00:00
SHP-29989,Insulin Glargine,Hyderabad,Hyderabad,Shadowfax,0,2025-11-23 00:00:00,2025-11-23 19:00:00
SHP-32725,COVID-19 mRNA Vaccine,Bangalore,Bangalore,Delhivery,0,30/05/2025 00:00,2025-06-01 11:00:00
SHP-62317,Humira (Adalimumab),Mumbai,Mumbai,DHL,0,2025-10-05 00:00:00,2025-10-06 16:00:00
SHP-32266,Humira (Adalimumab),Mumbai,Bangalore,BlueDart,0,2025-02-09 00:00:00,2025-02-09 23:00:00
SHP-88063,COVID-19 mRNA Vaccine,Chennai,Delhi,FedEx,0,2025-07-22 00:00:00,2025-07-23 19:00:00
SHP-84763,Amoxicillin,Bangalore,Mumbai,Shadowfax,0,2025-12-13 00:00:00,2025-12-14 05:00:00
SHP-90362,COVID-19 mRNA Vaccine,Chennai,Hyderabad,Delhivery,0,2025-08-05 00:00:00,2025-08-06 16:00:00
SHP-77062,Amoxicillin,Chennai,Mumbai,,0,2025-08-12 00:00:00,2025-08-12 14:00:00
SHP-21193,Insulin Glargine,Mumbai,Delhi,DHL,0,2025-01-08 00:00:00,2025-01-09 00:00:00
SHP-16879,Insulin Glargine,Chennai,hyderabad,BlueDart,0,12/07/2025 00:00,2025-07-13 23:00:00
SHP-95496,Insulin Glargine,Mumbai,Chennai ,Shadowfax,0,2025-02-24 00:00:00,2025-02-26 13:00:00
SHP-42366,Humira (Adalimumab),Hyderabad,Delhi,BlueDart,0,2025-07-26 00:00:00,2025-07-28 18:00:00
SHP-34834,Insulin Glargine,Bangalore,Hyderabad,FedEx,0,2025-08-11 00:00:00,2025-08-12 05:00:00
SHP-44904,Amoxicillin,Chennai,Bangalore,FedEx,0,2025-02-06 00:00:00,2025-02-07 05:00:00
SHP-45733,Insulin Glargine,Mumbai,Mumbai ,FedEx,0,17/06/2025 00:00,2025-06-18 03:00:00
SHP-14987,COVID-19 mRNA Vaccine,Delhi,Hyderabad,DHL,1,2025-04-02 00:00:00,2025-04-02 20:00:00
SHP-72986,COVID-19 mRNA Vaccine,Chennai,Mumbai,,0,2025-04-07 00:00:00,2025-04-08 10:00:00
SHP-25416,Humira (Adalimumab),Hyderabad,Bangalore,BlueDart,0,2025-10-31 00:00:00,2025-11-02 17:00:00
SHP-96981,COVID-19 mRNA Vaccine,Hyderabad,Hyderabad ,BlueDart,0,02/10/2025 00:00,2025-10-03 11:00:00
SHP-80245,Amoxicillin,Delhi,Chennai ,FedEx,0,2025-12-18 00:00:00,2025-12-20 19:00:00
SHP-86798,Insulin Glargine,Mumbai,Delhi,Shadowfax,0,2025-01-04 00:00:00,2025-01-05 08:00:00
SHP-80886,Humira (Adalimumab),Chennai,Hyderabad,Shadowfax,0,2025-02-06 00:00:00,2025-02-07 15:00:00
SHP-42901,Insulin Glargine,Mumbai,Bangalore,,0,2025-08-05 00:00:00,2025-08-06 02:00:00
SHP-36306,Insulin Glargine,Hyderabad,Hyderabad ,Shadowfax,0,05/08/2025 00:00,2025-08-07 15:00:00
SHP-81957,Amoxicillin,Mumbai,Mumbai,Shadowfax,0,19/02/2025 00:00,2025-02-20 20:00:00
SHP-17268,COVID-19 mRNA Vaccine,Hyderabad,Hyderabad,BlueDart,0,2025-08-04 00:00:00,2025-08-05 10:00:00
SHP-82624,COVID-19 mRNA Vaccine,Mumbai,Chennai,Shadowfax,0,2025-10-31 00:00:00,2025-11-01 12:00:00
SHP-72928,Insulin Glargine,Delhi,Hyderabad,Shadowfax,0,2025-11-04 00:00:00,2025-11-06 18:00:00
SHP-63559,Humira (Adalimumab),Bangalore,Delhi,BlueDart,0,2025-08-21 00:00:00,2025-08-22 23:00:00
SHP-30282,COVID-19 mRNA Vaccine,Delhi,Hyderabad,Shadowfax,0,02/06/2025 00:00,2025-06-04 03:00:00
SHP-52726,Humira (Adalimumab),Delhi,Mumbai ,BlueDart,0,2025-08-19 00:00:00,2025-08-21 15:00:00
SHP-82925,COVID-19 mRNA Vaccine,Bangalore,Hyderabad,Delhivery,0,2026-01-01 00:00:00,2026-01-02 19:00:00
SHP-97114,Humira (Adalimumab),Bangalore,Chennai,DHL,0,2025-07-03 00:00:00,2025-07-04 13:00:00
SHP-58031,Amoxicillin,Chennai,Bangalore,BlueDart,0,2025-07-31 00:00:00,2025-07-31 23:00:00
SHP-77161,Humira (Adalimumab),Chennai,Hyderabad,BlueDart,0,2025-04-06 00:00:00,2025-04-07 14:00:00
SHP-67643,Amoxicillin,Delhi,Hyderabad,Shadowfax,0,2025-09-08 00:00:00,2025-09-09 05:00:00
SHP-76517,Amoxicillin,Delhi,Delhi,BlueDart,0,2025-09-21 00:00:00,2025-09-23 02:00:00
SHP-63804,Humira (Adalimumab),Hyderabad,Chennai,FedEx,0,2025-01-28 00:00:00,2025-01-29 01:00:00
SHP-90517,Amoxicillin,Hyderabad,Bangalore,FedEx,0,2025-10-28 00:00:00,2025-10-28 14:00:00
SHP-14698,Insulin Glargine,Chennai,mumbai,Delhivery,0,2025-09-19 00:00:00,2025-09-20 12:00:00
SHP-24069,Amoxicillin,Chennai,Hyderabad,BlueDart,0,2025-06-30 00:00:00,2025-07-01 00:00:00
SHP-46334,COVID-19 mRNA Vaccine,Hyderabad,bangalore,Shadowfax,0,2025-11-06 00:00:00,2025-11-08 16:00:00
SHP-21555,Humira (Adalimumab),Hyderabad,Mumbai,Shadowfax,0,2025-09-22 00:00:00,2025-09-24 11:00:00
SHP-17159,Insulin Glargine,Mumbai,Chennai,DHL,0,2025-06-13 00:00:00,2025-06-14 17:00:00
SHP-38254,Humira (Adalimumab),Mumbai,Chennai ,Delhivery,0,11/08/2025 00:00,2025-08-12 04:00:00
SHP-46818,COVID-19 mRNA Vaccine,Hyderabad,Bangalore,Shadowfax,0,2025-05-29 00:00:00,2025-05-29 19:00:00
SHP-18220,COVID-19 mRNA Vaccine,Mumbai,Mumbai ,DHL,0,27/09/2025 00:00,2025-09-29 06:00:00
SHP-42475,COVID-19 mRNA Vaccine,Bangalore,Chennai,Shadowfax,0,2025-03-01 00:00:00,2025-03-02 22:00:00
SHP-47318,Amoxicillin,Chennai,Bangalore,DHL,0,2025-09-22 00:00:00,2025-09-23 05:00:00
SHP-91930,Amoxicillin,Chennai,Chennai,FedEx,0,2025-10-25 00:00:00,2025-10-26 18:00:00
SHP-49634,Humira (Adalimumab),Hyderabad,Chennai,FedEx,0,14/09/2025 00:00,2025-09-16 12:00:00
SHP-65427,Humira (Adalimumab),Delhi,Chennai,Shadowfax,0,2025-09-27 00:00:00,2025-09-28 21:00:00
SHP-80666,Insulin Glargine,Hyderabad,Delhi,Delhivery,0,2025-11-28 00:00:00,2025-11-30 07:00:00
SHP-21666,Insulin Glargine,Mumbai,Mumbai ,BlueDart,0,2025-08-22 00:00:00,2025-08-24 19:00:00
SHP-96030,Humira (Adalimumab),Delhi,Bangalore ,Delhivery,0,10/11/2025 00:00,2025-11-12 13:00:00
SHP-24354,Amoxicillin,Mumbai,Bangalore ,Delhivery,0,2025-04-18 00:00:00,2025-04-19 03:00:00
SHP-52320,COVID-19 mRNA Vaccine,Bangalore,Mumbai,BlueDart,1,2025-07-03 00:00:00,2025-07-05 22:00:00
SHP-44359,Humira (Adalimumab),Mumbai,Mumbai,FedEx,0,2025-10-13 00:00:00,2025-10-14 02:00:00
SHP-37603,Insulin Glargine,Bangalore,Mumbai,FedEx,0,30/06/2025 00:00,2025-07-02 11:00:00
SHP-44801,Amoxicillin,Bangalore,Mumbai,BlueDart,0,2025-08-20 00:00:00,2025-08-20 14:00:00
SHP-45953,Humira (Adalimumab),Mumbai,Hyderabad,DHL,0,2025-03-21 00:00:00,2025-03-21 13:00:00
SHP-44220,Humira (Adalimumab),Mumbai,bangalore,Delhivery,0,19/08/2025 00:00,2025-08-21 00:00:00
SHP-55759,Amoxicillin,Bangalore,Hyderabad,Shadowfax,0,2025-02-11 00:00:00,2025-02-13 21:00:00
SHP-91935,Humira (Adalimumab),Delhi,Chennai,FedEx,0,15/11/2025 00:00,2025-11-15 16:00:00
SHP-43593,Amoxicillin,Bangalore,Chennai,Shadowfax,0,2025-07-13 00:00:00,2025-07-15 20:00:00
SHP-72428,COVID-19 mRNA Vaccine,Chennai,Bangalore,BlueDart,0,02/10/2025 00:00,2025-10-02 17:00:00
SHP-33717,Amoxicillin,Bangalore,Chennai,Shadowfax,0,2025-10-27 00:00:00,2025-10-28 14:00:00
SHP-67854,Amoxicillin,Delhi,Mumbai,Shadowfax,0,2025-02-14 00:00:00,2025-02-15 07:00:00
SHP-98895,Amoxicillin,Chennai,Hyderabad,Delhivery,0,2025-07-10 00:00:00,2025-07-11 07:00:00
SHP-91883,Humira (Adalimumab),Hyderabad,Mumbai,,0,2025-11-26 00:00:00,2025-11-28 14:00:00
SHP-10126,Humira (Adalimumab),Hyderabad,chennai,Shadowfax,0,2025-10-16 00:00:00,2025-10-16 23:00:00
SHP-19617,Amoxicillin,Delhi,Hyderabad,FedEx,0,2025-12-12 00:00:00,2025-12-14 03:00:00
SHP-93392,Humira (Adalimumab),Bangalore,mumbai,BlueDart,0,2025-11-24 00:00:00,2025-11-26 21:00:00
SHP-80524,Insulin Glargine,Mumbai,Bangalore,FedEx,0,2025-01-28 00:00:00,2025-01-29 20:00:00
SHP-78042,Insulin Glargine,Delhi,Mumbai,DHL,0,2025-06-02 00:00:00,2025-06-02 14:00:00
SHP-18908,Humira (Adalimumab),Chennai,Chennai ,Shadowfax,0,14/09/2025 00:00,2025-09-16 23:00:00
SHP-76591,Humira (Adalimumab),Chennai,Hyderabad,BlueDart,0,2025-07-27 00:00:00,2025-07-29 20:00:00
SHP-47577,Amoxicillin,Hyderabad,bangalore ,FedEx,0,2025-04-25 00:00:00,2025-04-27 15:00:00
SHP-32759,COVID-19 mRNA Vaccine,Chennai,hyderabad,Shadowfax,0,2025-05-01 00:00:00,2025-05-02 17:00:00
SHP-30778,Humira (Adalimumab),Delhi,Bangalore ,Delhivery,0,2025-12-27 00:00:00,2025-12-29 12:00:00
SHP-97350,Insulin Glargine,Chennai,Hyderabad ,FedEx,0,2025-06-09 00:00:00,2025-06-10 12:00:00
SHP-53227,Amoxicillin,Delhi,Chennai,FedEx,0,14/06/2025 00:00,2025-06-14 22:00:00
SHP-63607,Humira (Adalimumab),Mumbai,Bangalore,DHL,0,2025-01-17 00:00:00,2025-01-18 09:00:00
SHP-84653,Insulin Glargine,Hyderabad,Delhi ,Delhivery,0,2025-09-26 00:00:00,2025-09-27 04:00:00
SHP-73783,Insulin Glargine,Chennai,Hyderabad,DHL,0,2025-08-31 00:00:00,2025-09-02 05:00:00
SHP-21494,COVID-19 mRNA Vaccine,Delhi,Hyderabad ,Delhivery,0,2025-01-05 00:00:00,2025-01-06 11:00:00
SHP-24800,Amoxicillin,Bangalore,mumbai,FedEx,0,2025-09-30 00:00:00,2025-10-01 19:00:00
SHP-20929,Amoxicillin,Hyderabad,Bangalore,DHL,0,2025-10-01 00:00:00,2025-10-01 13:00:00
SHP-61555,COVID-19 mRNA Vaccine,Mumbai,Delhi,Shadowfax,0,2025-09-06 00:00:00,2025-09-08 15:00:00
SHP-48387,COVID-19 mRNA Vaccine,Delhi,Chennai,Delhivery,0,04/07/2025 00:00,2025-07-05 20:00:00
SHP-11881,Amoxicillin,Mumbai,Mumbai,FedEx,0,17/07/2025 00:00,2025-07-18 13:00:00
SHP-53159,Amoxicillin,Mumbai,delhi,BlueDart,0,2025-05-26 00:00:00,2025-05-26 23:00:00
SHP-66574,Humira (Adalimumab),Chennai,Bangalore,Delhivery,0,2025-09-12 00:00:00,2025-09-13 06:00:00
SHP-23166,Humira (Adalimumab),Chennai,Delhi ,Delhivery,0,21/08/2025 00:00,2025-08-23 14:00:00
SHP-58598,COVID-19 mRNA Vaccine,Delhi,Hyderabad,Shadowfax,0,08/10/2025 00:00,2025-10-09 16:00:00
SHP-37599,Humira (Adalimumab),Bangalore,Hyderabad ,,0,2025-10-10 00:00:00,2025-10-10 21:00:00
SHP-15575,Insulin Glargine,Delhi,Mumbai,Delhivery,0,2025-12-23 00:00:00,2025-12-24 14:00:00
SHP-58332,Humira (Adalimumab),Bangalore,Bangalore,Shadowfax,0,2025-10-05 00:00:00,2025-10-06 11:00:00
SHP-50967,Humira (Adalimumab),Mumbai,Bangalore,Shadowfax,0,2025-01-22 00:00:00,2025-01-23 11:00:00
SHP-70277,Insulin Glargine,Hyderabad,Delhi,DHL,0,09/10/2025 00:00,2025-10-09 19:00:00
SHP-68611,COVID-19 mRNA Vaccine,Delhi,Mumbai ,FedEx,0,2025-03-01 00:00:00,2025-03-03 22:00:00
SHP-29539,Insulin Glargine,Delhi,Bangalore,FedEx,0,2025-09-07 00:00:00,2025-09-08 16:00:00
SHP-18603,Humira (Adalimumab),Bangalore,Hyderabad,,0,2025-07-14 00:00:00,2025-07-16 05:00:00
SHP-50615,COVID-19 mRNA Vaccine,Mumbai,delhi,FedEx,1,2025-09-12 00:00:00,2025-09-13 06:00:00
SHP-62031,Humira (Adalimumab),Mumbai,Chennai ,Delhivery,0,2025-01-13 00:00:00,2025-01-15 01:00:00
SHP-24396,Insulin Glargine,Bangalore,Hyderabad,DHL,0,2025-12-17 00:00:00,2025-12-18 20:00:00
SHP-12179,Insulin Glargine,Mumbai,Mumbai,DHL,0,2025-07-26 00:00:00,2025-07-28 07:00:00
SHP-95824,Humira (Adalimumab),Chennai,Bangalore,FedEx,0,2025-06-16 00:00:00,2025-06-17 08:00:00
SHP-86535,Amoxicillin,Hyderabad,Hyderabad,BlueDart,0,2025-07-25 00:00:00,2025-07-26 09:00:00
SHP-29875,Amoxicillin,Delhi,Chennai,FedEx,0,2025-03-10 00:00:00,2025-03-10 22:00:00
SHP-79099,Insulin Glargine,Hyderabad,chennai ,BlueDart,0,2025-05-11 00:00:00,2025-05-11 20:00:00
SHP-46671,Insulin Glargine,Delhi,mumbai,DHL,0,2025-04-05 00:00:00,2025-04-06 04:00:00
SHP-27756,Amoxicillin,Chennai,Hyderabad,BlueDart,0,2025-08-27 00:00:00,2025-08-28 06:00:00
SHP-53174,Amoxicillin,Mumbai,Delhi,Delhivery,1,2025-03-17 00:00:00,2025-03-17 16:00:00
SHP-76460,Humira (Adalimumab),Bangalore,Hyderabad ,Shadowfax,0,2025-02-27 00:00:00,2025-02-27 14:00:00
SHP-32234,Humira (Adalimumab),Chennai,Chennai,BlueDart,0,2025-06-05 00:00:00,2025-06-07 14:00:00
SHP-93526,Amoxicillin,Hyderabad,mumbai ,Shadowfax,0,2025-04-28 00:00:00,2025-04-29 06:00:00
SHP-49247,Humira (Adalimumab),Bangalore,Mumbai,Delhivery,0,2025-12-19 00:00:00,2025-12-19 13:00:00
SHP-58932,Humira (Adalimumab),Mumbai,Delhi,Shadowfax,0,2025-05-12 00:00:00,2025-05-13 05:00:00
SHP-14784,COVID-19 mRNA Vaccine,Chennai,Mumbai ,Delhivery,0,2025-11-19 00:00:00,2025-11-21 15:00:00
SHP-32101,Humira (Adalimumab),Bangalore,Mumbai,Shadowfax,0,2025-10-20 00:00:00,2025-10-22 07:00:00
SHP-21784,Insulin Glargine,Chennai,Mumbai ,Shadowfax,0,2025-12-28 00:00:00,2025-12-29 07:00:00
SHP-28997,Humira (Adalimumab),Chennai,Mumbai,FedEx,0,2025-06-28 00:00:00,2025-06-29 18:00:00
SHP-71986,Humira (Adalimumab),Mumbai,Mumbai,BlueDart,0,2025-10-02 00:00:00,2025-10-04 00:00:00
SHP-50269,Amoxicillin,Delhi,Chennai,Shadowfax,0,2025-11-04 00:00:00,2025-11-05 16:00:00
SHP-84376,Insulin Glargine,Bangalore,hyderabad ,DHL,0,2025-04-09 00:00:00,2025-04-10 15:00:00
SHP-69279,Humira (Adalimumab),Mumbai,Bangalore ,FedEx,0,2025-02-14 00:00:00,2025-02-16 13:00:00
SHP-78734,Humira (Adalimumab),Chennai,Mumbai,BlueDart,0,2025-07-04 00:00:00,2025-07-05 23:00:00
SHP-69305,COVID-19 mRNA Vaccine,Mumbai,Bangalore,FedEx,0,2025-01-07 00:00:00,2025-01-08 11:00:00
SHP-93594,Humira (Adalimumab),Delhi,Bangalore,BlueDart,0,2025-08-18 00:00:00,2025-08-20 10:00:00
SHP-96843,Humira (Adalimumab),Bangalore,Chennai,Delhivery,0,2025-06-09 00:00:00,2025-06-11 23:00:00
SHP-99331,COVID-19 mRNA Vaccine,Delhi,Mumbai,Shadowfax,0,2025-04-29 00:00:00,2025-05-01 01:00:00
SHP-55402,Amoxicillin,Hyderabad,Bangalore,,0,2025-04-04 00:00:00,2025-04-05 08:00:00
SHP-42712,Humira (Adalimumab),Bangalore,Mumbai ,FedEx,0,2025-04-06 00:00:00,2025-04-07 14:00:00
SHP-66620,COVID-19 mRNA Vaccine,Delhi,Delhi ,FedEx,0,2025-10-21 00:00:00,2025-10-22 02:00:00
SHP-59003,Insulin Glargine,Chennai,Delhi,FedEx,0,2025-03-10 00:00:00,2025-03-10 12:00:00
SHP-74225,Amoxicillin,Bangalore,Delhi,,0,2025-09-01 00:00:00,2025-09-03 20:00:00
SHP-62471,Insulin Glargine,Bangalore,Bangalore,Shadowfax,0,03/07/2025 00:00,2025-07-04 09:00:00
SHP-80144,Insulin Glargine,Mumbai,Delhi,BlueDart,1,2025-12-14 00:00:00,2025-12-16 02:00:00
SHP-67592,COVID-19 mRNA Vaccine,Chennai,Chennai ,Shadowfax,0,2025-12-10 00:00:00,2025-12-12 13:00:00
SHP-88626,Humira (Adalimumab),Hyderabad,Chennai,Delhivery,0,2025-05-04 00:00:00,2025-05-06 15:00:00
SHP-94016,COVID-19 mRNA Vaccine,Delhi,Bangalore,Shadowfax,0,2025-01-02 00:00:00,2025-01-03 04:00:00
SHP-58229,COVID-19 mRNA Vaccine,Mumbai,Mumbai,Shadowfax,0,2025-05-26 00:00:00,2025-05-28 13:00:00
SHP-82572,COVID-19 mRNA Vaccine,Delhi,Hyderabad,Delhivery,0,2025-03-08 00:00:00,2025-03-08 12:00:00
SHP-42703,COVID-19 mRNA Vaccine,Hyderabad,mumbai,Shadowfax,0,26/04/2025 00:00,2025-04-27 04:00:00
SHP-59717,Amoxicillin,Hyderabad,Mumbai ,BlueDart,0,25/12/2025 00:00,2025-12-25 15:00:00
SHP-94005,Humira (Adalimumab),Bangalore,Mumbai,DHL,0,2025-07-12 00:00:00,2025-07-14 15:00:00
SHP-48280,Insulin Glargine,Hyderabad,Mumbai,Delhivery,0,02/04/2025 00:00,2025-04-03 08:00:00
SHP-39908,Insulin Glargine,Delhi,Hyderabad,FedEx,0,2025-07-19 00:00:00,2025-07-21 11:00:00
SHP-99658,Humira (Adalimumab),Chennai,Delhi,BlueDart,0,29/11/2025 00:00,2025-11-30 20:00:00
SHP-70740,Insulin Glargine,Chennai,Mumbai,DHL,1,15/07/2025 00:00,2025-07-17 10:00:00
SHP-31458,Humira (Adalimumab),Bangalore,Chennai ,BlueDart,0,2025-08-09 00:00:00,2025-08-10 09:00:00
SHP-84052,Insulin Glargine,Delhi,Bangalore,BlueDart,0,2025-10-17 00:00:00,2025-10-18 03:00:00
SHP-96619,COVID-19 mRNA Vaccine,Delhi,bangalore,FedEx,0,2025-08-09 00:00:00,2025-08-11 00:00:00
SHP-79299,Insulin Glargine,Hyderabad,Chennai,DHL,0,07/01/2025 00:00,2025-01-09 11:00:00
SHP-40162,Humira (Adalimumab),Delhi,Mumbai,BlueDart,0,2025-08-23 00:00:00,2025-08-25 06:00:00
SHP-52901,Humira (Adalimumab),Mumbai,hyderabad,FedEx,0,2025-03-10 00:00:00,2025-03-12 10:00:00
SHP-48462,Humira (Adalimumab),Hyderabad,Delhi,Delhivery,0,2025-01-19 00:00:00,2025-01-20 10:00:00
SHP-23661,Humira (Adalimumab),Mumbai,bangalore,FedEx,0,2025-02-16 00:00:00,2025-02-17 09:00:00
SHP-15427,Humira (Adalimumab),Bangalore,Delhi ,Shadowfax,0,2025-08-25 00:00:00,2025-08-26 22:00:00
SHP-54222,Amoxicillin,Chennai,Hyderabad,FedEx,0,2025-01-31 00:00:00,2025-01-31 19:00:00
SHP-92793,Amoxicillin,Bangalore,Bangalore,FedEx,0,2025-09-16 00:00:00,2025-09-17 13:00:00
SHP-32093,Insulin Glargine,Chennai,Delhi,FedEx,0,2025-09-05 00:00:00,2025-09-07 08:00:00
SHP-44854,Humira (Adalimumab),Bangalore,Hyderabad,,0,12/02/2025 00:00,2025-02-13 15:00:00
SHP-21342,Insulin Glargine,Delhi,Delhi,DHL,0,2025-03-21 00:00:00,2025-03-23 01:00:00
SHP-73868,Humira (Adalimumab),Mumbai,Mumbai,FedEx,0,2025-08-31 00:00:00,2025-09-02 02:00:00
SHP-37330,Humira (Adalimumab),Chennai,Hyderabad,FedEx,0,2025-03-20 00:00:00,2025-03-20 14:00:00
SHP-29720,Amoxicillin,Hyderabad,delhi,Shadowfax,0,06/06/2025 00:00,2025-06-06 16:00:00
SHP-13684,Amoxicillin,Mumbai,Mumbai,Shadowfax,0,2025-09-14 00:00:00,2025-09-14 13:00:00
SHP-38057,COVID-19 mRNA Vaccine,Hyderabad,Mumbai,Delhivery,0,2025-04-22 00:00:00,2025-04-24 16:00:00
SHP-13495,Amoxicillin,Mumbai,hyderabad,Delhivery,0,18/11/2025 00:00,2025-11-20 14:00:00
SHP-50140,COVID-19 mRNA Vaccine,Mumbai,Chennai,Shadowfax,0,2025-09-07 00:00:00,2025-09-08 12:00:00
SHP-40196,COVID-19 mRNA Vaccine,Bangalore,Bangalore,DHL,0,2025-06-21 00:00:00,2025-06-22 21:00:00
SHP-77986,COVID-19 mRNA Vaccine,Chennai,Hyderabad,Delhivery,0,2025-11-10 00:00:00,2025-11-12 01:00:00
SHP-78448,COVID-19 mRNA Vaccine,Chennai,Mumbai,DHL,0,2025-05-17 00:00:00,2025-05-18 20:00:00
SHP-23827,COVID-19 mRNA Vaccine,Mumbai,mumbai ,Shadowfax,0,29/12/2025 00:00,2025-12-31 20:00:00
SHP-13188,Insulin Glargine,Delhi,Hyderabad,Delhivery,0,2025-06-02 00:00:00,2025-06-04 01:00:00
SHP-67179,Amoxicillin,Delhi,Chennai,FedEx,0,08/10/2025 00:00,2025-10-09 18:00:00
SHP-22643,COVID-19 mRNA Vaccine,Hyderabad,Bangalore,Shadowfax,0,28/08/2025 00:00,2025-08-29 19:00:00
SHP-19389,Humira (Adalimumab),Hyderabad,Delhi ,Delhivery,0,2025-04-22 00:00:00,2025-04-22 18:00:00
SHP-68852,Amoxicillin,Bangalore,Hyderabad ,DHL,1,2025-07-22 00:00:00,2025-07-23 07:00:00
SHP-60832,Amoxicillin,Mumbai,Bangalore,DHL,0,2025-10-27 00:00:00,2025-10-28 08:00:00
SHP-44248,COVID-19 mRNA Vaccine,Hyderabad,Bangalore,Delhivery,0,2025-12-01 00:00:00,2025-12-02 21:00:00
SHP-68630,Insulin Glargine,Hyderabad,Mumbai,DHL,0,2025-05-11 00:00:00,2025-05-11 22:00:00
SHP-86868,COVID-19 mRNA Vaccine,Mumbai,delhi,Delhivery,0,18/08/2025 00:00,2025-08-19 14:00:00
SHP-22640,Insulin Glargine,Bangalore,Hyderabad,Delhivery,0,2025-10-28 00:00:00,2025-10-29 23:00:00
SHP-33422,Humira (Adalimumab),Hyderabad,Mumbai,DHL,0,2025-11-14 00:00:00,2025-11-16 13:00:00
SHP-67300,Amoxicillin,Bangalore,Mumbai,BlueDart,0,2025-09-06 00:00:00,2025-09-08 22:00:00
SHP-83948,Humira (Adalimumab),Chennai,Chennai,FedEx,0,2025-07-14 00:00:00,2025-07-15 19:00:00
SHP-68807,Insulin Glargine,Bangalore,Bangalore,Shadowfax,0,2025-08-04 00:00:00,2025-08-06 13:00:00
SHP-80270,Insulin Glargine,Delhi,Hyderabad,FedEx,0,22/08/2025 00:00,2025-08-24 11:00:00
SHP-38923,Humira (Adalimumab),Delhi,Hyderabad,Shadowfax,0,28/09/2025 00:00,2025-09-30 05:00:00
SHP-41482,Insulin Glargine,Bangalore,Hyderabad ,Shadowfax,0,2025-11-01 00:00:00,2025-11-01 20:00:00
SHP-11838,Humira (Adalimumab),Delhi,Mumbai,FedEx,0,2025-10-07 00:00:00,2025-10-08 07:00:00
SHP-45176,Amoxicillin,Chennai,Chennai,Delhivery,0,2025-09-11 00:00:00,2025-09-11 15:00:00
SHP-18882,Humira (Adalimumab),Mumbai,Delhi,DHL,0,2025-05-20 00:00:00,2025-05-20 15:00:00
SHP-10493,Amoxicillin,Delhi,Mumbai,BlueDart,0,2025-10-07 00:00:00,2025-10-09 01:00:00
SHP-96100,Humira (Adalimumab),Delhi,Delhi,BlueDart,0,2025-04-01 00:00:00,2025-04-02 15:00:00
SHP-59875,Insulin Glargine,Bangalore,Chennai,BlueDart,0,2025-06-13 00:00:00,2025-06-15 15:00:00
SHP-14641,Humira (Adalimumab),Chennai,Bangalore,,1,2025-12-30 00:00:00,2025-12-31 08:00:00
SHP-83837,Insulin Glargine,Mumbai,Hyderabad ,FedEx,0,2025-10-22 00:00:00,2025-10-23 14:00:00
SHP-28563,Humira (Adalimumab),Bangalore,delhi,Delhivery,0,2025-11-04 00:00:00,2025-11-06 13:00:00
SHP-28584,Humira (Adalimumab),Bangalore,Mumbai,BlueDart,0,10/10/2025 00:00,2025-10-11 14:00:00
SHP-23981,COVID-19 mRNA Vaccine,Chennai,Delhi ,Delhivery,0,2025-09-20 00:00:00,2025-09-21 09:00:00
SHP-27920,Insulin Glargine,Mumbai,Bangalore ,BlueDart,0,2025-05-02 00:00:00,2025-05-04 01:00:00
SHP-73754,COVID-19 mRNA Vaccine,Chennai,Hyderabad ,FedEx,0,24/11/2025 00:00,2025-11-25 09:00:00
SHP-20833,Insulin Glargine,Mumbai,Delhi,DHL,0,2025-06-05 00:00:00,2025-06-05 20:00:00
SHP-81192,COVID-19 mRNA Vaccine,Chennai,Bangalore,DHL,0,2025-09-17 00:00:00,2025-09-18 07:00:00
SHP-27373,Amoxicillin,Bangalore,Mumbai ,DHL,0,2025-07-05 00:00:00,2025-07-06 00:00:00
SHP-82599,Humira (Adalimumab),Bangalore,Chennai,DHL,0,2025-07-29 00:00:00,2025-07-31 09:00:00
SHP-38978,Insulin Glargine,Hyderabad,Mumbai,Shadowfax,0,03/12/2025 00:00,2025-12-04 05:00:00
SHP-37919,Insulin Glargine,Delhi,Hyderabad,,0,2025-05-23 00:00:00,2025-05-23 17:00:00
SHP-21674,Humira (Adalimumab),Chennai,Mumbai,DHL,0,2025-06-25 00:00:00,2025-06-27 17:00:00
SHP-58490,Insulin Glargine,Hyderabad,Mumbai,Shadowfax,0,11/04/2025 00:00,2025-04-12 02:00:00
SHP-59909,Insulin Glargine,Delhi,Mumbai,Shadowfax,0,2025-10-17 00:00:00,2025-10-18 08:00:00
SHP-23075,COVID-19 mRNA Vaccine,Chennai,Mumbai,Shadowfax,0,2025-09-18 00:00:00,2025-09-20 08:00:00
SHP-17423,Insulin Glargine,Mumbai,Hyderabad,Delhivery,0,23/01/2025 00:00,2025-01-24 14:00:00
SHP-21704,Amoxicillin,Delhi,Bangalore,,0,28/02/2025 00:00,2025-03-02 17:00:00
SHP-63124,Amoxicillin,Bangalore,Delhi,Shadowfax,0,2025-01-05 00:00:00,2025-01-07 05:00:00
SHP-74490,Humira (Adalimumab),Hyderabad,chennai,DHL,0,17/01/2025 00:00,2025-01-18 06:00:00
SHP-16983,Insulin Glargine,Delhi,Delhi,BlueDart,0,2025-12-08 00:00:00,2025-12-09 00:00:00
SHP-49135,Humira (Adalimumab),Delhi,Delhi,FedEx,0,2025-08-07 00:00:00,2025-08-08 20:00:00
SHP-27466,Amoxicillin,Bangalore,chennai,Delhivery,0,2025-06-16 00:00:00,2025-06-17 03:00:00
SHP-91756,Insulin Glargine,Chennai,Hyderabad,DHL,0,2025-03-01 00:00:00,2025-03-03 17:00:00
SHP-57200,Insulin Glargine,Mumbai,Chennai,DHL,0,2025-09-28 00:00:00,2025-09-28 22:00:00
SHP-70502,Humira (Adalimumab),Bangalore,Hyderabad,FedEx,0,2025-11-14 00:00:00,2025-11-16 11:00:00
SHP-18491,Amoxicillin,Mumbai,Delhi,FedEx,0,2025-01-24 00:00:00,2025-01-24 19:00:00
SHP-13012,Insulin Glargine,Chennai,Hyderabad,DHL,0,2025-05-21 00:00:00,2025-05-23 01:00:00
SHP-21451,Humira (Adalimumab),Delhi,Bangalore,FedEx,0,28/03/2025 00:00,2025-03-30 14:00:00
SHP-28502,Amoxicillin,Mumbai,chennai,DHL,0,2025-06-05 00:00:00,2025-06-07 17:00:00
SHP-52699,Humira (Adalimumab),Hyderabad,Bangalore,FedEx,0,2025-05-30 00:00:00,2025-06-01 00:00:00
SHP-66737,COVID-19 mRNA Vaccine,Hyderabad,Delhi ,FedEx,0,2025-09-14 00:00:00,2025-09-16 05:00:00
SHP-86797,Insulin Glargine,Bangalore,Chennai,DHL,0,28/12/2025 00:00,2025-12-28 23:00:00
SHP-39368,COVID-19 mRNA Vaccine,Chennai,Delhi,Shadowfax,0,28/12/2025 00:00,2025-12-31 00:00:00
SHP-32035,Amoxicillin,Bangalore,bangalore,DHL,0,20/10/2025 00:00,2025-10-22 02:00:00
SHP-57436,COVID-19 mRNA Vaccine,Bangalore,delhi ,BlueDart,0,2025-09-24 00:00:00,2025-09-25 19:00:00
SHP-74458,COVID-19 mRNA Vaccine,Bangalore,Chennai,FedEx,0,2025-07-27 00:00:00,2025-07-29 11:00:00
SHP-70273,Amoxicillin,Hyderabad,Chennai,Delhivery,1,2025-04-13 00:00:00,2025-04-13 17:00:00
SHP-23057,Humira (Adalimumab),Hyderabad,Delhi ,FedEx,0,05/10/2025 00:00,2025-10-06 02:00:00
SHP-54721,COVID-19 mRNA Vaccine,Bangalore,Chennai,,0,2025-02-03 00:00:00,2025-02-03 21:00:00
SHP-14241,Humira (Adalimumab),Hyderabad,Chennai,Delhivery,0,2025-11-04 00:00:00,2025-11-05 20:00:00
SHP-29364,COVID-19 mRNA Vaccine,Chennai,Delhi,Delhivery,0,23/07/2025 00:00,2025-07-24 11:00:00
SHP-57036,Humira (Adalimumab),Bangalore,Bangalore,DHL,0,2025-09-17 00:00:00,2025-09-18 08:00:00
SHP-20732,Amoxicillin,Hyderabad,chennai,Shadowfax,0,2025-05-21 00:00:00,2025-05-23 06:00:00
SHP-96732,COVID-19 mRNA Vaccine,Mumbai,Chennai ,DHL,0,2025-08-07 00:00:00,2025-08-07 13:00:00
SHP-42355,Amoxicillin,Bangalore,Chennai,Delhivery,0,2025-05-12 00:00:00,2025-05-14 11:00:00
SHP-21485,COVID-19 mRNA Vaccine,Bangalore,Chennai ,Delhivery,0,2025-03-08 00:00:00,2025-03-10 23:00:00
SHP-29187,Amoxicillin,Chennai,Delhi,Shadowfax,0,2025-10-04 00:00:00,2025-10-05 06:00:00
SHP-29116,Amoxicillin,Delhi,Bangalore,FedEx,0,26/07/2025 00:00,2025-07-28 19:00:00
SHP-37174,COVID-19 mRNA Vaccine,Delhi,Bangalore,Shadowfax,0,2025-11-26 00:00:00,2025-11-28 07:00:00
SHP-39670,COVID-19 mRNA Vaccine,Chennai,Hyderabad ,DHL,0,30/12/2025 00:00,2025-12-31 03:00:00
SHP-38527,COVID-19 mRNA Vaccine,Chennai,Chennai,FedEx,0,2025-07-07 00:00:00,2025-07-07 17:00:00
SHP-12879,Insulin Glargine,Chennai,Chennai,DHL,0,2025-08-30 00:00:00,2025-08-31 08:00:00
SHP-15641,Humira (Adalimumab),Delhi,Hyderabad,Shadowfax,0,2025-01-22 00:00:00,2025-01-24 09:00:00
SHP-23588,Insulin Glargine,Chennai,Bangalore,FedEx,0,2025-04-22 00:00:00,2025-04-23 01:00:00
SHP-44613,Insulin Glargine,Hyderabad,Mumbai ,Shadowfax,0,2025-12-15 00:00:00,2025-12-16 19:00:00
SHP-67464,Amoxicillin,Bangalore,mumbai,BlueDart,0,2025-02-19 00:00:00,2025-02-20 08:00:00
SHP-58275,COVID-19 mRNA Vaccine,Bangalore,Bangalore,Delhivery,0,2025-06-26 00:00:00,2025-06-26 22:00:00
SHP-93731,Humira (Adalimumab),Mumbai,Chennai,FedEx,0,2025-04-19 00:00:00,2025-04-22 00:00:00
SHP-62898,Amoxicillin,Mumbai,Mumbai,Delhivery,0,19/03/2025 00:00,2025-03-22 00:00:00
SHP-74170,Insulin Glargine,Bangalore,Delhi,BlueDart,0,2025-01-28 00:00:00,2025-01-29 00:00:00
SHP-22884,COVID-19 mRNA Vaccine,Hyderabad,Delhi,FedEx,0,2025-01-13 00:00:00,2025-01-14 01:00:00
SHP-30015,Amoxicillin,Delhi,Hyderabad,Delhivery,0,2025-08-09 00:00:00,2025-08-09 15:00:00
SHP-18929,COVID-19 mRNA Vaccine,Delhi,Bangalore,Delhivery,0,2025-02-28 00:00:00,2025-03-01 07:00:00
SHP-17299,Amoxicillin,Hyderabad,bangalore,FedEx,0,2025-02-09 00:00:00,2025-02-11 01:00:00
SHP-18289,COVID-19 mRNA Vaccine,Delhi,Mumbai,Delhivery,0,2025-06-12 00:00:00,2025-06-12 17:00:00
SHP-82996,Insulin Glargine,Chennai,Chennai,Delhivery,0,07/03/2025 00:00,2025-03-08 02:00:00
SHP-63457,Humira (Adalimumab),Bangalore,Bangalore,FedEx,0,2025-06-22 00:00:00,2025-06-25 00:00:00
SHP-45330,Insulin Glargine,Bangalore,Mumbai,Delhivery,0,12/08/2025 00:00,2025-08-13 04:00:00
SHP-58804,Humira (Adalimumab),Hyderabad,Mumbai,Delhivery,0,2025-06-21 00:00:00,2025-06-23 16:00:00
SHP-22780,COVID-19 mRNA Vaccine,Delhi,Bangalore,DHL,0,2025-10-23 00:00:00,2025-10-24 06:00:00
SHP-39853,Amoxicillin,Mumbai,Mumbai ,DHL,0,2025-06-02 00:00:00,2025-06-03 17:00:00
SHP-43197,Insulin Glargine,Mumbai,Hyderabad,BlueDart,0,2025-12-14 00:00:00,2025-12-15 01:00:00
SHP-11299,Humira (Adalimumab),Delhi,Hyderabad ,DHL,0,2025-03-06 00:00:00,2025-03-08 23:00:00
SHP-87495,Insulin Glargine,Mumbai,Bangalore,DHL,0,2025-06-02 00:00:00,2025-06-04 12:00:00
SHP-23953,Humira (Adalimumab),Hyderabad,Chennai ,BlueDart,0,16/01/2025 00:00,2025-01-18 19:00:00
SHP-71069,Insulin Glargine,Hyderabad,Hyderabad,Delhivery,0,2025-11-08 00:00:00,2025-11-09 07:00:00
SHP-24518,Humira (Adalimumab),Delhi,Hyderabad,Delhivery,0,2025-01-09 00:00:00,2025-01-11 16:00:00
SHP-28971,Humira (Adalimumab),Mumbai,Bangalore,DHL,0,2025-07-31 00:00:00,2025-08-01 14:00:00
SHP-62695,COVID-19 mRNA Vaccine,Hyderabad,Delhi,,0,20/10/2025 00:00,2025-10-22 08:00:00
SHP-94930,Humira (Adalimumab),Hyderabad,Mumbai ,Delhivery,0,27/06/2025 00:00,2025-06-28 18:00:00
SHP-98655,COVID-19 mRNA Vaccine,Chennai,Hyderabad,Shadowfax,0,2025-08-22 00:00:00,2025-08-22 20:00:00
SHP-77634,Humira (Adalimumab),Chennai,Delhi,FedEx,0,2025-07-22 00:00:00,2025-07-23 18:00:00
SHP-13418,Amoxicillin,Hyderabad,Chennai,FedEx,0,06/04/2025 00:00,2025-04-06 19:00:00
SHP-35882,Amoxicillin,Delhi,Delhi,FedEx,0,2025-07-03 00:00:00,2025-07-05 08:00:00
SHP-73140,Amoxicillin,Bangalore,Bangalore,DHL,0,2025-09-24 00:00:00,2025-09-26 19:00:00
SHP-13224,Humira (Adalimumab),Bangalore,Chennai ,,0,2025-09-02 00:00:00,2025-09-03 00:00:00
SHP-71638,COVID-19 mRNA Vaccine,Hyderabad,Chennai ,FedEx,0,2025-08-18 00:00:00,2025-08-18 14:00:00
SHP-10412,COVID-19 mRNA Vaccine,Hyderabad,delhi,Shadowfax,0,2025-05-01 00:00:00,2025-05-02 01:00:00
SHP-51431,Humira (Adalimumab),Hyderabad,Bangalore,Delhivery,0,07/12/2025 00:00,2025-12-08 16:00:00
SHP-79864,Amoxicillin,Delhi,Hyderabad,Shadowfax,0,07/11/2025 00:00,2025-11-09 23:00:00
SHP-99629,Amoxicillin,Chennai,Delhi ,DHL,0,2025-07-03 00:00:00,2025-07-04 12:00:00
SHP-60141,COVID-19 mRNA Vaccine,Hyderabad,Hyderabad,FedEx,0,08/07/2025 00:00,2025-07-10 06:00:00
SHP-35068,Amoxicillin,Hyderabad,delhi,Delhivery,0,2025-04-20 00:00:00,2025-04-21 07:00:00
SHP-43350,Insulin Glargine,Mumbai,Hyderabad,FedEx,0,08/08/2025 00:00,2025-08-08 23:00:00
SHP-58407,COVID-19 mRNA Vaccine,Delhi,Delhi,FedEx,0,2025-03-22 00:00:00,2025-03-23 17:00:00
SHP-91197,Amoxicillin,Hyderabad,Chennai ,DHL,0,18/02/2025 00:00,2025-02-20 03:00:00
SHP-32784,COVID-19 mRNA Vaccine,Mumbai,Mumbai ,FedEx,0,2025-05-14 00:00:00,2025-05-16 01:00:00
SHP-28130,Insulin Glargine,Bangalore,Chennai,BlueDart,0,2025-12-13 00:00:00,2025-12-13 22:00:00
SHP-57979,COVID-19 mRNA Vaccine,Hyderabad,Hyderabad ,Delhivery,1,29/03/2025 00:00,2025-03-30 21:00:00
SHP-20615,COVID-19 mRNA Vaccine,Hyderabad,Bangalore ,Delhivery,0,10/02/2025 00:00,2025-02-11 11:00:00
SHP-12468,COVID-19 mRNA Vaccine,Mumbai,Chennai ,BlueDart,0,2025-04-25 00:00:00,2025-04-27 07:00:00
SHP-84581,COVID-19 mRNA Vaccine,Delhi,Mumbai,DHL,0,2025-10-26 00:00:00,2025-10-27 23:00:00
SHP-54582,Insulin Glargine,Hyderabad,Hyderabad,FedEx,0,22/12/2025 00:00,2025-12-24 04:00:00
SHP-67772,Humira (Adalimumab),Bangalore,Chennai,FedEx,0,06/02/2025 00:00,2025-02-07 21:00:00
SHP-69528,COVID-19 mRNA Vaccine,Hyderabad,Delhi,Delhivery,0,2025-03-01 00:00:00,2025-03-01 13:00:00
SHP-25898,COVID-19 mRNA Vaccine,Bangalore,Bangalore,DHL,0,2025-05-29 00:00:00,2025-05-29 18:00:00
SHP-65442,Amoxicillin,Chennai,Hyderabad,DHL,0,2025-05-12 00:00:00,2025-05-12 19:00:00
SHP-34267,COVID-19 mRNA Vaccine,Chennai,Chennai,,0,2025-01-04 00:00:00,2025-01-06 05:00:00
SHP-74376,Amoxicillin,Bangalore,Hyderabad ,FedEx,1,2025-01-06 00:00:00,2025-01-08 20:00:00
SHP-47775,Humira (Adalimumab),Delhi,Delhi,DHL,0,2025-04-20 00:00:00,2025-04-22 22:00:00
SHP-79093,Insulin Glargine,Hyderabad,Mumbai,BlueDart,0,23/05/2025 00:00,2025-05-25 22:00:00
SHP-12871,Insulin Glargine,Hyderabad,Chennai,Shadowfax,0,2025-12-28 00:00:00,2025-12-29 18:00:00
SHP-31553,Humira (Adalimumab),Chennai,Hyderabad,DHL,1,2025-08-15 00:00:00,2025-08-17 19:00:00
SHP-12926,Insulin Glargine,Bangalore,Hyderabad,Shadowfax,0,20/07/2025 00:00,2025-07-20 14:00:00
SHP-57863,Humira (Adalimumab),Hyderabad,Hyderabad,FedEx,0,2025-06-16 00:00:00,2025-06-18 12:00:00
SHP-59962,Humira (Adalimumab),Hyderabad,mumbai,DHL,0,2025-04-17 00:00:00,2025-04-17 19:00:00
SHP-63099,Humira (Adalimumab),Delhi,Hyderabad ,Delhivery,0,13/01/2025 00:00,2025-01-14 02:00:00
SHP-98089,Insulin Glargine,Mumbai,Bangalore ,FedEx,0,2025-05-24 00:00:00,2025-05-26 04:00:00
SHP-62737,Amoxicillin,Chennai,Bangalore,BlueDart,0,2025-08-18 00:00:00,2025-08-19 20:00:00
SHP-68292,Humira (Adalimumab),Chennai,Hyderabad,BlueDart,1,2025-04-18 00:00:00,2025-04-20 01:00:00
SHP-59626,COVID-19 mRNA Vaccine,Mumbai,bangalore,Shadowfax,0,2025-12-31 00:00:00,2026-01-02 20:00:00
SHP-29375,Insulin Glargine,Hyderabad,Chennai ,Shadowfax,0,2025-09-10 00:00:00,2025-09-12 09:00:00
SHP-82048,Humira (Adalimumab),Delhi,Bangalore ,Delhivery,0,2025-08-01 00:00:00,2025-08-03 07:00:00
SHP-75842,Humira (Adalimumab),Delhi,Hyderabad,Delhivery,0,2025-09-29 00:00:00,2025-09-29 20:00:00
SHP-78993,COVID-19 mRNA Vaccine,Chennai,delhi,BlueDart,0,2025-03-29 00:00:00,2025-03-29 13:00:00
SHP-54220,Amoxicillin,Delhi,Chennai,DHL,0,2025-09-22 00:00:00,2025-09-22 20:00:00
SHP-99940,Amoxicillin,Mumbai,Mumbai,BlueDart,0,2025-12-01 00:00:00,2025-12-02 16:00:00
SHP-57441,Amoxicillin,Hyderabad,Hyderabad,,0,2025-04-24 00:00:00,2025-04-26 20:00:00
SHP-45054,Humira (Adalimumab),Mumbai,mumbai,Delhivery,0,2025-05-13 00:00:00,2025-05-16 00:00:00
SHP-38178,Humira (Adalimumab),Bangalore,Delhi,Shadowfax,0,2025-11-01 00:00:00,2025-11-02 09:00:00
SHP-28288,Humira (Adalimumab),Chennai,mumbai,Delhivery,0,2025-08-15 00:00:00,2025-08-15 16:00:00
SHP-91500,Insulin Glargine,Delhi,Hyderabad,Delhivery,0,2025-03-05 00:00:00,2025-03-07 20:00:00
SHP-73269,COVID-19 mRNA Vaccine,Bangalore,Hyderabad,,0,12/05/2025 00:00,2025-05-14 19:00:00
SHP-52916,Humira (Adalimumab),Delhi,Delhi ,BlueDart,0,22/06/2025 00:00,2025-06-23 16:00:00
SHP-86056,COVID-19 mRNA Vaccine,Hyderabad,Hyderabad,DHL,0,2025-10-03 00:00:00,2025-10-04 11:00:00
SHP-80946,COVID-19 mRNA Vaccine,Hyderabad,Delhi ,,0,2025-09-24 00:00:00,2025-09-26 16:00:00
SHP-33185,Amoxicillin,Hyderabad,Delhi,FedEx,0,15/08/2025 00:00,2025-08-15 20:00:00
SHP-42329,Insulin Glargine,Delhi,Hyderabad,Delhivery,0,29/12/2025 00:00,2025-12-31 00:00:00
SHP-12991,Humira (Adalimumab),Bangalore,Bangalore,Delhivery,0,2025-12-14 00:00:00,2025-12-14 14:00:00
SHP-94387,Amoxicillin,Hyderabad,Delhi,FedEx,0,2025-03-01 00:00:00,2025-03-03 16:00:00
SHP-60662,Amoxicillin,Bangalore,Hyderabad,Delhivery,0,2025-06-03 00:00:00,2025-06-04 20:00:00
SHP-89174,Humira (Adalimumab),Delhi,Bangalore ,Delhivery,1,05/01/2025 00:00,2025-01-07 00:00:00
SHP-84745,COVID-19 mRNA Vaccine,Bangalore,Delhi ,Delhivery,0,2025-06-28 00:00:00,2025-06-28 20:00:00
SHP-65868,Amoxicillin,Delhi,Bangalore,FedEx,0,2025-04-04 00:00:00,2025-04-04 18:00:00
SHP-18268,COVID-19 mRNA Vaccine,Delhi,Chennai ,BlueDart,0,11/02/2025 00:00,2025-02-12 19:00:00
SHP-73003,Insulin Glargine,Chennai,Chennai,Delhivery,0,2025-04-07 00:00:00,2025-04-07 13:00:00
SHP-69756,COVID-19 mRNA Vaccine,Delhi,Bangalore,DHL,0,19/12/2025 00:00,2025-12-20 20:00:00
SHP-95332,Insulin Glargine,Delhi,Delhi ,FedEx,0,2025-01-12 00:00:00,2025-01-14 00:00:00
SHP-61802,COVID-19 mRNA Vaccine,Mumbai,Hyderabad ,Shadowfax,0,2025-06-25 00:00:00,2025-06-25 21:00:00
SHP-79152,Amoxicillin,Hyderabad,Mumbai,FedEx,0,2025-09-27 00:00:00,2025-09-29 18:00:00
SHP-38287,Amoxicillin,Chennai,Hyderabad,BlueDart,0,2025-08-09 00:00:00,2025-08-10 04:00:00
SHP-29066,Insulin Glargine,Chennai,Mumbai,FedEx,0,2025-06-26 00:00:00,2025-06-28 00:00:00
SHP-66348,Humira (Adalimumab),Chennai,Mumbai,Shadowfax,0,18/08/2025 00:00,2025-08-19 13:00:00
SHP-56351,Insulin Glargine,Mumbai,delhi ,DHL,0,30/04/2025 00:00,2025-05-01 21:00:00
SHP-87206,Insulin Glargine,Delhi,Bangalore ,Shadowfax,0,2025-08-20 00:00:00,2025-08-21 23:00:00
SHP-45238,COVID-19 mRNA Vaccine,Hyderabad,Hyderabad ,FedEx,0,2025-09-20 00:00:00,2025-09-21 23:00:00
SHP-17970,COVID-19 mRNA Vaccine,Bangalore,Bangalore,Shadowfax,0,2025-06-27 00:00:00,2025-06-27 21:00:00
SHP-86691,Insulin Glargine,Delhi,chennai,FedEx,1,2025-09-21 00:00:00,2025-09-21 19:00:00
SHP-18078,Amoxicillin,Mumbai,Delhi ,DHL,0,2025-08-04 00:00:00,2025-08-06 16:00:00
SHP-30080,COVID-19 mRNA Vaccine,Delhi,Delhi,DHL,0,2025-10-18 00:00:00,2025-10-19 09:00:00
SHP-53652,Humira (Adalimumab),Delhi,chennai,BlueDart,0,28/07/2025 00:00,2025-07-30 11:00:00
SHP-55293,COVID-19 mRNA Vaccine,Mumbai,Hyderabad,,0,2025-09-01 00:00:00,2025-09-03 04:00:00
SHP-23162,COVID-19 mRNA Vaccine,Chennai,Chennai,Delhivery,0,2025-01-10 00:00:00,2025-01-11 02:00:00
SHP-91746,Humira (Adalimumab),Chennai,Hyderabad,Shadowfax,0,2025-07-08 00:00:00,2025-07-09 20:00:00
SHP-76755,Insulin Glargine,Hyderabad,Mumbai,Shadowfax,0,2025-01-24 00:00:00,2025-01-26 08:00:00
SHP-66579,Humira (Adalimumab),Hyderabad,Delhi,FedEx,0,2025-08-30 00:00:00,2025-09-01 20:00:00
SHP-12059,Insulin Glargine,Chennai,Hyderabad,DHL,0,2025-10-03 00:00:00,2025-10-05 14:00:00
SHP-84528,Insulin Glargine,Bangalore,Bangalore,BlueDart,0,2025-09-10 00:00:00,2025-09-11 21:00:00
SHP-92678,Insulin Glargine,Delhi,Bangalore,BlueDart,0,17/05/2025 00:00,2025-05-18 20:00:00
SHP-98652,Humira (Adalimumab),Bangalore,Delhi,BlueDart,0,2025-06-12 00:00:00,2025-06-13 04:00:00
SHP-30819,Insulin Glargine,Delhi,Chennai,Delhivery,0,2025-12-05 00:00:00,2025-12-07 10:00:00
SHP-81181,Amoxicillin,Chennai,Chennai,DHL,0,2025-08-10 00:00:00,2025-08-12 12:00:00
SHP-42679,Humira (Adalimumab),Hyderabad,Hyderabad,BlueDart,0,2025-10-15 00:00:00,2025-10-17 08:00:00
SHP-60297,Amoxicillin,Hyderabad,Chennai,Delhivery,0,10/08/2025 00:00,2025-08-12 20:00:00
SHP-33446,Insulin Glargine,Bangalore,Delhi,Shadowfax,0,24/10/2025 00:00,2025-10-26 21:00:00
SHP-37914,COVID-19 mRNA Vaccine,Hyderabad,Hyderabad ,FedEx,0,2025-10-19 00:00:00,2025-10-21 12:00:00
SHP-74333,Insulin Glargine,Chennai,Mumbai,DHL,0,2025-10-19 00:00:00,2025-10-20 20:00:00
SHP-39423,Amoxicillin,Bangalore,Chennai,,0,04/12/2025 00:00,2025-12-04 14:00:00
SHP-18428,Amoxicillin,Delhi,Chennai,Shadowfax,0,2025-12-23 00:00:00,2025-12-24 14:00:00
SHP-65738,Humira (Adalimumab),Hyderabad,Hyderabad ,DHL,0,2025-07-11 00:00:00,2025-07-13 06:00:00
SHP-13862,COVID-19 mRNA Vaccine,Mumbai,bangalore,DHL,0,2025-11-25 00:00:00,2025-11-27 09:00:00
SHP-54310,Humira (Adalimumab),Hyderabad,Chennai,DHL,0,2025-07-30 00:00:00,2025-08-01 17:00:00
SHP-56328,Amoxicillin,Delhi,Delhi ,DHL,0,2025-03-29 00:00:00,2025-03-31 00:00:00
SHP-55886,Insulin Glargine,Bangalore,Chennai,Delhivery,0,2025-05-29 00:00:00,2025-05-30 22:00:00
SHP-36323,COVID-19 mRNA Vaccine,Delhi,Mumbai ,Delhivery,0,2025-11-08 00:00:00,2025-11-08 19:00:00
SHP-78980,Insulin Glargine,Mumbai,chennai,FedEx,0,2025-12-03 00:00:00,2025-12-05 03:00:00
SHP-16254,Insulin Glargine,Chennai,Bangalore,DHL,0,2025-07-29 00:00:00,2025-07-31 20:00:00
SHP-71371,COVID-19 mRNA Vaccine,Hyderabad,Chennai ,Shadowfax,0,27/02/2025 00:00,2025-02-28 16:00:00
SHP-71590,Humira (Adalimumab),Bangalore,Hyderabad,BlueDart,0,01/10/2025 00:00,2025-10-02 07:00:00
SHP-45955,Insulin Glargine,Chennai,Chennai,FedEx,1,2025-09-21 00:00:00,2025-09-23 15:00:00
SHP-52624,Amoxicillin,Delhi,Bangalore,BlueDart,1,2025-11-24 00:00:00,2025-11-26 23:00:00
SHP-61105,Insulin Glargine,Bangalore,Hyderabad ,BlueDart,0,2025-04-20 00:00:00,2025-04-21 21:00:00
SHP-79957,COVID-19 mRNA Vaccine,Chennai,delhi,DHL,0,25/01/2025 00:00,2025-01-27 00:00:00
SHP-31403,COVID-19 mRNA Vaccine,Bangalore,Hyderabad,Shadowfax,0,27/07/2025 00:00,2025-07-29 01:00:00
SHP-43478,COVID-19 mRNA Vaccine,Mumbai,mumbai,BlueDart,0,2025-11-12 00:00:00,2025-11-14 11:00:00
SHP-56119,Humira (Adalimumab),Mumbai,Hyderabad ,BlueDart,0,2025-07-01 00:00:00,2025-07-01 22:00:00
SHP-48383,Insulin Glargine,Hyderabad,Delhi,FedEx,0,2025-02-15 00:00:00,2025-02-17 10:00:00
SHP-45754,Humira (Adalimumab),Hyderabad,chennai,Shadowfax,0,2025-12-22 00:00:00,2025-12-24 08:00:00
SHP-62593,Humira (Adalimumab),Mumbai,Hyderabad ,Shadowfax,0,2025-06-08 00:00:00,2025-06-10 17:00:00
SHP-46977,COVID-19 mRNA Vaccine,Bangalore,Hyderabad,BlueDart,0,2025-12-14 00:00:00,2025-12-15 10:00:00
SHP-23853,COVID-19 mRNA Vaccine,Mumbai,Hyderabad,Shadowfax,0,2025-11-05 00:00:00,2025-11-07 01:00:00
SHP-59737,Humira (Adalimumab),Hyderabad,Hyderabad,FedEx,0,2025-01-03 00:00:00,2025-01-05 12:00:00
SHP-66840,Insulin Glargine,Mumbai,Delhi,FedEx,0,2025-05-26 00:00:00,2025-05-27 09:00:00
SHP-60875,Amoxicillin,Mumbai,Bangalore,FedEx,0,2025-12-31 00:00:00,2025-12-31 22:00:00
SHP-62499,Humira (Adalimumab),Bangalore,Bangalore,DHL,0,2025-04-25 00:00:00,2025-04-27 19:00:00
SHP-65260,Insulin Glargine,Chennai,Hyderabad,BlueDart,0,2025-11-12 00:00:00,2025-11-12 22:00:00
SHP-90145,COVID-19 mRNA Vaccine,Hyderabad,Delhi,Shadowfax,0,30/10/2025 00:00,2025-10-30 15:00:00
SHP-95072,COVID-19 mRNA Vaccine,Bangalore,Delhi ,FedEx,1,2025-08-30 00:00:00,2025-08-31 23:00:00
SHP-55624,Insulin Glargine,Mumbai,Hyderabad ,BlueDart,0,2025-09-02 00:00:00,2025-09-03 14:00:00
SHP-19150,Amoxicillin,Mumbai,Mumbai,BlueDart,0,2025-08-14 00:00:00,2025-08-16 18:00:00
SHP-63574,COVID-19 mRNA Vaccine,Chennai,Hyderabad,DHL,1,2025-02-28 00:00:00,2025-02-28 22:00:00
SHP-40858,COVID-19 mRNA Vaccine,Hyderabad,Mumbai,Shadowfax,0,18/09/2025 00:00,2025-09-19 07:00:00
SHP-52965,COVID-19 mRNA Vaccine,Hyderabad,Hyderabad,Shadowfax,0,2025-05-19 00:00:00,2025-05-21 16:00:00
SHP-43157,Insulin Glargine,Delhi,Mumbai,,0,2025-09-12 00:00:00,2025-09-12 21:00:00
SHP-42340,Humira (Adalimumab),Hyderabad,Mumbai ,FedEx,0,2025-07-27 00:00:00,2025-07-29 15:00:00
SHP-25380,COVID-19 mRNA Vaccine,Chennai,Hyderabad,BlueDart,0,2025-08-08 00:00:00,2025-08-08 22:00:00
SHP-30719,Humira (Adalimumab),Delhi,Mumbai ,Shadowfax,0,2025-06-22 00:00:00,2025-06-22 22:00:00
SHP-54544,Amoxicillin,Delhi,Chennai,Shadowfax,0,2025-03-17 00:00:00,2025-03-18 11:00:00
SHP-22358,COVID-19 mRNA Vaccine,Mumbai,Bangalore,FedEx,0,2025-03-27 00:00:00,2025-03-27 22:00:00
SHP-92683,COVID-19 mRNA Vaccine,Mumbai,delhi,Delhivery,0,2025-09-18 00:00:00,2025-09-19 17:00:00
SHP-99199,Amoxicillin,Hyderabad,Mumbai,BlueDart,0,2025-12-11 00:00:00,2025-12-11 20:00:00
SHP-27014,COVID-19 mRNA Vaccine,Delhi,Mumbai ,Shadowfax,0,2025-11-21 00:00:00,2025-11-23 02:00:00
SHP-56525,Humira (Adalimumab),Mumbai,Delhi,DHL,0,2025-01-27 00:00:00,2025-01-29 13:00:00
SHP-85901,Insulin Glargine,Chennai,Mumbai,DHL,0,2025-03-19 00:00:00,2025-03-19 15:00:00
SHP-75373,Humira (Adalimumab),Mumbai,Delhi,Delhivery,0,2025-12-12 00:00:00,2025-12-13 04:00:00
SHP-37756,Insulin Glargine,Mumbai,hyderabad,FedEx,0,01/02/2025 00:00,2025-02-02 15:00:00
SHP-45842,Insulin Glargine,Delhi,Chennai,FedEx,0,14/05/2025 00:00,2025-05-15 22:00:00
SHP-82096,Humira (Adalimumab),Delhi,Chennai,FedEx,0,2025-03-08 00:00:00,2025-03-10 17:00:00
SHP-57774,Humira (Adalimumab),Bangalore,Bangalore,DHL,0,2025-10-27 00:00:00,2025-10-28 00:00:00
SHP-89046,Humira (Adalimumab),Chennai,Mumbai,FedEx,0,2025-05-12 00:00:00,2025-05-14 02:00:00
SHP-53214,Humira (Adalimumab),Delhi,Bangalore,DHL,0,2025-04-11 00:00:00,2025-04-13 07:00:00
SHP-59478,Amoxicillin,Hyderabad,hyderabad,Delhivery,0,16/10/2025 00:00,2025-10-17 09:00:00
SHP-51219,COVID-19 mRNA Vaccine,Chennai,chennai,BlueDart,0,2025-10-04 00:00:00,2025-10-04 18:00:00
SHP-82454,Insulin Glargine,Chennai,Hyderabad,Shadowfax,0,2025-06-24 00:00:00,2025-06-26 08:00:00
SHP-69954,Humira (Adalimumab),Delhi,Hyderabad,Delhivery,0,2025-06-10 00:00:00,2025-06-11 21:00:00
SHP-28027,Humira (Adalimumab),Chennai,mumbai,DHL,0,2025-07-13 00:00:00,2025-07-14 07:00:00
SHP-89660,Humira (Adalimumab),Delhi,Hyderabad,Delhivery,0,2025-09-12 00:00:00,2025-09-14 11:00:00
SHP-58116,Amoxicillin,Mumbai,chennai,Shadowfax,0,2025-04-13 00:00:00,2025-04-13 22:00:00
SHP-42358,Humira (Adalimumab),Bangalore,Bangalore,BlueDart,0,2025-11-13 00:00:00,2025-11-14 16:00:00
SHP-28161,Humira (Adalimumab),Mumbai,Chennai ,Shadowfax,0,2025-11-29 00:00:00,2025-12-01 15:00:00
SHP-95526,Humira (Adalimumab),Delhi,mumbai,DHL,0,24/08/2025 00:00,2025-08-26 20:00:00
SHP-12015,COVID-19 mRNA Vaccine,Delhi,Chennai,Shadowfax,0,2025-01-16 00:00:00,2025-01-17 13:00:00
SHP-16041,Amoxicillin,Mumbai,Delhi,Delhivery,0,2025-10-24 00:00:00,2025-10-26 04:00:00
SHP-10183,Humira (Adalimumab),Hyderabad,Bangalore,FedEx,0,10/07/2025 00:00,2025-07-11 03:00:00
SHP-20862,Insulin Glargine,Hyderabad,Delhi,Delhivery,0,2025-11-27 00:00:00,2025-11-27 22:00:00
SHP-28398,Insulin Glargine,Hyderabad,Delhi,DHL,0,2025-09-22 00:00:00,2025-09-24 01:00:00
SHP-77032,Insulin Glargine,Delhi,Mumbai ,BlueDart,1,2025-10-09 00:00:00,2025-10-12 00:00:00
SHP-48258,Amoxicillin,Chennai,Hyderabad ,Shadowfax,0,2025-03-16 00:00:00,2025-03-17 16:00:00
SHP-92523,Amoxicillin,Delhi,delhi,BlueDart,0,2025-12-15 00:00:00,2025-12-17 16:00:00
SHP-29474,Insulin Glargine,Chennai,Chennai ,DHL,0,2025-05-12 00:00:00,2025-05-14 11:00:00
SHP-14717,Humira (Adalimumab),Mumbai,Hyderabad,Shadowfax,0,2025-03-10 00:00:00,2025-03-12 22:00:00
SHP-98029,Amoxicillin,Bangalore,Chennai,Delhivery,0,2025-01-30 00:00:00,2025-02-01 01:00:00
SHP-28425,Insulin Glargine,Chennai,Chennai,Delhivery,0,2025-06-13 00:00:00,2025-06-14 04:00:00
SHP-71663,Insulin Glargine,Hyderabad,Hyderabad,DHL,0,2025-12-24 00:00:00,2025-12-26 23:00:00
SHP-82453,Humira (Adalimumab),Delhi,hyderabad ,Shadowfax,0,2025-04-13 00:00:00,2025-04-13 18:00:00
SHP-15171,COVID-19 mRNA Vaccine,Mumbai,Chennai,Delhivery,0,2025-08-06 00:00:00,2025-08-07 14:00:00
SHP-30816,Amoxicillin,Hyderabad,Mumbai,DHL,1,2025-11-21 00:00:00,2025-11-23 13:00:00
SHP-18725,Humira (Adalimumab),Mumbai,Bangalore,DHL,0,2025-04-27 00:00:00,2025-04-29 12:00:00
SHP-49083,Insulin Glargine,Bangalore,Bangalore,BlueDart,0,2025-05-12 00:00:00,2025-05-13 08:00:00
SHP-19341,Insulin Glargine,Delhi,Mumbai,Delhivery,0,2025-02-01 00:00:00,2025-02-02 18:00:00
SHP-55531,Humira (Adalimumab),Delhi,Hyderabad ,Shadowfax,0,2025-06-18 00:00:00,2025-06-19 10:00:00
SHP-16993,Amoxicillin,Bangalore,Chennai,Delhivery,0,2025-09-22 00:00:00,2025-09-24 11:00:00
SHP-98589,COVID-19 mRNA Vaccine,Delhi,Bangalore,Delhivery,0,2025-03-15 00:00:00,2025-03-16 11:00:00
SHP-24185,COVID-19 mRNA Vaccine,Chennai,Chennai,Delhivery,0,2025-06-05 00:00:00,2025-06-05 17:00:00
SHP-35234,Insulin Glargine,Mumbai,Mumbai,DHL,0,2025-12-05 00:00:00,2025-12-06 05:00:00
SHP-29492,Amoxicillin,Hyderabad,Chennai ,FedEx,0,2025-09-28 00:00:00,2025-09-30 14:00:00
SHP-67074,COVID-19 mRNA Vaccine,Bangalore,Mumbai,,0,2025-01-28 00:00:00,2025-01-29 05:00:00
SHP-57501,Amoxicillin,Chennai,Hyderabad,BlueDart,1,18/07/2025 00:00,2025-07-20 05:00:00
SHP-80494,Amoxicillin,Hyderabad,Mumbai,Delhivery,0,2025-08-01 00:00:00,2025-08-02 16:00:00
SHP-16160,Insulin Glargine,Hyderabad,mumbai,FedEx,0,2025-01-08 00:00:00,2025-01-08 21:00:00
SHP-99344,COVID-19 mRNA Vaccine,Bangalore,Bangalore,BlueDart,0,02/03/2025 00:00,2025-03-03 17:00:00
SHP-33837,Humira (Adalimumab),Chennai,Chennai,DHL,0,2025-04-08 00:00:00,2025-04-10 05:00:00
SHP-47054,Insulin Glargine,Hyderabad,Bangalore,Delhivery,0,2025-11-02 00:00:00,2025-11-04 09:00:00
SHP-91979,COVID-19 mRNA Vaccine,Hyderabad,Delhi,Shadowfax,0,2025-12-07 00:00:00,2025-12-09 01:00:00
SHP-16726,COVID-19 mRNA Vaccine,Chennai,Mumbai ,,0,2025-06-29 00:00:00,2025-07-01 01:00:00
SHP-39235,COVID-19 mRNA Vaccine,Delhi,Delhi,,0,2025-11-30 00:00:00,2025-12-01 04:00:00
SHP-52561,COVID-19 mRNA Vaccine,Hyderabad,Bangalore ,DHL,0,2025-10-25 00:00:00,2025-10-27 02:00:00
SHP-65559,COVID-19 mRNA Vaccine,Mumbai,Chennai,Shadowfax,1,2025-10-25 00:00:00,2025-10-27 09:00:00
SHP-89426,Amoxicillin,Chennai,Bangalore ,DHL,0,2025-09-26 00:00:00,2025-09-27 16:00:00
SHP-68776,Insulin Glargine,Hyderabad,Chennai ,,0,2025-11-30 00:00:00,2025-12-01 14:00:00
SHP-75414,Amoxicillin,Bangalore,Chennai,,0,2025-05-03 00:00:00,2025-05-05 01:00:00
SHP-78831,Humira (Adalimumab),Mumbai,Hyderabad ,Shadowfax,0,2025-10-12 00:00:00,2025-10-14 21:00:00
SHP-19602,COVID-19 mRNA Vaccine,Hyderabad,Mumbai ,DHL,0,2025-02-13 00:00:00,2025-02-15 14:00:00
SHP-43592,Insulin Glargine,Mumbai,Bangalore,Shadowfax,0,2025-10-31 00:00:00,2025-11-02 02:00:00
SHP-66938,COVID-19 mRNA Vaccine,Mumbai,Chennai,DHL,0,2025-05-21 00:00:00,2025-05-22 01:00:00
SHP-29000,Insulin Glargine,Delhi,Bangalore ,Delhivery,0,2025-06-10 00:00:00,2025-06-11 09:00:00
SHP-40258,Amoxicillin,Mumbai,Bangalore ,Shadowfax,0,2025-02-08 00:00:00,2025-02-09 14:00:00
SHP-47403,Insulin Glargine,Delhi,Chennai,DHL,0,2025-08-29 00:00:00,2025-08-30 03:00:00
SHP-92516,Humira (Adalimumab),Chennai,Delhi,Delhivery,0,2025-01-04 00:00:00,2025-01-04 16:00:00
SHP-96678,Humira (Adalimumab),Delhi,Mumbai,Shadowfax,0,2025-05-27 00:00:00,2025-05-27 12:00:00
SHP-60145,Insulin Glargine,Bangalore,Mumbai ,Delhivery,0,2025-04-05 00:00:00,2025-04-06 13:00:00
SHP-79596,Insulin Glargine,Hyderabad,Hyderabad,Shadowfax,0,2025-05-23 00:00:00,2025-05-24 05:00:00
SHP-26097,Insulin Glargine,Chennai,Hyderabad,BlueDart,0,2025-01-08 00:00:00,2025-01-08 15:00:00
SHP-95499,Insulin Glargine,Chennai,Hyderabad ,BlueDart,0,27/09/2025 00:00,2025-09-28 11:00:00
SHP-88574,Humira (Adalimumab),Bangalore,Mumbai,DHL,0,2025-02-07 00:00:00,2025-02-08 04:00:00
SHP-14710,COVID-19 mRNA Vaccine,Delhi,Delhi,FedEx,1,2025-03-22 00:00:00,2025-03-23 18:00:00
SHP-59550,Insulin Glargine,Hyderabad,Mumbai,,0,2025-12-19 00:00:00,2025-12-20 08:00:00
SHP-51499,Insulin Glargine,Delhi,Mumbai,FedEx,0,2025-12-01 00:00:00,2025-12-03 04:00:00
SHP-12341,Humira (Adalimumab),Mumbai,Mumbai,Delhivery,0,26/04/2025 00:00,2025-04-27 12:00:00
SHP-93709,Humira (Adalimumab),Delhi,Mumbai,Delhivery,0,2025-04-30 00:00:00,2025-05-01 17:00:00
SHP-11772,Amoxicillin,Chennai,Delhi,FedEx,0,2025-02-20 00:00:00,2025-02-20 21:00:00
SHP-70585,Insulin Glargine,Hyderabad,Hyderabad,DHL,0,2025-12-03 00:00:00,2025-12-03 21:00:00
SHP-66241,Amoxicillin,Delhi,Bangalore,,0,15/12/2025 00:00,2025-12-16 10:00:00
SHP-61069,Humira (Adalimumab),Hyderabad,Hyderabad ,FedEx,0,2025-04-03 00:00:00,2025-04-05 11:00:00
SHP-90232,Humira (Adalimumab),Hyderabad,Hyderabad,FedEx,0,2025-03-03 00:00:00,2025-03-04 20:00:00
SHP-46583,COVID-19 mRNA Vaccine,Mumbai,Bangalore,FedEx,0,2025-12-10 00:00:00,2025-12-12 16:00:00
SHP-91028,Insulin Glargine,Mumbai,mumbai,FedEx,0,31/03/2025 00:00,2025-03-31 12:00:00
SHP-40718,Amoxicillin,Chennai,Delhi,FedEx,0,2025-10-22 00:00:00,2025-10-23 06:00:00
SHP-69370,Humira (Adalimumab),Bangalore,Delhi ,DHL,0,2025-03-14 00:00:00,2025-03-17 00:00:00
SHP-87572,Humira (Adalimumab),Hyderabad,Hyderabad ,BlueDart,0,2025-06-25 00:00:00,2025-06-25 22:00:00
SHP-98500,Amoxicillin,Bangalore,Bangalore,Shadowfax,0,05/02/2025 00:00,2025-02-06 07:00:00
SHP-46155,COVID-19 mRNA Vaccine,Chennai,Chennai,BlueDart,0,2025-03-05 00:00:00,2025-03-06 03:00:00
SHP-16159,Humira (Adalimumab),Hyderabad,Mumbai,FedEx,0,2025-04-16 00:00:00,2025-04-18 11:00:00
SHP-84046,Insulin Glargine,Hyderabad,Hyderabad ,,0,2025-01-29 00:00:00,2025-01-29 12:00:00
SHP-84111,Humira (Adalimumab),Bangalore,Delhi ,DHL,0,2025-04-14 00:00:00,2025-04-14 23:00:00
SHP-21191,Insulin Glargine,Delhi,Bangalore,Delhivery,0,2025-10-20 00:00:00,2025-10-20 22:00:00
SHP-57242,Amoxicillin,Mumbai,bangalore,BlueDart,0,2025-06-11 00:00:00,2025-06-12 22:00:00
SHP-91476,Insulin Glargine,Delhi,Hyderabad,Shadowfax,0,2025-06-06 00:00:00,2025-06-08 00:00:00
SHP-78736,Amoxicillin,Bangalore,Chennai,DHL,0,29/04/2025 00:00,2025-05-01 13:00:00
SHP-65130,Insulin Glargine,Mumbai,Delhi,Delhivery,0,2025-10-02 00:00:00,2025-10-02 19:00:00
SHP-20207,Amoxicillin,Delhi,Hyderabad,,0,2025-11-14 00:00:00,2025-11-15 01:00:00
SHP-36505,Insulin Glargine,Mumbai,Chennai,FedEx,0,2025-11-07 00:00:00,2025-11-08 08:00:00
SHP-80993,COVID-19 mRNA Vaccine,Hyderabad,Bangalore,Delhivery,0,2025-07-13 00:00:00,2025-07-15 07:00:00
SHP-92853,Insulin Glargine,Delhi,Mumbai,Shadowfax,0,2025-01-19 00:00:00,2025-01-21 04:00:00
SHP-20356,Insulin Glargine,Mumbai,Delhi ,Delhivery,0,2025-04-20 00:00:00,2025-04-20 19:00:00
SHP-72385,COVID-19 mRNA Vaccine,Mumbai,Delhi,Shadowfax,0,2025-11-28 00:00:00,2025-11-29 10:00:00
SHP-15719,Humira (Adalimumab),Mumbai,Chennai ,FedEx,0,20/11/2025 00:00,2025-11-21 02:00:00
SHP-39375,Humira (Adalimumab),Delhi,Hyderabad ,Shadowfax,0,2025-01-18 00:00:00,2025-01-20 22:00:00
SHP-96016,Insulin Glargine,Chennai,Bangalore,DHL,0,2025-05-25 00:00:00,2025-05-27 00:00:00
SHP-48036,COVID-19 mRNA Vaccine,Delhi,Chennai,BlueDart,0,2025-08-26 00:00:00,2025-08-28 06:00:00
SHP-65059,Insulin Glargine,Bangalore,Mumbai,DHL,0,2025-10-20 00:00:00,2025-10-20 14:00:00
SHP-90593,Amoxicillin,Delhi,mumbai,DHL,0,2025-01-08 00:00:00,2025-01-10 17:00:00
SHP-94382,Amoxicillin,Mumbai,Mumbai,Delhivery,0,2025-09-24 00:00:00,2025-09-26 17:00:00
SHP-45859,Insulin Glargine,Hyderabad,Chennai,FedEx,0,2025-10-08 00:00:00,2025-10-10 23:00:00
SHP-50070,Humira (Adalimumab),Delhi,Bangalore,BlueDart,0,2025-07-31 00:00:00,2025-08-02 02:00:00
SHP-85388,Humira (Adalimumab),Delhi,Delhi,Shadowfax,0,2025-07-29 00:00:00,2025-07-31 03:00:00
SHP-97342,Insulin Glargine,Mumbai,hyderabad,Delhivery,0,2025-10-07 00:00:00,2025-10-09 11:00:00
SHP-87271,Insulin Glargine,Hyderabad,Delhi ,FedEx,0,2025-10-02 00:00:00,2025-10-03 18:00:00
SHP-27782,Amoxicillin,Hyderabad,Bangalore,BlueDart,0,09/07/2025 00:00,2025-07-10 01:00:00
SHP-24965,Humira (Adalimumab),Bangalore,Delhi,DHL,0,2025-12-14 00:00:00,2025-12-15 02:00:00
SHP-51201,Insulin Glargine,Delhi,Chennai,FedEx,0,02/10/2025 00:00,2025-10-03 18:00:00
SHP-96588,Amoxicillin,Hyderabad,Mumbai ,FedEx,0,2025-04-12 00:00:00,2025-04-14 00:00:00
SHP-64629,Humira (Adalimumab),Hyderabad,Bangalore,FedEx,0,2025-08-26 00:00:00,2025-08-27 09:00:00
SHP-11911,COVID-19 mRNA Vaccine,Chennai,Bangalore ,DHL,0,2025-08-21 00:00:00,2025-08-21 23:00:00
SHP-46371,Amoxicillin,Chennai,Delhi,Shadowfax,0,2025-09-18 00:00:00,2025-09-20 21:00:00
SHP-90192,Humira (Adalimumab),Hyderabad,Chennai,Delhivery,0,2025-02-20 00:00:00,2025-02-22 07:00:00
SHP-66758,Humira (Adalimumab),Bangalore,Delhi ,Shadowfax,0,2025-02-05 00:00:00,2025-02-07 21:00:00
SHP-70321,Amoxicillin,Hyderabad,Delhi,BlueDart,0,2025-07-19 00:00:00,2025-07-19 22:00:00
SHP-18289,COVID-19 mRNA Vaccine,Mumbai,Bangalore,Delhivery,0,2025-08-31 00:00:00,2025-08-31 12:00:00
SHP-99760,Amoxicillin,Delhi,Delhi,,0,2025-01-26 00:00:00,2025-01-27 12:00:00
SHP-15147,Humira (Adalimumab),Bangalore,Mumbai,DHL,0,2025-12-02 00:00:00,2025-12-04 09:00:00
SHP-92260,Insulin Glargine,Mumbai,Delhi ,Shadowfax,1,2025-08-23 00:00:00,2025-08-24 07:00:00
SHP-96167,Insulin Glargine,Bangalore,Mumbai ,FedEx,0,2025-10-23 00:00:00,2025-10-24 09:00:00
SHP-61802,Amoxicillin,Mumbai,Bangalore ,Delhivery,0,27/03/2025 00:00,2025-03-27 23:00:00
SHP-54380,Humira (Adalimumab),Delhi,chennai,FedEx,0,12/10/2025 00:00,2025-10-12 12:00:00
SHP-56217,Insulin Glargine,Delhi,Mumbai ,BlueDart,0,2025-02-03 00:00:00,2025-02-03 13:00:00
SHP-37911,Humira (Adalimumab),Chennai,Chennai,FedEx,0,2025-10-11 00:00:00,2025-10-13 15:00:00
SHP-30945,Amoxicillin,Mumbai,Chennai,FedEx,0,22/06/2025 00:00,2025-06-23 13:00:00
SHP-32550,Insulin Glargine,Chennai,Mumbai,DHL,0,2025-07-24 00:00:00,2025-07-26 06:00:00
SHP-70399,Humira (Adalimumab),Mumbai,Bangalore,DHL,0,13/02/2025 00:00,2025-02-14 05:00:00
SHP-29546,Insulin Glargine,Chennai,Hyderabad,Shadowfax,0,2025-12-25 00:00:00,2025-12-26 02:00:00
SHP-25679,Amoxicillin,Delhi,Chennai ,BlueDart,0,2025-08-16 00:00:00,2025-08-16 22:00:00
SHP-46442,Humira (Adalimumab),Bangalore,chennai,DHL,0,2025-05-29 00:00:00,2025-05-31 05:00:00
SHP-16436,Insulin Glargine,Chennai,Bangalore,DHL,0,2025-06-27 00:00:00,2025-06-28 20:00:00
SHP-11860,Amoxicillin,Mumbai,Bangalore ,,0,2025-12-10 00:00:00,2025-12-11 07:00:00
SHP-12180,Insulin Glargine,Mumbai,Delhi,Delhivery,0,2025-05-15 00:00:00,2025-05-16 10:00:00
SHP-42441,Insulin Glargine,Delhi,Bangalore,Shadowfax,0,22/02/2025 00:00,2025-02-23 19:00:00
SHP-96440,COVID-19 mRNA Vaccine,Mumbai,Chennai ,FedEx,0,2025-04-28 00:00:00,2025-04-29 14:00:00
SHP-91617,COVID-19 mRNA Vaccine,Hyderabad,Mumbai,FedEx,0,2025-02-10 00:00:00,2025-02-12 17:00:00
SHP-84855,Amoxicillin,Bangalore,Hyderabad,DHL,0,2025-09-25 00:00:00,2025-09-27 21:00:00
SHP-21505,COVID-19 mRNA Vaccine,Chennai,Delhi,,0,13/02/2025 00:00,2025-02-14 03:00:00
SHP-41113,Amoxicillin,Bangalore,Mumbai,Shadowfax,0,2025-03-13 00:00:00,2025-03-14 19:00:00
SHP-29363,COVID-19 mRNA Vaccine,Delhi,Hyderabad,Shadowfax,0,2025-02-28 00:00:00,2025-03-02 14:00:00
SHP-98049,Insulin Glargine,Chennai,Hyderabad,BlueDart,0,2025-02-11 00:00:00,2025-02-13 01:00:00
SHP-48401,Amoxicillin,Chennai,Hyderabad,FedEx,0,2025-09-28 00:00:00,2025-09-29 09:00:00
SHP-91440,Amoxicillin,Hyderabad,Mumbai,Shadowfax,0,2025-09-26 00:00:00,2025-09-26 19:00:00
SHP-63698,Insulin Glargine,Delhi,Delhi,Delhivery,0,2025-05-01 00:00:00,2025-05-03 12:00:00
SHP-41284,Amoxicillin,Mumbai,Delhi,,0,29/06/2025 00:00,2025-06-29 18:00:00
SHP-84311,Amoxicillin,Hyderabad,Hyderabad,Shadowfax,0,2025-06-22 00:00:00,2025-06-24 15:00:00
SHP-80231,COVID-19 mRNA Vaccine,Hyderabad,Mumbai,DHL,0,2025-05-09 00:00:00,2025-05-11 07:00:00
SHP-26776,Amoxicillin,Bangalore,Hyderabad ,Shadowfax,0,11/07/2025 00:00,2025-07-12 00:00:00
SHP-92791,Humira (Adalimumab),Bangalore,bangalore,DHL,0,2025-01-22 00:00:00,2025-01-24 09:00:00
SHP-77608,Insulin Glargine,Bangalore,delhi,DHL,0,2025-08-21 00:00:00,2025-08-22 17:00:00
SHP-85137,COVID-19 mRNA Vaccine,Hyderabad,Chennai,,0,2025-01-07 00:00:00,2025-01-08 07:00:00
SHP-36054,COVID-19 mRNA Vaccine,Mumbai,Hyderabad ,,0,2025-06-03 00:00:00,2025-06-04 10:00:00
SHP-68743,Humira (Adalimumab),Chennai,Bangalore,Shadowfax,0,2025-10-15 00:00:00,2025-10-16 09:00:00
SHP-56535,Insulin Glargine,Bangalore,Delhi,Shadowfax,0,2025-05-01 00:00:00,2025-05-02 05:00:00
SHP-52821,Insulin Glargine,Mumbai,Mumbai,Delhivery,0,2025-09-02 00:00:00,2025-09-03 13:00:00
SHP-54455,COVID-19 mRNA Vaccine,Delhi,Delhi,BlueDart,0,2025-05-28 00:00:00,2025-05-30 03:00:00
SHP-88548,Amoxicillin,Bangalore,Mumbai,BlueDart,0,12/01/2025 00:00,2025-01-12 18:00:00
SHP-94589,COVID-19 mRNA Vaccine,Chennai,Mumbai,Shadowfax,0,2025-03-20 00:00:00,2025-03-20 13:00:00
SHP-81970,Insulin Glargine,Delhi,Hyderabad ,FedEx,0,2025-09-26 00:00:00,2025-09-27 11:00:00
SHP-12852,Humira (Adalimumab),Delhi,Hyderabad,Delhivery,0,20/04/2025 00:00,2025-04-21 14:00:00
SHP-53397,COVID-19 mRNA Vaccine,Chennai,Delhi,BlueDart,0,2025-09-08 00:00:00,2025-09-08 14:00:00
SHP-25857,Insulin Glargine,Bangalore,Bangalore ,Shadowfax,0,20/08/2025 00:00,2025-08-22 03:00:00
SHP-36208,COVID-19 mRNA Vaccine,Hyderabad,Delhi,FedEx,0,2025-10-03 00:00:00,2025-10-03 15:00:00
SHP-76880,Amoxicillin,Chennai,Chennai,FedEx,0,2025-06-20 00:00:00,2025-06-21 20:00:00
SHP-42249,COVID-19 mRNA Vaccine,Chennai,Mumbai,FedEx,0,2025-09-06 00:00:00,2025-09-06 22:00:00
SHP-87670,COVID-19 mRNA Vaccine,Chennai,Mumbai,DHL,1,05/11/2025 00:00,2025-11-07 06:00:00
SHP-89774,Insulin Glargine,Delhi,Hyderabad,FedEx,0,2025-02-08 00:00:00,2025-02-09 10:00:00
SHP-45941,Insulin Glargine,Mumbai,Bangalore,Shadowfax,0,2025-09-26 00:00:00,2025-09-28 11:00:00
SHP-29812,Insulin Glargine,Hyderabad,Hyderabad,Delhivery,0,2025-07-28 00:00:00,2025-07-30 12:00:00
SHP-59916,COVID-19 mRNA Vaccine,Bangalore,Chennai,Shadowfax,0,2025-01-31 00:00:00,2025-02-02 19:00:00
SHP-65495,Amoxicillin,Bangalore,Delhi,FedEx,0,2025-10-30 00:00:00,2025-11-01 07:00:00
SHP-42737,Humira (Adalimumab),Mumbai,Delhi,Delhivery,0,2025-11-01 00:00:00,2025-11-03 07:00:00
SHP-20865,Humira (Adalimumab),Chennai,Bangalore ,BlueDart,0,2025-01-02 00:00:00,2025-01-04 03:00:00
SHP-26131,Insulin Glargine,Hyderabad,Hyderabad,BlueDart,0,2025-04-08 00:00:00,2025-04-09 16:00:00
SHP-79763,Insulin Glargine,Bangalore,Hyderabad ,Shadowfax,0,2025-02-26 00:00:00,2025-02-28 10:00:00
SHP-73001,COVID-19 mRNA Vaccine,Bangalore,Chennai,Delhivery,0,2025-09-01 00:00:00,2025-09-01 12:00:00
SHP-19884,Humira (Adalimumab),Chennai,Delhi ,Shadowfax,0,2025-03-07 00:00:00,2025-03-07 15:00:00
SHP-75643,Insulin Glargine,Mumbai,Hyderabad,Delhivery,0,2025-07-17 00:00:00,2025-07-19 16:00:00
SHP-89072,Amoxicillin,Hyderabad,Bangalore,Delhivery,0,25/09/2025 00:00,2025-09-27 19:00:00
SHP-53541,Amoxicillin,Mumbai,Delhi ,Shadowfax,0,2025-10-31 00:00:00,2025-11-02 00:00:00
SHP-13990,Insulin Glargine,Mumbai,Chennai,Delhivery,0,2025-12-21 00:00:00,2025-12-23 01:00:00
SHP-73067,Insulin Glargine,Hyderabad,Bangalore ,FedEx,0,29/11/2025 00:00,2025-11-30 07:00:00
SHP-74532,Humira (Adalimumab),Hyderabad,Mumbai,Delhivery,0,2025-12-01 00:00:00,2025-12-03 14:00:00
SHP-15183,Humira (Adalimumab),Bangalore,Chennai ,Delhivery,0,2025-09-01 00:00:00,2025-09-02 22:00:00
SHP-26197,COVID-19 mRNA Vaccine,Bangalore,bangalore,,0,2025-06-29 00:00:00,2025-06-30 14:00:00
SHP-73388,Humira (Adalimumab),Hyderabad,Hyderabad ,BlueDart,0,19/12/2025 00:00,2025-12-21 17:00:00
SHP-65122,Amoxicillin,Delhi,Mumbai,DHL,1,28/09/2025 00:00,2025-09-29 11:00:00
SHP-43695,Amoxicillin,Bangalore,Chennai,Delhivery,0,2025-02-27 00:00:00,2025-03-01 02:00:00
SHP-81164,Insulin Glargine,Delhi,Hyderabad ,DHL,0,2025-04-04 00:00:00,2025-04-05 11:00:00
SHP-86418,Humira (Adalimumab),Hyderabad,Mumbai ,Delhivery,0,2025-08-12 00:00:00,2025-08-13 23:00:00
SHP-89885,COVID-19 mRNA Vaccine,Bangalore,delhi ,Shadowfax,0,2025-10-04 00:00:00,2025-10-06 21:00:00
SHP-40140,Amoxicillin,Mumbai,Hyderabad,Shadowfax,0,08/11/2025 00:00,2025-11-10 23:00:00
SHP-78109,Amoxicillin,Hyderabad,Bangalore,Delhivery,0,2025-11-12 00:00:00,2025-11-12 16:00:00
SHP-43334,COVID-19 mRNA Vaccine,Chennai,Chennai,Shadowfax,0,2025-02-21 00:00:00,2025-02-22 12:00:00
SHP-38254,COVID-19 mRNA Vaccine,Delhi,Mumbai,Shadowfax,0,2025-09-23 00:00:00,2025-09-23 22:00:00
SHP-33573,Amoxicillin,Hyderabad,Hyderabad ,Delhivery,0,2025-03-31 00:00:00,2025-04-02 07:00:00
SHP-58777,Amoxicillin,Hyderabad,Delhi,BlueDart,0,2025-07-26 00:00:00,2025-07-26 12:00:00
SHP-50474,COVID-19 mRNA Vaccine,Bangalore,Chennai,Delhivery,0,2025-02-06 00:00:00,2025-02-08 23:00:00
SHP-49141,Amoxicillin,Bangalore,Chennai ,BlueDart,0,2025-09-02 00:00:00,2025-09-04 21:00:00
SHP-44279,Insulin Glargine,Bangalore,Hyderabad,Shadowfax,0,2025-07-30 00:00:00,2025-07-30 15:00:00
SHP-50787,Insulin Glargine,Chennai,Delhi,BlueDart,0,2025-10-10 00:00:00,2025-10-12 00:00:00
SHP-41206,COVID-19 mRNA Vaccine,Bangalore,Mumbai,Shadowfax,0,2025-10-23 00:00:00,2025-10-23 12:00:00
SHP-48652,Humira (Adalimumab),Hyderabad,Hyderabad,BlueDart,0,19/10/2025 00:00,2025-10-21 05:00:00
SHP-62784,COVID-19 mRNA Vaccine,Bangalore,Mumbai,BlueDart,0,2025-10-30 00:00:00,2025-11-01 03:00:00
SHP-85311,COVID-19 mRNA Vaccine,Mumbai,Chennai ,Delhivery,0,2025-06-21 00:00:00,2025-06-23 07:00:00
SHP-77745,Humira (Adalimumab),Bangalore,mumbai,BlueDart,0,2025-11-30 00:00:00,2025-12-01 13:00:00
SHP-59442,Humira (Adalimumab),Chennai,Delhi ,Shadowfax,0,12/06/2025 00:00,2025-06-13 06:00:00
SHP-23818,Humira (Adalimumab),Mumbai,bangalore,Delhivery,0,2025-10-15 00:00:00,2025-10-17 15:00:00
SHP-27994,Insulin Glargine,Hyderabad,Delhi,BlueDart,0,2025-01-27 00:00:00,2025-01-29 11:00:00
SHP-61195,Amoxicillin,Hyderabad,Mumbai ,Delhivery,0,29/07/2025 00:00,2025-07-31 02:00:00
SHP-55890,Insulin Glargine,Delhi,hyderabad ,DHL,0,2025-11-27 00:00:00,2025-11-27 16:00:00
SHP-15022,Amoxicillin,Mumbai,Chennai,Delhivery,0,2025-02-13 00:00:00,2025-02-13 13:00:00
SHP-97657,Insulin Glargine,Delhi,Bangalore,DHL,1,11/04/2025 00:00,2025-04-12 06:00:00
SHP-61912,Amoxicillin,Mumbai,Hyderabad,DHL,0,2025-08-30 00:00:00,2025-08-31 13:00:00
SHP-10284,Insulin Glargine,Mumbai,Hyderabad ,Delhivery,0,19/07/2025 00:00,2025-07-20 11:00:00
SHP-23155,Humira (Adalimumab),Chennai,Delhi,Shadowfax,0,2025-10-10 00:00:00,2025-10-12 05:00:00
SHP-37370,COVID-19 mRNA Vaccine,Delhi,Mumbai,Shadowfax,0,2025-05-11 00:00:00,2025-05-11 22:00:00
SHP-15853,Insulin Glargine,Chennai,delhi,Shadowfax,0,2025-06-15 00:00:00,2025-06-17 21:00:00
SHP-79443,Amoxicillin,Mumbai,Mumbai,FedEx,0,2025-09-11 00:00:00,2025-09-12 20:00:00
SHP-44975,Humira (Adalimumab),Hyderabad,delhi ,DHL,0,2025-02-01 00:00:00,2025-02-03 22:00:00
SHP-75027,Insulin Glargine,Mumbai,Hyderabad,Delhivery,0,2025-10-09 00:00:00,2025-10-11 09:00:00
SHP-49497,Insulin Glargine,Chennai,Chennai,Shadowfax,0,2025-02-03 00:00:00,2025-02-05 02:00:00
SHP-80807,Humira (Adalimumab),Delhi,Mumbai,Shadowfax,0,2025-09-21 00:00:00,2025-09-21 12:00:00
SHP-38616,Insulin Glargine,Delhi,Bangalore,Delhivery,0,2025-08-27 00:00:00,2025-08-27 15:00:00
SHP-28218,COVID-19 mRNA Vaccine,Chennai,bangalore,DHL,0,2025-10-04 00:00:00,2025-10-06 11:00:00
SHP-71226,Insulin Glargine,Delhi,Hyderabad,Delhivery,0,2025-02-05 00:00:00,2025-02-06 01:00:00
SHP-32332,COVID-19 mRNA Vaccine,Bangalore,Delhi ,FedEx,0,2025-01-17 00:00:00,2025-01-18 18:00:00
SHP-66432,COVID-19 mRNA Vaccine,Hyderabad,Delhi ,FedEx,0,2025-11-16 00:00:00,2025-11-16 23:00:00
SHP-58046,Humira (Adalimumab),Hyderabad,Hyderabad,Delhivery,0,2025-06-15 00:00:00,2025-06-16 01:00:00
SHP-58693,Insulin Glargine,Hyderabad,Bangalore,DHL,0,2025-02-12 00:00:00,2025-02-13 03:00:00
SHP-26007,Humira (Adalimumab),Delhi,Bangalore,Shadowfax,0,22/09/2025 00:00,2025-09-22 18:00:00
SHP-15208,Insulin Glargine,Delhi,Delhi,FedEx,0,2025-07-28 00:00:00,2025-07-30 15:00:00
SHP-64144,Insulin Glargine,Mumbai,mumbai,FedEx,0,2025-09-25 00:00:00,2025-09-27 06:00:00
SHP-65219,Amoxicillin,Mumbai,Chennai,DHL,0,2025-03-08 00:00:00,2025-03-10 05:00:00
SHP-70619,Insulin Glargine,Hyderabad,Mumbai,FedEx,1,2025-10-03 00:00:00,2025-10-04 21:00:00
SHP-60783,Humira (Adalimumab),Bangalore,Bangalore,FedEx,0,2025-05-31 00:00:00,2025-06-02 05:00:00
SHP-71695,COVID-19 mRNA Vaccine,Mumbai,mumbai,,0,2025-01-19 00:00:00,2025-01-21 03:00:00
SHP-10637,Insulin Glargine,Mumbai,Chennai ,Delhivery,0,2025-10-10 00:00:00,2025-10-11 21:00:00
SHP-78986,Amoxicillin,Delhi,mumbai,Shadowfax,0,2025-05-20 00:00:00,2025-05-20 14:00:00
SHP-67652,Humira (Adalimumab),Bangalore,Mumbai,Shadowfax,0,2025-01-11 00:00:00,2025-01-13 10:00:00
SHP-48711,Insulin Glargine,Hyderabad,Mumbai,,0,02/07/2025 00:00,2025-07-04 00:00:00
SHP-50884,Humira (Adalimumab),Mumbai,Mumbai,Shadowfax,0,2025-03-20 00:00:00,2025-03-22 18:00:00
SHP-12455,Amoxicillin,Bangalore,Hyderabad,Delhivery,0,2025-08-01 00:00:00,2025-08-03 00:00:00
SHP-45388,Amoxicillin,Bangalore,Bangalore,FedEx,0,2025-11-18 00:00:00,2025-11-19 06:00:00
SHP-41932,Humira (Adalimumab),Hyderabad,chennai,Shadowfax,0,2025-09-17 00:00:00,2025-09-18 07:00:00
SHP-20691,Insulin Glargine,Bangalore,Bangalore,BlueDart,0,2025-05-30 00:00:00,2025-06-01 23:00:00
SHP-28841,COVID-19 mRNA Vaccine,Bangalore,Hyderabad,BlueDart,0,2025-12-19 00:00:00,2025-12-20 15:00:00
SHP-83403,Amoxicillin,Bangalore,Hyderabad,BlueDart,0,2025-11-26 00:00:00,2025-11-26 23:00:00
SHP-74088,Insulin Glargine,Mumbai,Hyderabad,BlueDart,0,12/11/2025 00:00,2025-11-14 00:00:00
SHP-31866,Insulin Glargine,Hyderabad,Hyderabad,BlueDart,0,2025-10-18 00:00:00,2025-10-19 00:00:00
SHP-37997,COVID-19 mRNA Vaccine,Bangalore,Mumbai ,FedEx,0,2025-12-01 00:00:00,2025-12-03 05:00:00
SHP-20449,Amoxicillin,Bangalore,Bangalore,DHL,0,2025-10-11 00:00:00,2025-10-13 22:00:00
SHP-82500,Amoxicillin,Mumbai,Delhi,DHL,0,2025-08-24 00:00:00,2025-08-25 11:00:00
SHP-55390,Insulin Glargine,Hyderabad,Chennai ,FedEx,0,2025-08-21 00:00:00,2025-08-23 17:00:00
SHP-79749,Insulin Glargine,Delhi,Hyderabad ,FedEx,0,2025-01-23 00:00:00,2025-01-24 11:00:00
SHP-52180,COVID-19 mRNA Vaccine,Mumbai,Bangalore,Delhivery,1,2026-01-01 00:00:00,2026-01-03 01:00:00
SHP-92656,COVID-19 mRNA Vaccine,Hyderabad,Hyderabad,DHL,0,2025-11-29 00:00:00,2025-11-29 21:00:00
SHP-52420,Amoxicillin,Bangalore,Hyderabad,BlueDart,0,30/10/2025 00:00,2025-10-31 03:00:00
SHP-73139,Humira (Adalimumab),Hyderabad,Hyderabad,FedEx,0,24/09/2025 00:00,2025-09-24 15:00:00
SHP-88987,Amoxicillin,Hyderabad,Hyderabad,BlueDart,0,11/02/2025 00:00,2025-02-13 17:00:00
SHP-53656,Insulin Glargine,Hyderabad,Hyderabad ,DHL,0,2025-09-23 00:00:00,2025-09-23 23:00:00
SHP-56862,Amoxicillin,Delhi,Chennai,Shadowfax,0,2025-05-19 00:00:00,2025-05-22 00:00:00
SHP-75646,Humira (Adalimumab),Hyderabad,Bangalore,Shadowfax,0,2025-09-16 00:00:00,2025-09-17 13:00:00
SHP-97676,COVID-19 mRNA Vaccine,Delhi,hyderabad,FedEx,0,2025-04-15 00:00:00,2025-04-17 23:00:00
SHP-52833,Humira (Adalimumab),Bangalore,Hyderabad,Delhivery,0,15/03/2025 00:00,2025-03-16 12:00:00
SHP-54991,Humira (Adalimumab),Delhi,Hyderabad,BlueDart,0,2025-09-02 00:00:00,2025-09-03 05:00:00
SHP-48144,Humira (Adalimumab),Bangalore,Hyderabad,FedEx,0,2025-06-16 00:00:00,2025-06-18 22:00:00
SHP-54207,COVID-19 mRNA Vaccine,Bangalore,Mumbai,Delhivery,0,2025-01-15 00:00:00,2025-01-16 11:00:00
SHP-40966,Humira (Adalimumab),Delhi,Mumbai,BlueDart,0,24/01/2025 00:00,2025-01-25 04:00:00
SHP-22249,Humira (Adalimumab),Mumbai,Delhi,DHL,0,2025-08-14 00:00:00,2025-08-14 14:00:00
SHP-75911,Humira (Adalimumab),Chennai,Hyderabad,Shadowfax,0,2025-12-26 00:00:00,2025-12-28 17:00:00
SHP-14444,Insulin Glargine,Hyderabad,Delhi ,Delhivery,0,2025-08-25 00:00:00,2025-08-26 19:00:00
SHP-15803,Humira (Adalimumab),Chennai,Chennai,BlueDart,0,2025-11-25 00:00:00,2025-11-27 11:00:00
SHP-48653,COVID-19 mRNA Vaccine,Hyderabad,Delhi,FedEx,0,2025-02-11 00:00:00,2025-02-12 09:00:00
SHP-46334,Humira (Adalimumab),Hyderabad,Bangalore ,BlueDart,0,2025-03-24 00:00:00,2025-03-26 12:00:00
SHP-61301,Humira (Adalimumab),Bangalore,Mumbai,FedEx,0,2025-03-01 00:00:00,2025-03-02 15:00:00
SHP-68645,COVID-19 mRNA Vaccine,Hyderabad,Mumbai,Shadowfax,0,2025-10-25 00:00:00,2025-10-27 00:00:00
SHP-25153,Humira (Adalimumab),Hyderabad,Hyderabad,Shadowfax,0,27/09/2025 00:00,2025-09-28 02:00:00
SHP-96292,COVID-19 mRNA Vaccine,Delhi,Hyderabad,BlueDart,0,2025-07-23 00:00:00,2025-07-24 10:00:00
SHP-91354,Humira (Adalimumab),Chennai,Chennai ,BlueDart,0,2025-06-07 00:00:00,2025-06-09 03:00:00
SHP-28559,COVID-19 mRNA Vaccine,Delhi,Chennai,FedEx,0,2025-07-05 00:00:00,2025-07-05 23:00:00
SHP-96321,Humira (Adalimumab),Hyderabad,Bangalore,FedEx,0,01/04/2025 00:00,2025-04-02 21:00:00
SHP-36143,Humira (Adalimumab),Bangalore,Hyderabad,Delhivery,0,2025-09-15 00:00:00,2025-09-18 00:00:00
SHP-88438,Insulin Glargine,Delhi,Hyderabad,Delhivery,0,17/09/2025 00:00,2025-09-18 13:00:00
SHP-22422,Insulin Glargine,Delhi,Chennai,Delhivery,0,2025-01-25 00:00:00,2025-01-26 13:00:00
SHP-75885,Humira (Adalimumab),Mumbai,Chennai,BlueDart,0,2025-04-25 00:00:00,2025-04-25 20:00:00
SHP-85541,Humira (Adalimumab),Hyderabad,Chennai,Delhivery,0,2025-10-10 00:00:00,2025-10-13 00:00:00
SHP-13601,Amoxicillin,Bangalore,Mumbai,BlueDart,0,2025-05-31 00:00:00,2025-06-02 05:00:00
SHP-72050,COVID-19 mRNA Vaccine,Delhi,Delhi,Shadowfax,0,2025-04-18 00:00:00,2025-04-21 00:00:00
SHP-28550,Amoxicillin,Delhi,delhi,DHL,0,2025-04-18 00:00:00,2025-04-20 09:00:00
SHP-59461,Insulin Glargine,Bangalore,Hyderabad,Shadowfax,0,2025-09-19 00:00:00,2025-09-21 05:00:00
SHP-53282,Insulin Glargine,Hyderabad,Mumbai,BlueDart,0,2025-08-29 00:00:00,2025-08-30 21:00:00
SHP-10334,Insulin Glargine,Mumbai,Chennai,,0,2025-10-30 00:00:00,2025-10-31 13:00:00
SHP-53414,Insulin Glargine,Delhi,Hyderabad,DHL,0,2025-04-26 00:00:00,2025-04-28 13:00:00
SHP-74702,Humira (Adalimumab),Mumbai,Mumbai,FedEx,0,27/04/2025 00:00,2025-04-29 00:00:00
SHP-52475,Insulin Glargine,Chennai,Bangalore,FedEx,0,2025-06-22 00:00:00,2025-06-22 22:00:00
SHP-94100,Humira (Adalimumab),Hyderabad,Mumbai,FedEx,0,2025-05-31 00:00:00,2025-06-02 08:00:00
SHP-93509,Humira (Adalimumab),Chennai,Hyderabad,Delhivery,0,03/06/2025 00:00,2025-06-05 06:00:00
SHP-88084,Insulin Glargine,Chennai,Delhi,FedEx,0,2025-03-08 00:00:00,2025-03-08 19:00:00
SHP-19060,Insulin Glargine,Chennai,Chennai,Delhivery,0,2025-10-25 00:00:00,2025-10-26 09:00:00
SHP-80708,COVID-19 mRNA Vaccine,Hyderabad,Bangalore,Delhivery,0,2025-01-26 00:00:00,2025-01-26 22:00:00
SHP-89779,Amoxicillin,Hyderabad,Mumbai,FedEx,0,2025-03-09 00:00:00,2025-03-10 23:00:00
SHP-39642,Insulin Glargine,Bangalore,Hyderabad,FedEx,0,2025-08-15 00:00:00,2025-08-16 04:00:00
SHP-54286,COVID-19 mRNA Vaccine,Mumbai,Hyderabad,DHL,0,2025-01-27 00:00:00,2025-01-27 20:00:00
SHP-45075,COVID-19 mRNA Vaccine,Mumbai,Chennai,DHL,0,10/12/2025 00:00,2025-12-11 22:00:00
SHP-35622,Amoxicillin,Bangalore,Hyderabad ,Delhivery,0,28/03/2025 00:00,2025-03-30 14:00:00
SHP-71779,Humira (Adalimumab),Bangalore,Hyderabad,DHL,0,2025-03-04 00:00:00,2025-03-06 05:00:00
SHP-57462,Insulin Glargine,Chennai,Chennai ,Delhivery,0,2025-10-19 00:00:00,2025-10-20 01:00:00
SHP-18953,Amoxicillin,Bangalore,Bangalore ,BlueDart,0,2025-04-10 00:00:00,2025-04-11 12:00:00
SHP-89169,Insulin Glargine,Delhi,Delhi ,Delhivery,0,2025-06-29 00:00:00,2025-06-29 18:00:00
SHP-49605,COVID-19 mRNA Vaccine,Mumbai,Delhi,Delhivery,0,2025-01-22 00:00:00,2025-01-23 23:00:00
SHP-76814,COVID-19 mRNA Vaccine,Bangalore,Mumbai ,DHL,0,02/12/2025 00:00,2025-12-04 06:00:00
SHP-29007,Humira (Adalimumab),Delhi,Bangalore,BlueDart,0,07/08/2025 00:00,2025-08-09 10:00:00
SHP-89996,COVID-19 mRNA Vaccine,Delhi,Mumbai,Shadowfax,0,03/01/2025 00:00,2025-01-04 02:00:00
SHP-20292,COVID-19 mRNA Vaccine,Delhi,Delhi,Shadowfax,1,2025-05-18 00:00:00,2025-05-19 18:00:00
SHP-20135,Amoxicillin,Delhi,Chennai ,Shadowfax,0,2025-11-08 00:00:00,2025-11-10 14:00:00
SHP-83095,Insulin Glargine,Chennai,Hyderabad ,BlueDart,0,2025-06-20 00:00:00,2025-06-22 06:00:00
SHP-52496,Insulin Glargine,Delhi,Delhi ,FedEx,0,2025-08-07 00:00:00,2025-08-07 17:00:00
SHP-96049,Amoxicillin,Chennai,Bangalore,BlueDart,0,2025-09-01 00:00:00,2025-09-01 23:00:00
SHP-48453,Humira (Adalimumab),Chennai,Delhi,DHL,0,2025-06-17 00:00:00,2025-06-19 11:00:00
SHP-33696,Insulin Glargine,Delhi,Bangalore ,Delhivery,0,2025-12-12 00:00:00,2025-12-13 18:00:00
SHP-80902,COVID-19 mRNA Vaccine,Mumbai,Bangalore ,Delhivery,0,2025-06-06 00:00:00,2025-06-08 08:00:00
SHP-35639,Insulin Glargine,Delhi,Bangalore,DHL,0,2025-03-04 00:00:00,2025-03-06 21:00:00
SHP-30752,COVID-19 mRNA Vaccine,Delhi,Mumbai,,0,16/04/2025 00:00,2025-04-16 22:00:00
SHP-20663,Humira (Adalimumab),Delhi,Chennai,Delhivery,0,2025-10-19 00:00:00,2025-10-20 11:00:00
SHP-13681,Amoxicillin,Mumbai,Delhi,FedEx,0,29/10/2025 00:00,2025-10-30 02:00:00
SHP-67910,Insulin Glargine,Hyderabad,chennai,FedEx,0,2025-02-23 00:00:00,2025-02-23 21:00:00
SHP-55076,Amoxicillin,Hyderabad,Hyderabad ,FedEx,0,2025-09-02 00:00:00,2025-09-04 03:00:00
SHP-63165,Insulin Glargine,Chennai,Delhi,DHL,0,2025-08-28 00:00:00,2025-08-30 20:00:00
SHP-94512,COVID-19 mRNA Vaccine,Chennai,Chennai,Delhivery,0,2025-11-28 00:00:00,2025-11-30 07:00:00
SHP-45366,Amoxicillin,Mumbai,Chennai,Delhivery,0,2025-08-17 00:00:00,2025-08-19 05:00:00
SHP-68912,Insulin Glargine,Bangalore,Hyderabad,Delhivery,0,18/07/2025 00:00,2025-07-18 20:00:00
SHP-30344,COVID-19 mRNA Vaccine,Hyderabad,Bangalore ,BlueDart,0,26/06/2025 00:00,2025-06-27 13:00:00
SHP-59119,Amoxicillin,Chennai,Delhi,BlueDart,0,2025-10-19 00:00:00,2025-10-20 22:00:00
SHP-48291,Amoxicillin,Hyderabad,Delhi,Shadowfax,0,2025-05-11 00:00:00,2025-05-12 07:00:00
SHP-30916,Insulin Glargine,Mumbai,hyderabad,BlueDart,1,01/01/2025 00:00,2025-01-03 17:00:00
SHP-69963,Insulin Glargine,Mumbai,Bangalore,FedEx,0,30/08/2025 00:00,2025-09-01 01:00:00
SHP-81384,Insulin Glargine,Bangalore,Delhi,FedEx,0,2025-12-26 00:00:00,2025-12-27 23:00:00
SHP-14449,COVID-19 mRNA Vaccine,Bangalore,Delhi ,FedEx,0,2025-10-22 00:00:00,2025-10-24 15:00:00
SHP-61155,Insulin Glargine,Mumbai,Delhi,FedEx,0,2025-05-14 00:00:00,2025-05-15 19:00:00
SHP-67391,Amoxicillin,Chennai,Bangalore,Shadowfax,0,2025-02-17 00:00:00,2025-02-18 14:00:00
SHP-69347,Amoxicillin,Hyderabad,Hyderabad,FedEx,0,2025-07-14 00:00:00,2025-07-14 17:00:00
SHP-75293,Insulin Glargine,Delhi,Delhi,DHL,0,2025-09-15 00:00:00,2025-09-15 21:00:00
SHP-24590,Insulin Glargine,Bangalore,Chennai,DHL,0,2025-12-24 00:00:00,2025-12-26 03:00:00
SHP-39407,Humira (Adalimumab),Delhi,Bangalore,DHL,0,2025-02-16 00:00:00,2025-02-18 18:00:00
SHP-25285,Amoxicillin,Chennai,Mumbai,BlueDart,0,2025-02-22 00:00:00,2025-02-24 12:00:00
SHP-98420,COVID-19 mRNA Vaccine,Bangalore,Hyderabad,Delhivery,0,2025-10-26 00:00:00,2025-10-28 13:00:00
SHP-61532,Humira (Adalimumab),Delhi,Chennai,Shadowfax,0,2025-07-10 00:00:00,2025-07-12 22:00:00
SHP-99624,Insulin Glargine,Chennai,Delhi ,DHL,0,2025-01-27 00:00:00,2025-01-29 11:00:00
SHP-93117,Insulin Glargine,Hyderabad,mumbai,DHL,0,2025-05-17 00:00:00,2025-05-19 18:00:00
SHP-89535,Amoxicillin,Chennai,Hyderabad,FedEx,0,23/04/2025 00:00,2025-04-24 22:00:00
SHP-66355,Insulin Glargine,Bangalore,Bangalore,DHL,0,2025-07-16 00:00:00,2025-07-18 09:00:00
SHP-27922,COVID-19 mRNA Vaccine,Mumbai,Mumbai,FedEx,1,2025-01-06 00:00:00,2025-01-07 01:00:00
SHP-97073,Amoxicillin,Hyderabad,Mumbai,FedEx,0,14/10/2025 00:00,2025-10-16 22:00:00
SHP-59415,Insulin Glargine,Delhi,Chennai ,Delhivery,0,2025-01-14 00:00:00,2025-01-16 18:00:00
SHP-75002,Amoxicillin,Bangalore,Hyderabad,BlueDart,0,2025-03-11 00:00:00,2025-03-13 11:00:00
SHP-45995,Insulin Glargine,Mumbai,Chennai,FedEx,0,15/02/2025 00:00,2025-02-17 03:00:00
SHP-19948,Insulin Glargine,Chennai,Chennai,FedEx,0,2025-10-30 00:00:00,2025-10-30 22:00:00
SHP-30539,Insulin Glargine,Mumbai,Delhi,,0,2025-02-27 00:00:00,2025-02-28 05:00:00
SHP-97034,COVID-19 mRNA Vaccine,Bangalore,Bangalore ,FedEx,0,2025-05-25 00:00:00,2025-05-25 12:00:00
SHP-11107,COVID-19 mRNA Vaccine,Bangalore,Mumbai,Shadowfax,0,08/01/2025 00:00,2025-01-09 21:00:00
SHP-18398,Amoxicillin,Mumbai,Hyderabad,BlueDart,0,2025-03-23 00:00:00,2025-03-25 16:00:00
SHP-43914,Insulin Glargine,Chennai,Bangalore,Shadowfax,0,2025-07-29 00:00:00,2025-07-30 23:00:00
SHP-94103,Insulin Glargine,Mumbai,Bangalore,DHL,0,2025-03-31 00:00:00,2025-04-01 20:00:00
SHP-33171,COVID-19 mRNA Vaccine,Bangalore,Hyderabad,BlueDart,0,2025-07-07 00:00:00,2025-07-09 03:00:00
SHP-37386,Insulin Glargine,Bangalore,Bangalore,DHL,0,2025-02-26 00:00:00,2025-02-28 06:00:00
SHP-13159,COVID-19 mRNA Vaccine,Delhi,Delhi,FedEx,1,2025-04-23 00:00:00,2025-04-24 08:00:00
SHP-70895,Insulin Glargine,Delhi,Bangalore,Delhivery,0,20/05/2025 00:00,2025-05-21 07:00:00
SHP-15112,Amoxicillin,Hyderabad,Delhi ,Shadowfax,0,03/04/2025 00:00,2025-04-05 07:00:00
SHP-16650,Insulin Glargine,Bangalore,Mumbai,DHL,0,2025-05-28 00:00:00,2025-05-30 04:00:00
SHP-45540,Insulin Glargine,Delhi,Mumbai,FedEx,0,2025-05-15 00:00:00,2025-05-16 09:00:00
SHP-59857,Humira (Adalimumab),Mumbai,Chennai ,,0,2025-03-27 00:00:00,2025-03-28 04:00:00
SHP-73082,COVID-19 mRNA Vaccine,Chennai,Delhi ,Shadowfax,0,2025-11-11 00:00:00,2025-11-13 08:00:00
SHP-85143,Insulin Glargine,Mumbai,Mumbai,DHL,0,2025-04-24 00:00:00,2025-04-25 16:00:00
SHP-59203,Insulin Glargine,Chennai,bangalore,FedEx,0,14/04/2025 00:00,2025-04-16 08:00:00
SHP-54642,Humira (Adalimumab),Delhi,hyderabad,Delhivery,0,2025-10-17 00:00:00,2025-10-17 20:00:00
SHP-92046,Humira (Adalimumab),Hyderabad,Hyderabad,DHL,0,2025-10-17 00:00:00,2025-10-19 09:00:00
SHP-73128,COVID-19 mRNA Vaccine,Mumbai,Delhi,Shadowfax,0,2025-09-08 00:00:00,2025-09-09 17:00:00
SHP-22023,Humira (Adalimumab),Mumbai,chennai,Shadowfax,0,2025-03-23 00:00:00,2025-03-25 09:00:00
SHP-11179,Amoxicillin,Mumbai,Bangalore ,BlueDart,0,2025-11-06 00:00:00,2025-11-08 14:00:00
SHP-80317,Humira (Adalimumab),Chennai,Delhi,FedEx,0,24/12/2025 00:00,2025-12-26 05:00:00
SHP-75912,Amoxicillin,Delhi,hyderabad,BlueDart,0,2025-08-22 00:00:00,2025-08-24 09:00:00
SHP-33776,COVID-19 mRNA Vaccine,Mumbai,Delhi,Delhivery,0,14/08/2025 00:00,2025-08-16 09:00:00
SHP-77856,COVID-19 mRNA Vaccine,Mumbai,Bangalore,DHL,0,2025-07-27 00:00:00,2025-07-29 06:00:00
SHP-40841,COVID-19 mRNA Vaccine,Hyderabad,Mumbai ,Shadowfax,0,2025-09-14 00:00:00,2025-09-15 06:00:00
SHP-60723,COVID-19 mRNA Vaccine,Hyderabad,Bangalore,FedEx,0,2025-12-20 00:00:00,2025-12-20 12:00:00
SHP-31521,COVID-19 mRNA Vaccine,Delhi,Mumbai,Shadowfax,0,2025-01-26 00:00:00,2025-01-27 09:00:00
SHP-19644,Amoxicillin,Delhi,Mumbai,BlueDart,0,2025-06-15 00:00:00,2025-06-17 20:00:00
SHP-52846,Amoxicillin,Bangalore,Mumbai ,BlueDart,0,2025-08-20 00:00:00,2025-08-22 01:00:00
SHP-45517,COVID-19 mRNA Vaccine,Hyderabad,Delhi,DHL,0,2025-01-28 00:00:00,2025-01-29 06:00:00
SHP-76546,Humira (Adalimumab),Bangalore,Hyderabad,FedEx,0,2025-04-14 00:00:00,2025-04-16 04:00:00
SHP-43966,Insulin Glargine,Chennai,Delhi,FedEx,1,2025-08-07 00:00:00,2025-08-09 19:00:00
SHP-66999,COVID-19 mRNA Vaccine,Bangalore,Hyderabad,DHL,0,2025-10-04 00:00:00,2025-10-06 12:00:00
SHP-76632,Humira (Adalimumab),Mumbai,Bangalore ,BlueDart,0,2025-05-13 00:00:00,2025-05-14 19:00:00
SHP-37259,Insulin Glargine,Bangalore,Chennai,BlueDart,0,2025-01-07 00:00:00,2025-01-09 04:00:00
SHP-38728,COVID-19 mRNA Vaccine,Delhi,Bangalore,BlueDart,0,2025-09-06 00:00:00,2025-09-07 11:00:00
SHP-46573,COVID-19 mRNA Vaccine,Chennai,Delhi ,Shadowfax,0,2025-08-02 00:00:00,2025-08-02 17:00:00
SHP-48175,Amoxicillin,Mumbai,Delhi,Delhivery,0,2025-01-15 00:00:00,2025-01-16 23:00:00
SHP-53331,Insulin Glargine,Bangalore,Hyderabad,BlueDart,0,02/04/2025 00:00,2025-04-04 04:00:00
SHP-69694,Insulin Glargine,Chennai,Delhi,Delhivery,0,19/02/2025 00:00,2025-02-19 12:00:00
SHP-41540,Humira (Adalimumab),Chennai,Mumbai,Delhivery,0,24/03/2025 00:00,2025-03-25 02:00:00
SHP-78981,Amoxicillin,Mumbai,Delhi,FedEx,0,2025-11-05 00:00:00,2025-11-07 19:00:00
SHP-52775,Amoxicillin,Bangalore,Hyderabad ,DHL,0,20/01/2025 00:00,2025-01-20 17:00:00
SHP-31159,Amoxicillin,Chennai,Hyderabad,Shadowfax,0,17/03/2025 00:00,2025-03-20 00:00:00
SHP-62347,Amoxicillin,Chennai,Mumbai ,Delhivery,0,29/05/2025 00:00,2025-05-30 09:00:00
SHP-58007,Insulin Glargine,Hyderabad,Hyderabad,Shadowfax,0,2025-09-27 00:00:00,2025-09-29 20:00:00
SHP-50104,Insulin Glargine,Chennai,Chennai ,,0,22/03/2025 00:00,2025-03-23 06:00:00
SHP-25255,COVID-19 mRNA Vaccine,Hyderabad,Bangalore ,BlueDart,0,30/10/2025 00:00,2025-11-01 14:00:00
SHP-53110,COVID-19 mRNA Vaccine,Bangalore,Delhi,Delhivery,0,14/03/2025 00:00,2025-03-15 21:00:00
SHP-14723,Amoxicillin,Bangalore,chennai,DHL,0,2025-09-06 00:00:00,2025-09-07 11:00:00
SHP-32658,Amoxicillin,Bangalore,Delhi,FedEx,0,2025-03-16 00:00:00,2025-03-17 12:00:00
SHP-37232,Amoxicillin,Delhi,Chennai ,Shadowfax,0,2025-08-17 00:00:00,2025-08-19 14:00:00
SHP-71832,COVID-19 mRNA Vaccine,Bangalore,Delhi,BlueDart,0,2025-02-22 00:00:00,2025-02-23 22:00:00
SHP-17001,Humira (Adalimumab),Chennai,Mumbai,Shadowfax,0,2025-06-01 00:00:00,2025-06-02 05:00:00
SHP-50076,Humira (Adalimumab),Mumbai,Hyderabad,DHL,0,2025-04-13 00:00:00,2025-04-13 22:00:00
SHP-34851,COVID-19 mRNA Vaccine,Hyderabad,Hyderabad,Delhivery,0,2025-06-01 00:00:00,2025-06-03 17:00:00
SHP-77450,COVID-19 mRNA Vaccine,Delhi,Mumbai ,DHL,0,2025-02-01 00:00:00,2025-02-04 00:00:00
SHP-21923,COVID-19 mRNA Vaccine,Bangalore,Chennai,Shadowfax,0,10/07/2025 00:00,2025-07-10 23:00:00
SHP-74875,COVID-19 mRNA Vaccine,Bangalore,Bangalore,Shadowfax,0,01/07/2025 00:00,2025-07-02 00:00:00
SHP-58093,COVID-19 mRNA Vaccine,Mumbai,Chennai,DHL,0,2025-07-13 00:00:00,2025-07-13 22:00:00
SHP-35797,COVID-19 mRNA Vaccine,Mumbai,Hyderabad ,DHL,0,2025-12-05 00:00:00,2025-12-06 03:00:00
SHP-78883,Amoxicillin,Delhi,bangalore,DHL,0,2025-12-08 00:00:00,2025-12-10 20:00:00
SHP-63123,Amoxicillin,Hyderabad,Delhi ,,0,03/10/2025 00:00,2025-10-04 05:00:00
SHP-47722,Amoxicillin,Bangalore,Bangalore ,Shadowfax,0,2025-09-20 00:00:00,2025-09-22 20:00:00
SHP-20244,Amoxicillin,Delhi,Chennai,FedEx,0,2025-05-07 00:00:00,2025-05-07 23:00:00
SHP-49224,COVID-19 mRNA Vaccine,Chennai,Mumbai ,BlueDart,0,2025-09-10 00:00:00,2025-09-11 06:00:00
SHP-12874,Humira (Adalimumab),Chennai,Delhi,BlueDart,0,2025-11-09 00:00:00,2025-11-11 20:00:00
SHP-16032,Insulin Glargine,Delhi,Chennai,BlueDart,0,24/03/2025 00:00,2025-03-26 03:00:00
SHP-31386,COVID-19 mRNA Vaccine,Bangalore,Delhi ,FedEx,0,2025-04-29 00:00:00,2025-04-30 09:00:00
SHP-21643,Insulin Glargine,Delhi,Bangalore,DHL,0,2025-05-09 00:00:00,2025-05-10 21:00:00
SHP-94402,Humira (Adalimumab),Bangalore,Hyderabad,Shadowfax,0,06/05/2025 00:00,2025-05-09 00:00:00
SHP-36831,Amoxicillin,Mumbai,Chennai,Delhivery,0,2025-04-05 00:00:00,2025-04-07 11:00:00
SHP-35724,Humira (Adalimumab),Delhi,Mumbai,Delhivery,0,2025-06-22 00:00:00,2025-06-23 16:00:00
SHP-19519,COVID-19 mRNA Vaccine,Bangalore,Bangalore,Shadowfax,0,06/12/2025 00:00,2025-12-07 03:00:00
SHP-62823,Amoxicillin,Delhi,Chennai,FedEx,0,30/08/2025 00:00,2025-08-31 11:00:00
SHP-48457,COVID-19 mRNA Vaccine,Delhi,Mumbai,Delhivery,0,2025-08-18 00:00:00,2025-08-18 18:00:00
SHP-50706,Amoxicillin,Bangalore,Chennai,BlueDart,0,2025-03-05 00:00:00,2025-03-05 15:00:00
SHP-51600,Insulin Glargine,Bangalore,Bangalore,Delhivery,0,2025-02-12 00:00:00,2025-02-13 04:00:00
SHP-27047,Insulin Glargine,Hyderabad,Chennai ,Shadowfax,0,2025-04-08 00:00:00,2025-04-09 16:00:00
SHP-64894,Insulin Glargine,Delhi,Delhi,BlueDart,0,22/02/2025 00:00,2025-02-24 00:00:00
SHP-44176,Humira (Adalimumab),Chennai,Bangalore,Delhivery,0,2025-08-14 00:00:00,2025-08-14 20:00:00
SHP-97458,COVID-19 mRNA Vaccine,Delhi,Chennai,Shadowfax,0,2025-01-09 00:00:00,2025-01-09 13:00:00
SHP-14985,Humira (Adalimumab),Delhi,Hyderabad,FedEx,0,2025-05-18 00:00:00,2025-05-19 18:00:00
SHP-22758,Insulin Glargine,Bangalore,Chennai,Shadowfax,0,2025-11-19 00:00:00,2025-11-21 23:00:00
SHP-29347,COVID-19 mRNA Vaccine,Delhi,Delhi,FedEx,0,2025-12-07 00:00:00,2025-12-07 16:00:00
SHP-35786,Insulin Glargine,Delhi,Mumbai,BlueDart,1,2025-05-19 00:00:00,2025-05-21 04:00:00
SHP-28764,Humira (Adalimumab),Chennai,mumbai ,Shadowfax,0,2025-04-23 00:00:00,2025-04-24 17:00:00
SHP-89893,Humira (Adalimumab),Bangalore,Mumbai,DHL,0,2025-05-13 00:00:00,2025-05-15 01:00:00
SHP-90566,Humira (Adalimumab),Delhi,Hyderabad,DHL,0,26/12/2025 00:00,2025-12-29 00:00:00
SHP-53383,Insulin Glargine,Mumbai,Delhi,DHL,0,2025-05-15 00:00:00,2025-05-16 22:00:00
SHP-72013,COVID-19 mRNA Vaccine,Hyderabad,Bangalore,DHL,0,2025-07-21 00:00:00,2025-07-22 22:00:00
SHP-15060,COVID-19 mRNA Vaccine,Chennai,Mumbai,DHL,0,2025-03-15 00:00:00,2025-03-17 06:00:00
SHP-63342,Insulin Glargine,Delhi,Delhi,,0,2025-01-24 00:00:00,2025-01-26 11:00:00
SHP-73829,COVID-19 mRNA Vaccine,Mumbai,Chennai,Shadowfax,0,2025-02-11 00:00:00,2025-02-13 09:00:00
SHP-56219,Insulin Glargine,Delhi,Hyderabad ,BlueDart,0,20/07/2025 00:00,2025-07-20 20:00:00
SHP-53493,COVID-19 mRNA Vaccine,Delhi,Delhi ,DHL,0,2025-09-23 00:00:00,2025-09-24 14:00:00
SHP-30891,Amoxicillin,Bangalore,Delhi,DHL,0,29/07/2025 00:00,2025-07-29 20:00:00
SHP-20579,Amoxicillin,Bangalore,Bangalore,BlueDart,0,2025-02-01 00:00:00,2025-02-02 02:00:00
SHP-95061,Humira (Adalimumab),Bangalore,Delhi,BlueDart,0,21/12/2025 00:00,2025-12-22 15:00:00
SHP-47674,Amoxicillin,Mumbai,Bangalore,DHL,0,2025-06-19 00:00:00,2025-06-19 14:00:00
SHP-12113,Amoxicillin,Delhi,Hyderabad,FedEx,0,2025-06-12 00:00:00,2025-06-13 09:00:00
SHP-86866,Amoxicillin,Hyderabad,Hyderabad,BlueDart,0,18/07/2025 00:00,2025-07-19 12:00:00
SHP-59360,Insulin Glargine,Chennai,Chennai,Shadowfax,0,2025-08-23 00:00:00,2025-08-25 23:00:00
SHP-15010,Amoxicillin,Bangalore,Bangalore,Shadowfax,0,2025-01-12 00:00:00,2025-01-14 20:00:00
SHP-23214,Amoxicillin,Bangalore,Bangalore,FedEx,0,2025-12-17 00:00:00,2025-12-19 15:00:00
SHP-53942,Humira (Adalimumab),Delhi,Mumbai,Delhivery,0,2025-02-03 00:00:00,2025-02-04 06:00:00
SHP-91754,Amoxicillin,Delhi,Mumbai,FedEx,0,2025-10-26 00:00:00,2025-10-27 19:00:00
SHP-99680,Amoxicillin,Mumbai,Chennai,DHL,0,2025-03-27 00:00:00,2025-03-29 19:00:00
SHP-11599,COVID-19 mRNA Vaccine,Mumbai,Hyderabad,Delhivery,0,2025-04-27 00:00:00,2025-04-28 11:00:00
SHP-66382,Humira (Adalimumab),Bangalore,Mumbai,DHL,0,2025-12-21 00:00:00,2025-12-21 16:00:00
SHP-46304,Humira (Adalimumab),Delhi,Delhi,Shadowfax,0,2025-03-12 00:00:00,2025-03-14 15:00:00
SHP-44851,Humira (Adalimumab),Hyderabad,Hyderabad,BlueDart,0,2025-12-15 00:00:00,2025-12-15 22:00:00
SHP-20126,Humira (Adalimumab),Chennai,Delhi,DHL,0,2025-11-27 00:00:00,2025-11-27 14:00:00
SHP-11096,Humira (Adalimumab),Delhi,Bangalore,Shadowfax,0,2025-09-20 00:00:00,2025-09-20 18:00:00
SHP-29298,Humira (Adalimumab),Delhi,Hyderabad,FedEx,0,2025-05-08 00:00:00,2025-05-09 16:00:00
SHP-47887,Insulin Glargine,Mumbai,chennai,DHL,0,07/03/2025 00:00,2025-03-08 19:00:00
SHP-55927,Amoxicillin,Chennai,Bangalore,Shadowfax,0,2025-05-20 00:00:00,2025-05-22 07:00:00
SHP-62129,Humira (Adalimumab),Bangalore,Bangalore,BlueDart,0,2025-05-22 00:00:00,2025-05-23 19:00:00
SHP-11453,Amoxicillin,Delhi,Delhi ,DHL,0,24/02/2025 00:00,2025-02-25 13:00:00
SHP-52101,Amoxicillin,Bangalore,bangalore,Shadowfax,0,11/08/2025 00:00,2025-08-11 14:00:00
SHP-66723,Insulin Glargine,Delhi,Mumbai,DHL,0,2025-12-12 00:00:00,2025-12-12 17:00:00
SHP-33710,Humira (Adalimumab),Bangalore,Hyderabad,BlueDart,0,2025-04-19 00:00:00,2025-04-20 05:00:00
SHP-43523,COVID-19 mRNA Vaccine,Chennai,Mumbai,DHL,0,14/04/2025 00:00,2025-04-16 22:00:00
SHP-28575,Insulin Glargine,Mumbai,delhi,DHL,0,31/10/2025 00:00,2025-11-03 00:00:00
SHP-64626,COVID-19 mRNA Vaccine,Chennai,Delhi,Shadowfax,0,2025-07-15 00:00:00,2025-07-16 06:00:00
SHP-99120,Amoxicillin,Hyderabad,Hyderabad,Delhivery,0,2025-01-28 00:00:00,2025-01-29 11:00:00
SHP-12145,Amoxicillin,Mumbai,Bangalore,DHL,0,2025-08-31 00:00:00,2025-09-01 13:00:00
SHP-77072,Insulin Glargine,Chennai,Chennai,Delhivery,0,30/06/2025 00:00,2025-06-30 12:00:00
SHP-51780,Insulin Glargine,Hyderabad,Delhi,FedEx,0,12/10/2025 00:00,2025-10-14 20:00:00
SHP-85971,COVID-19 mRNA Vaccine,Delhi,Hyderabad,DHL,0,2025-08-12 00:00:00,2025-08-14 04:00:00
SHP-79888,Humira (Adalimumab),Delhi,Chennai,Delhivery,0,2025-10-15 00:00:00,2025-10-15 20:00:00
SHP-79435,COVID-19 mRNA Vaccine,Bangalore,Bangalore ,FedEx,0,2025-06-17 00:00:00,2025-06-19 22:00:00
SHP-65901,Insulin Glargine,Mumbai,Delhi,Shadowfax,0,2025-01-08 00:00:00,2025-01-10 04:00:00
SHP-47111,COVID-19 mRNA Vaccine,Delhi,Hyderabad,DHL,0,2025-01-02 00:00:00,2025-01-04 13:00:00
SHP-54888,Insulin Glargine,Mumbai,Hyderabad ,Shadowfax,0,2025-10-07 00:00:00,2025-10-08 23:00:00
SHP-16221,COVID-19 mRNA Vaccine,Delhi,Hyderabad,FedEx,0,2025-11-22 00:00:00,2025-11-24 17:00:00
SHP-76987,Insulin Glargine,Bangalore,Delhi,Shadowfax,0,2025-12-29 00:00:00,2025-12-31 17:00:00
SHP-70789,Insulin Glargine,Chennai,Chennai,Shadowfax,0,2025-01-11 00:00:00,2025-01-14 00:00:00
SHP-48752,Insulin Glargine,Bangalore,Hyderabad,,0,2025-11-22 00:00:00,2025-11-22 20:00:00
SHP-58188,Humira (Adalimumab),Hyderabad,Bangalore,FedEx,0,2025-12-16 00:00:00,2025-12-16 18:00:00
SHP-98973,COVID-19 mRNA Vaccine,Delhi,Hyderabad,Shadowfax,0,18/11/2025 00:00,2025-11-19 08:00:00
SHP-86251,COVID-19 mRNA Vaccine,Hyderabad,Chennai ,Delhivery,0,2025-07-22 00:00:00,2025-07-24 21:00:00
SHP-69689,COVID-19 mRNA Vaccine,Hyderabad,Delhi,FedEx,0,2025-05-19 00:00:00,2025-05-21 13:00:00
SHP-22212,Insulin Glargine,Mumbai,Hyderabad ,BlueDart,0,2025-09-06 00:00:00,2025-09-07 08:00:00
SHP-93809,COVID-19 mRNA Vaccine,Delhi,Hyderabad,DHL,0,04/03/2025 00:00,2025-03-04 12:00:00
SHP-91183,COVID-19 mRNA Vaccine,Hyderabad,Bangalore ,Shadowfax,0,2025-08-26 00:00:00,2025-08-26 16:00:00
SHP-41339,Insulin Glargine,Chennai,Bangalore,Delhivery,0,2025-05-29 00:00:00,2025-05-31 01:00:00
SHP-23620,Amoxicillin,Hyderabad,Hyderabad,BlueDart,0,28/06/2025 00:00,2025-06-29 15:00:00
SHP-67381,Insulin Glargine,Chennai,Hyderabad ,FedEx,1,2025-12-19 00:00:00,2025-12-19 13:00:00
SHP-29558,COVID-19 mRNA Vaccine,Mumbai,Bangalore ,Shadowfax,0,2025-01-15 00:00:00,2025-01-17 23:00:00
SHP-81321,Insulin Glargine,Hyderabad,Chennai,BlueDart,0,27/05/2025 00:00,2025-05-29 07:00:00
SHP-45665,Amoxicillin,Bangalore,Mumbai,BlueDart,0,2025-06-04 00:00:00,2025-06-05 16:00:00
SHP-39936,Insulin Glargine,Mumbai,Mumbai,Delhivery,0,2025-11-14 00:00:00,2025-11-15 08:00:00
SHP-78270,COVID-19 mRNA Vaccine,Chennai,Hyderabad ,DHL,1,2025-06-20 00:00:00,2025-06-20 17:00:00
SHP-18971,Amoxicillin,Mumbai,Bangalore,DHL,0,2025-08-15 00:00:00,2025-08-15 18:00:00
SHP-52612,Humira (Adalimumab),Hyderabad,Delhi,DHL,0,2025-07-10 00:00:00,2025-07-11 13:00:00
SHP-15732,COVID-19 mRNA Vaccine,Delhi,Delhi,FedEx,0,2025-02-14 00:00:00,2025-02-15 07:00:00
SHP-53676,Amoxicillin,Delhi,Mumbai,BlueDart,0,2025-04-18 00:00:00,2025-04-18 22:00:00
SHP-57963,Amoxicillin,Chennai,Chennai,,0,2025-09-05 00:00:00,2025-09-06 02:00:00
SHP-17338,Humira (Adalimumab),Chennai,Mumbai,BlueDart,0,2025-03-09 00:00:00,2025-03-11 08:00:00
SHP-74700,Insulin Glargine,Delhi,hyderabad ,Delhivery,0,2025-01-29 00:00:00,2025-01-29 16:00:00
SHP-51105,Insulin Glargine,Chennai,Chennai,Delhivery,0,12/10/2025 00:00,2025-10-14 17:00:00
SHP-44192,COVID-19 mRNA Vaccine,Mumbai,Delhi,FedEx,0,2025-03-21 00:00:00,2025-03-22 21:00:00
SHP-68551,Humira (Adalimumab),Bangalore,Bangalore,FedEx,1,20/11/2025 00:00,2025-11-22 19:00:00
SHP-63125,Insulin Glargine,Bangalore,Bangalore,Delhivery,0,01/08/2025 00:00,2025-08-03 22:00:00
SHP-29766,Humira (Adalimumab),Mumbai,Hyderabad ,Shadowfax,0,2025-09-05 00:00:00,2025-09-07 01:00:00
SHP-36762,Insulin Glargine,Bangalore,Mumbai,DHL,0,2025-11-14 00:00:00,2025-11-16 00:00:00
SHP-18745,Amoxicillin,Hyderabad,Hyderabad,DHL,0,2025-09-13 00:00:00,2025-09-15 06:00:00
SHP-36027,Insulin Glargine,Mumbai,bangalore,Delhivery,0,30/06/2025 00:00,2025-07-01 18:00:00
SHP-36408,Humira (Adalimumab),Chennai,Delhi,DHL,0,2025-06-04 00:00:00,2025-06-05 20:00:00
SHP-96550,Amoxicillin,Mumbai,bangalore,Shadowfax,0,2025-05-13 00:00:00,2025-05-14 21:00:00
SHP-96180,Amoxicillin,Delhi,Chennai,Shadowfax,0,2025-12-23 00:00:00,2025-12-25 07:00:00
SHP-89617,Amoxicillin,Chennai,Bangalore,BlueDart,0,2025-01-30 00:00:00,2025-01-30 12:00:00
SHP-11205,Humira (Adalimumab),Delhi,Bangalore,FedEx,0,20/12/2025 00:00,2025-12-21 11:00:00
SHP-65823,COVID-19 mRNA Vaccine,Chennai,Chennai,DHL,0,2025-09-17 00:00:00,2025-09-19 17:00:00
SHP-45912,COVID-19 mRNA Vaccine,Bangalore,Mumbai ,Shadowfax,0,29/08/2025 00:00,2025-08-30 22:00:00
SHP-50345,COVID-19 mRNA Vaccine,Mumbai,bangalore ,FedEx,0,2025-12-30 00:00:00,2025-12-31 09:00:00
SHP-23293,Humira (Adalimumab),Hyderabad,Hyderabad,,0,2025-04-11 00:00:00,2025-04-12 09:00:00
SHP-60896,Amoxicillin,Chennai,Bangalore ,BlueDart,0,2025-02-23 00:00:00,2025-02-24 07:00:00
SHP-39971,COVID-19 mRNA Vaccine,Chennai,hyderabad,FedEx,0,2025-03-15 00:00:00,2025-03-17 13:00:00
SHP-64479,Humira (Adalimumab),Delhi,Chennai,,0,2025-04-20 00:00:00,2025-04-21 01:00:00
SHP-84712,COVID-19 mRNA Vaccine,Bangalore,Bangalore ,Delhivery,0,2025-05-02 00:00:00,2025-05-02 12:00:00
SHP-48122,Insulin Glargine,Delhi,Chennai,BlueDart,0,2025-05-28 00:00:00,2025-05-28 22:00:00
SHP-12808,COVID-19 mRNA Vaccine,Delhi,Chennai,,0,2025-05-03 00:00:00,2025-05-05 18:00:00
SHP-35002,COVID-19 mRNA Vaccine,Bangalore,Mumbai ,DHL,0,2025-03-11 00:00:00,2025-03-12 16:00:00
SHP-87883,Amoxicillin,Hyderabad,Bangalore,FedEx,0,2025-02-28 00:00:00,2025-03-01 17:00:00
SHP-36528,Humira (Adalimumab),Delhi,Hyderabad,DHL,0,2025-07-08 00:00:00,2025-07-08 23:00:00
SHP-39288,Amoxicillin,Delhi,Hyderabad,Shadowfax,0,2025-09-26 00:00:00,2025-09-26 12:00:00
SHP-45409,Amoxicillin,Chennai,Bangalore,FedEx,0,2025-05-15 00:00:00,2025-05-16 16:00:00
SHP-13101,Amoxicillin,Bangalore,Mumbai,Shadowfax,0,2026-01-01 00:00:00,2026-01-01 17:00:00
SHP-48041,Amoxicillin,Mumbai,Mumbai,Delhivery,0,2025-03-05 00:00:00,2025-03-07 14:00:00
SHP-83815,Amoxicillin,Hyderabad,mumbai,,0,07/09/2025 00:00,2025-09-08 07:00:00
SHP-20774,COVID-19 mRNA Vaccine,Hyderabad,Hyderabad,DHL,0,2025-01-24 00:00:00,2025-01-25 03:00:00
SHP-70207,Amoxicillin,Bangalore,Chennai,DHL,0,2025-12-09 00:00:00,2025-12-10 23:00:00
SHP-21831,Amoxicillin,Chennai,Mumbai,FedEx,0,2025-03-09 00:00:00,2025-03-10 15:00:00
SHP-77053,Humira (Adalimumab),Chennai,Hyderabad,DHL,0,2025-06-08 00:00:00,2025-06-09 16:00:00
SHP-83454,Insulin Glargine,Bangalore,Hyderabad,FedEx,0,21/04/2025 00:00,2025-04-22 03:00:00
SHP-75316,COVID-19 mRNA Vaccine,Chennai,chennai,BlueDart,0,2025-01-20 00:00:00,2025-01-21 00:00:00
SHP-55532,COVID-19 mRNA Vaccine,Hyderabad,Bangalore ,DHL,0,2025-09-12 00:00:00,2025-09-13 19:00:00
SHP-15764,COVID-19 mRNA Vaccine,Hyderabad,Bangalore,FedEx,0,2025-04-24 00:00:00,2025-04-25 07:00:00
SHP-62656,Amoxicillin,Mumbai,Mumbai,FedEx,0,2025-02-26 00:00:00,2025-02-27 16:00:00
SHP-91460,Amoxicillin,Bangalore,Mumbai,DHL,0,2025-10-17 00:00:00,2025-10-19 21:00:00
SHP-92650,Amoxicillin,Delhi,Chennai,BlueDart,0,2025-04-19 00:00:00,2025-04-21 11:00:00
SHP-14136,Humira (Adalimumab),Delhi,Mumbai,DHL,0,2025-07-12 00:00:00,2025-07-13 23:00:00
SHP-57997,Insulin Glargine,Mumbai,Chennai,FedEx,0,2025-10-11 00:00:00,2025-10-13 03:00:00
SHP-92611,Amoxicillin,Mumbai,Hyderabad,BlueDart,0,12/01/2025 00:00,2025-01-13 13:00:00
SHP-66033,Insulin Glargine,Chennai,Mumbai,Shadowfax,0,22/09/2025 00:00,2025-09-22 23:00:00
SHP-25367,Humira (Adalimumab),Mumbai,Hyderabad,Delhivery,0,2025-09-07 00:00:00,2025-09-08 16:00:00
SHP-52370,COVID-19 mRNA Vaccine,Mumbai,delhi,DHL,0,08/04/2025 00:00,2025-04-10 02:00:00
SHP-33679,Amoxicillin,Delhi,Chennai,FedEx,0,15/01/2025 00:00,2025-01-16 05:00:00
SHP-28852,Insulin Glargine,Chennai,Delhi ,BlueDart,0,2025-11-30 00:00:00,2025-12-01 15:00:00
SHP-78554,Insulin Glargine,Mumbai,Mumbai,BlueDart,0,08/04/2025 00:00,2025-04-09 04:00:00
SHP-87639,Amoxicillin,Mumbai,Hyderabad,Shadowfax,1,2025-12-07 00:00:00,2025-12-07 22:00:00
SHP-70377,COVID-19 mRNA Vaccine,Chennai,Mumbai,DHL,0,2025-10-23 00:00:00,2025-10-23 20:00:00
SHP-93065,COVID-19 mRNA Vaccine,Bangalore,Delhi ,BlueDart,0,2025-12-28 00:00:00,2025-12-30 16:00:00
SHP-87695,COVID-19 mRNA Vaccine,Chennai,Mumbai,Shadowfax,0,26/10/2025 00:00,2025-10-27 17:00:00
SHP-25990,Humira (Adalimumab),Delhi,Bangalore,FedEx,0,2025-10-13 00:00:00,2025-10-15 20:00:00
SHP-22995,Insulin Glargine,Bangalore,delhi,Shadowfax,0,2025-08-10 00:00:00,2025-08-12 03:00:00
SHP-60876,Insulin Glargine,Hyderabad,Mumbai ,DHL,0,2025-03-17 00:00:00,2025-03-18 22:00:00
SHP-31219,Insulin Glargine,Chennai,hyderabad ,Shadowfax,0,2025-09-30 00:00:00,2025-10-01 04:00:00
SHP-83170,Humira (Adalimumab),Delhi,Mumbai,BlueDart,0,27/10/2025 00:00,2025-10-28 16:00:00
SHP-23655,Insulin Glargine,Bangalore,Hyderabad,BlueDart,0,2025-12-28 00:00:00,2025-12-29 19:00:00
SHP-50113,Humira (Adalimumab),Chennai,Bangalore,Delhivery,0,2025-05-10 00:00:00,2025-05-12 06:00:00
SHP-72167,COVID-19 mRNA Vaccine,Mumbai,Mumbai ,Shadowfax,0,2025-11-02 00:00:00,2025-11-04 22:00:00
SHP-77569,Amoxicillin,Chennai,Bangalore ,FedEx,0,29/10/2025 00:00,2025-10-30 23:00:00
SHP-11174,Insulin Glargine,Hyderabad,Delhi,DHL,0,2025-11-19 00:00:00,2025-11-21 00:00:00
SHP-27035,Insulin Glargine,Chennai,Hyderabad,Delhivery,0,2025-07-15 00:00:00,2025-07-16 07:00:00
SHP-31522,COVID-19 mRNA Vaccine,Bangalore,Delhi,Shadowfax,0,24/03/2025 00:00,2025-03-26 06:00:00
SHP-60818,Amoxicillin,Bangalore,Hyderabad,FedEx,0,2025-05-28 00:00:00,2025-05-29 07:00:00
SHP-59439,Humira (Adalimumab),Chennai,Bangalore,Delhivery,0,2025-11-16 00:00:00,2025-11-16 19:00:00
SHP-15264,Amoxicillin,Bangalore,Chennai,BlueDart,0,2025-02-28 00:00:00,2025-03-02 07:00:00
SHP-44079,COVID-19 mRNA Vaccine,Mumbai,Mumbai,DHL,0,2025-08-20 00:00:00,2025-08-21 08:00:00
SHP-80110,COVID-19 mRNA Vaccine,Chennai,Bangalore,Shadowfax,0,30/06/2025 00:00,2025-07-02 10:00:00
SHP-48369,Amoxicillin,Mumbai,Hyderabad,FedEx,0,2025-02-15 00:00:00,2025-02-16 15:00:00
SHP-11013,Humira (Adalimumab),Mumbai,Hyderabad,BlueDart,0,2025-02-01 00:00:00,2025-02-02 21:00:00
SHP-54380,Humira (Adalimumab),Delhi,Hyderabad,Delhivery,1,2025-02-27 00:00:00,2025-03-01 01:00:00
SHP-26095,Insulin Glargine,Chennai,Hyderabad,DHL,0,2025-05-19 00:00:00,2025-05-20 14:00:00
SHP-86811,Humira (Adalimumab),Bangalore,Mumbai ,Delhivery,0,2025-04-30 00:00:00,2025-05-02 23:00:00
SHP-60401,Amoxicillin,Mumbai,Delhi,Delhivery,0,2025-09-23 00:00:00,2025-09-25 16:00:00
SHP-81805,COVID-19 mRNA Vaccine,Delhi,Chennai,FedEx,0,27/04/2025 00:00,2025-04-28 08:00:00
SHP-57980,Insulin Glargine,Chennai,Mumbai,BlueDart,0,2025-01-28 00:00:00,2025-01-30 08:00:00
SHP-52357,Insulin Glargine,Chennai,Hyderabad,Shadowfax,0,2025-09-09 00:00:00,2025-09-09 20:00:00
SHP-77050,COVID-19 mRNA Vaccine,Hyderabad,Mumbai,FedEx,0,2025-08-28 00:00:00,2025-08-30 03:00:00
SHP-90519,Humira (Adalimumab),Hyderabad,Bangalore ,DHL,0,2025-01-21 00:00:00,2025-01-21 14:00:00
SHP-68521,COVID-19 mRNA Vaccine,Mumbai,hyderabad,Delhivery,0,08/04/2025 00:00,2025-04-08 22:00:00
SHP-56217,Humira (Adalimumab),Hyderabad,Chennai,DHL,0,2025-06-23 00:00:00,2025-06-25 17:00:00
SHP-35225,COVID-19 mRNA Vaccine,Mumbai,Hyderabad ,FedEx,0,2025-06-05 00:00:00,2025-06-06 09:00:00
SHP-35482,Amoxicillin,Bangalore,Chennai,FedEx,0,11/10/2025 00:00,2025-10-13 14:00:00
SHP-51972,Humira (Adalimumab),Mumbai,Chennai ,Shadowfax,0,18/04/2025 00:00,2025-04-20 13:00:00
SHP-78905,Amoxicillin,Hyderabad,Delhi ,Delhivery,0,2025-12-11 00:00:00,2025-12-13 08:00:00
SHP-61321,Insulin Glargine,Bangalore,Delhi,FedEx,0,2025-09-08 00:00:00,2025-09-09 05:00:00
SHP-95190,COVID-19 mRNA Vaccine,Hyderabad,Mumbai,DHL,0,2025-07-08 00:00:00,2025-07-09 03:00:00
SHP-58151,Insulin Glargine,Mumbai,Mumbai ,Shadowfax,0,2025-01-29 00:00:00,2025-01-29 15:00:00
SHP-49057,Insulin Glargine,Delhi,Chennai,DHL,0,2025-06-11 00:00:00,2025-06-13 13:00:00
SHP-58671,Insulin Glargine,Chennai,Hyderabad ,Delhivery,0,2025-03-14 00:00:00,2025-03-16 16:00:00
SHP-93274,Insulin Glargine,Hyderabad,Bangalore,Shadowfax,0,17/07/2025 00:00,2025-07-19 09:00:00
SHP-22083,COVID-19 mRNA Vaccine,Mumbai,Bangalore,Shadowfax,0,2025-08-02 00:00:00,2025-08-04 23:00:00
SHP-19374,Insulin Glargine,Bangalore,Hyderabad ,Shadowfax,0,2025-10-11 00:00:00,2025-10-13 22:00:00
SHP-88820,COVID-19 mRNA Vaccine,Hyderabad,Hyderabad,BlueDart,0,2025-05-07 00:00:00,2025-05-08 14:00:00
SHP-17855,COVID-19 mRNA Vaccine,Hyderabad,Delhi ,Shadowfax,0,08/04/2025 00:00,2025-04-09 20:00:00
SHP-27348,Amoxicillin,Chennai,Bangalore,DHL,0,2025-04-26 00:00:00,2025-04-27 21:00:00
SHP-76061,Humira (Adalimumab),Mumbai,Chennai,DHL,0,10/03/2025 00:00,2025-03-12 20:00:00
SHP-81824,Humira (Adalimumab),Delhi,mumbai,Delhivery,0,2025-03-12 00:00:00,2025-03-12 15:00:00
SHP-93090,COVID-19 mRNA Vaccine,Bangalore,Delhi,FedEx,0,16/08/2025 00:00,2025-08-17 06:00:00
SHP-79014,Amoxicillin,Mumbai,Bangalore ,FedEx,0,2025-03-25 00:00:00,2025-03-27 00:00:00
SHP-97248,COVID-19 mRNA Vaccine,Bangalore,Hyderabad,BlueDart,0,08/06/2025 00:00,2025-06-08 22:00:00
SHP-45723,COVID-19 mRNA Vaccine,Hyderabad,Bangalore,Shadowfax,0,2025-04-10 00:00:00,2025-04-12 14:00:00
SHP-47305,COVID-19 mRNA Vaccine,Chennai,Chennai,BlueDart,0,2025-06-30 00:00:00,2025-07-03 00:00:00
SHP-17367,Amoxicillin,Chennai,Delhi,Delhivery,0,18/02/2025 00:00,2025-02-20 11:00:00
SHP-68183,Humira (Adalimumab),Delhi,Hyderabad,Delhivery,0,2025-01-05 00:00:00,2025-01-05 16:00:00
SHP-33596,Amoxicillin,Chennai,Chennai ,FedEx,0,2025-01-07 00:00:00,2025-01-08 03:00:00
SHP-59590,Insulin Glargine,Hyderabad,Mumbai ,Delhivery,0,2025-01-19 00:00:00,2025-01-19 16:00:00
SHP-16482,Amoxicillin,Delhi,Delhi,Shadowfax,0,11/07/2025 00:00,2025-07-13 02:00:00
SHP-35545,Amoxicillin,Mumbai,Chennai,DHL,0,2025-06-18 00:00:00,2025-06-19 07:00:00
SHP-84395,Amoxicillin,Chennai,Chennai,Delhivery,0,2025-05-15 00:00:00,2025-05-16 06:00:00
SHP-21301,Amoxicillin,Delhi,Hyderabad,BlueDart,0,2025-03-30 00:00:00,2025-03-31 16:00:00
SHP-45355,Humira (Adalimumab),Hyderabad,Mumbai,Shadowfax,0,07/06/2025 00:00,2025-06-09 12:00:00
SHP-17574,Insulin Glargine,Bangalore,Chennai,Delhivery,0,2025-12-17 00:00:00,2025-12-19 19:00:00
SHP-17166,Humira (Adalimumab),Bangalore,delhi,Delhivery,0,2025-06-24 00:00:00,2025-06-25 15:00:00
SHP-52947,Humira (Adalimumab),Hyderabad,Chennai,Shadowfax,0,2025-01-10 00:00:00,2025-01-12 19:00:00
SHP-15369,Amoxicillin,Hyderabad,Bangalore,Delhivery,0,2025-10-22 00:00:00,2025-10-24 13:00:00
SHP-98207,COVID-19 mRNA Vaccine,Bangalore,Delhi,DHL,0,2025-06-06 00:00:00,2025-06-07 10:00:00
SHP-48406,COVID-19 mRNA Vaccine,Delhi,Delhi ,FedEx,0,2025-11-16 00:00:00,2025-11-17 18:00:00
SHP-36426,Humira (Adalimumab),Bangalore,Chennai ,Shadowfax,0,2025-12-14 00:00:00,2025-12-15 04:00:00
SHP-24771,Humira (Adalimumab),Hyderabad,Hyderabad,BlueDart,0,2025-04-19 00:00:00,2025-04-20 17:00:00
SHP-78343,Amoxicillin,Chennai,Delhi,Delhivery,0,14/08/2025 00:00,2025-08-15 08:00:00
SHP-72678,Humira (Adalimumab),Mumbai,Bangalore,FedEx,0,2025-08-04 00:00:00,2025-08-06 15:00:00
SHP-70299,Amoxicillin,Chennai,Hyderabad,BlueDart,0,2025-06-09 00:00:00,2025-06-11 12:00:00
SHP-43530,COVID-19 mRNA Vaccine,Chennai,Hyderabad,BlueDart,0,2025-04-24 00:00:00,2025-04-24 13:00:00
SHP-32579,COVID-19 mRNA Vaccine,Hyderabad,Hyderabad,DHL,0,13/03/2025 00:00,2025-03-14 09:00:00
SHP-41293,Insulin Glargine,Bangalore,Delhi,FedEx,0,2025-01-03 00:00:00,2025-01-04 15:00:00
SHP-23590,COVID-19 mRNA Vaccine,Delhi,Hyderabad,Shadowfax,0,2025-09-25 00:00:00,2025-09-26 16:00:00
SHP-21012,Humira (Adalimumab),Chennai,Chennai,FedEx,0,2025-09-28 00:00:00,2025-09-30 03:00:00
SHP-52259,COVID-19 mRNA Vaccine,Bangalore,Hyderabad,FedEx,0,2025-09-14 00:00:00,2025-09-16 14:00:00
SHP-95135,Amoxicillin,Delhi,Bangalore,BlueDart,0,2025-08-08 00:00:00,2025-08-09 12:00:00
SHP-94179,COVID-19 mRNA Vaccine,Chennai,Mumbai ,DHL,0,2025-04-28 00:00:00,2025-04-29 12:00:00
SHP-44776,Insulin Glargine,Delhi,Bangalore,DHL,0,2025-02-04 00:00:00,2025-02-07 00:00:00
SHP-57215,COVID-19 mRNA Vaccine,Bangalore,delhi ,FedEx,0,16/07/2025 00:00,2025-07-16 23:00:00
SHP-52138,Amoxicillin,Mumbai,Hyderabad,FedEx,0,2025-01-09 00:00:00,2025-01-11 16:00:00
SHP-14940,Amoxicillin,Bangalore,Hyderabad,Delhivery,0,2025-09-14 00:00:00,2025-09-16 15:00:00
SHP-71470,Humira (Adalimumab),Hyderabad,Chennai,BlueDart,0,2025-03-15 00:00:00,2025-03-16 16:00:00
SHP-68414,COVID-19 mRNA Vaccine,Delhi,Hyderabad,Shadowfax,0,2025-09-29 00:00:00,2025-09-29 14:00:00
SHP-68495,Amoxicillin,Mumbai,Bangalore,Shadowfax,0,2025-01-15 00:00:00,2025-01-16 17:00:00
SHP-97136,Insulin Glargine,Delhi,Delhi,DHL,0,19/11/2025 00:00,2025-11-21 09:00:00
SHP-54342,Humira (Adalimumab),Delhi,Mumbai,BlueDart,0,2025-06-02 00:00:00,2025-06-03 07:00:00
SHP-49287,Insulin Glargine,Chennai,Hyderabad,DHL,0,2025-10-30 00:00:00,2025-10-31 16:00:00
SHP-40758,COVID-19 mRNA Vaccine,Hyderabad,Mumbai,,0,2025-11-05 00:00:00,2025-11-05 17:00:00
SHP-74181,COVID-19 mRNA Vaccine,Delhi,Hyderabad ,FedEx,0,2025-06-22 00:00:00,2025-06-23 16:00:00
SHP-99937,COVID-19 mRNA Vaccine,Bangalore,Delhi ,BlueDart,0,2025-05-21 00:00:00,2025-05-23 19:00:00
SHP-72729,Humira (Adalimumab),Bangalore,Bangalore,BlueDart,0,2025-02-19 00:00:00,2025-02-20 21:00:00
SHP-82662,Amoxicillin,Chennai,Delhi,Delhivery,0,2025-10-02 00:00:00,2025-10-03 09:00:00
SHP-99412,Humira (Adalimumab),Hyderabad,Mumbai,FedEx,0,2025-03-24 00:00:00,2025-03-25 07:00:00
SHP-54429,Insulin Glargine,Hyderabad,Hyderabad ,FedEx,0,2025-09-25 00:00:00,2025-09-26 12:00:00
SHP-71409,Humira (Adalimumab),Bangalore,Mumbai,DHL,0,2025-09-12 00:00:00,2025-09-12 21:00:00
SHP-82314,Insulin Glargine,Mumbai,Bangalore,BlueDart,0,22/08/2025 00:00,2025-08-23 07:00:00
SHP-84300,Humira (Adalimumab),Chennai,Delhi,DHL,0,2025-11-13 00:00:00,2025-11-15 00:00:00
SHP-50656,Amoxicillin,Chennai,Mumbai ,FedEx,0,2025-07-03 00:00:00,2025-07-04 01:00:00
SHP-60733,Insulin Glargine,Bangalore,Mumbai ,Delhivery,0,2025-05-14 00:00:00,2025-05-15 00:00:00
SHP-91736,COVID-19 mRNA Vaccine,Bangalore,Bangalore,BlueDart,0,2025-07-04 00:00:00,2025-07-04 22:00:00
SHP-20366,COVID-19 mRNA Vaccine,Mumbai,Hyderabad,FedEx,0,23/06/2025 00:00,2025-06-24 07:00:00
SHP-86232,Humira (Adalimumab),Mumbai,Mumbai ,Delhivery,0,01/12/2025 00:00,2025-12-03 05:00:00
SHP-86202,COVID-19 mRNA Vaccine,Hyderabad,bangalore,Shadowfax,0,2025-04-09 00:00:00,2025-04-11 06:00:00
SHP-71132,Insulin Glargine,Chennai,Hyderabad,FedEx,0,13/04/2025 00:00,2025-04-15 18:00:00
SHP-49115,COVID-19 mRNA Vaccine,Chennai,hyderabad,Shadowfax,0,2025-02-19 00:00:00,2025-02-21 04:00:00
SHP-74119,Amoxicillin,Bangalore,Delhi,DHL,1,2025-05-02 00:00:00,2025-05-04 22:00:00
SHP-32261,Amoxicillin,Hyderabad,bangalore ,Shadowfax,0,2025-11-10 00:00:00,2025-11-11 20:00:00
SHP-32467,Humira (Adalimumab),Chennai,Hyderabad,FedEx,0,2025-09-06 00:00:00,2025-09-07 20:00:00
SHP-51736,Insulin Glargine,Hyderabad,Delhi,Shadowfax,0,2025-12-05 00:00:00,2025-12-06 13:00:00
SHP-47345,Amoxicillin,Hyderabad,Chennai ,BlueDart,0,2025-03-05 00:00:00,2025-03-07 08:00:00
SHP-23921,Amoxicillin,Bangalore,Bangalore ,FedEx,0,2025-06-24 00:00:00,2025-06-25 03:00:00
SHP-17477,Insulin Glargine,Hyderabad,Chennai,,0,2025-01-26 00:00:00,2025-01-27 19:00:00
SHP-99355,COVID-19 mRNA Vaccine,Mumbai,Hyderabad,Shadowfax,0,2025-06-20 00:00:00,2025-06-21 20:00:00
SHP-10312,COVID-19 mRNA Vaccine,Mumbai,Bangalore ,BlueDart,0,2025-11-16 00:00:00,2025-11-18 06:00:00
SHP-35975,Humira (Adalimumab),Delhi,Delhi ,DHL,0,2025-07-14 00:00:00,2025-07-15 00:00:00
SHP-68267,COVID-19 mRNA Vaccine,Bangalore,hyderabad,DHL,0,2025-07-30 00:00:00,2025-07-31 16:00:00
SHP-45364,Insulin Glargine,Delhi,Bangalore ,,0,2025-12-17 00:00:00,2025-12-18 03:00:00
SHP-78174,Amoxicillin,Mumbai,bangalore,DHL,0,2025-02-03 00:00:00,2025-02-05 10:00:00
SHP-54130,COVID-19 mRNA Vaccine,Delhi,Chennai,Delhivery,0,2025-11-06 00:00:00,2025-11-08 17:00:00
SHP-65391,Humira (Adalimumab),Bangalore,Hyderabad,FedEx,0,2025-11-10 00:00:00,2025-11-12 11:00:00
SHP-56250,COVID-19 mRNA Vaccine,Bangalore,Delhi,BlueDart,0,2025-05-06 00:00:00,2025-05-07 16:00:00
SHP-28756,Insulin Glargine,Hyderabad,Delhi,Shadowfax,0,2025-03-22 00:00:00,2025-03-22 15:00:00
SHP-83763,Humira (Adalimumab),Chennai,Hyderabad,DHL,0,2025-06-05 00:00:00,2025-06-07 20:00:00
SHP-19114,COVID-19 mRNA Vaccine,Hyderabad,Hyderabad ,FedEx,0,2025-12-19 00:00:00,2025-12-21 22:00:00
SHP-87424,Humira (Adalimumab),Bangalore,Mumbai,Delhivery,0,2025-05-27 00:00:00,2025-05-29 23:00:00
SHP-83172,Insulin Glargine,Mumbai,Chennai,DHL,0,2025-06-11 00:00:00,2025-06-11 12:00:00
SHP-23601,Amoxicillin,Mumbai,Hyderabad ,DHL,0,14/03/2025 00:00,2025-03-16 09:00:00
SHP-91423,Insulin Glargine,Hyderabad,Hyderabad,BlueDart,0,11/11/2025 00:00,2025-11-12 17:00:00
SHP-95152,Insulin Glargine,Bangalore,Mumbai,Delhivery,0,10/01/2025 00:00,2025-01-12 06:00:00
SHP-86013,Insulin Glargine,Mumbai,Mumbai,Delhivery,0,2025-05-23 00:00:00,2025-05-25 15:00:00
SHP-98800,Insulin Glargine,Bangalore,Bangalore,Shadowfax,0,2025-06-12 00:00:00,2025-06-14 05:00:00
SHP-14733,Amoxicillin,Mumbai,delhi,BlueDart,0,2025-02-15 00:00:00,2025-02-17 04:00:00
SHP-68937,Amoxicillin,Bangalore,Chennai,Shadowfax,0,2025-04-23 00:00:00,2025-04-25 21:00:00
SHP-17220,Humira (Adalimumab),Delhi,Bangalore,BlueDart,0,2025-06-26 00:00:00,2025-06-29 00:00:00
SHP-63494,COVID-19 mRNA Vaccine,Bangalore,Hyderabad,Delhivery,0,2025-12-25 00:00:00,2025-12-25 17:00:00
SHP-77521,Amoxicillin,Bangalore,Mumbai,BlueDart,0,2025-04-22 00:00:00,2025-04-23 15:00:00
SHP-10568,Amoxicillin,Hyderabad,Delhi,BlueDart,0,2025-07-20 00:00:00,2025-07-21 03:00:00
SHP-48922,COVID-19 mRNA Vaccine,Delhi,Bangalore,BlueDart,0,18/06/2025 00:00,2025-06-19 14:00:00
SHP-36282,Amoxicillin,Chennai,Delhi,FedEx,0,2025-10-14 00:00:00,2025-10-14 16:00:00
SHP-25067,Insulin Glargine,Hyderabad,Mumbai ,FedEx,0,05/08/2025 00:00,2025-08-07 04:00:00
SHP-82691,Insulin Glargine,Chennai,Bangalore,Delhivery,0,2025-07-23 00:00:00,2025-07-25 06:00:00
SHP-67107,COVID-19 mRNA Vaccine,Mumbai,Bangalore,BlueDart,1,25/05/2025 00:00,2025-05-27 09:00:00
SHP-96982,Humira (Adalimumab),Chennai,Delhi ,Delhivery,0,2025-01-15 00:00:00,2025-01-16 16:00:00
SHP-58853,Humira (Adalimumab),Bangalore,Mumbai,FedEx,0,2025-09-19 00:00:00,2025-09-20 14:00:00
SHP-32998,COVID-19 mRNA Vaccine,Chennai,Hyderabad,BlueDart,0,05/08/2025 00:00,2025-08-06 23:00:00
SHP-29600,COVID-19 mRNA Vaccine,Hyderabad,Bangalore,Shadowfax,0,2025-09-09 00:00:00,2025-09-09 15:00:00
SHP-26844,Insulin Glargine,Hyderabad,Hyderabad ,FedEx,0,2025-04-03 00:00:00,2025-04-04 05:00:00
SHP-82888,Humira (Adalimumab),Chennai,Mumbai,FedEx,1,2025-12-26 00:00:00,2025-12-28 17:00:00
SHP-58068,Amoxicillin,Hyderabad,bangalore,FedEx,0,18/09/2025 00:00,2025-09-20 04:00:00
SHP-68007,Insulin Glargine,Hyderabad,Bangalore,BlueDart,0,2025-10-18 00:00:00,2025-10-19 11:00:00
SHP-54223,COVID-19 mRNA Vaccine,Chennai,Hyderabad,,0,28/11/2025 00:00,2025-11-29 05:00:00
SHP-89492,Humira (Adalimumab),Delhi,Chennai ,Shadowfax,0,2025-02-04 00:00:00,2025-02-06 06:00:00
SHP-30693,Amoxicillin,Delhi,hyderabad,Shadowfax,0,2025-06-28 00:00:00,2025-06-30 14:00:00
SHP-76274,Amoxicillin,Mumbai,hyderabad ,Delhivery,0,2025-06-01 00:00:00,2025-06-01 14:00:00
SHP-22516,Insulin Glargine,Hyderabad,Chennai,BlueDart,0,09/07/2025 00:00,2025-07-11 13:00:00
SHP-90010,Humira (Adalimumab),Chennai,Mumbai,FedEx,0,2025-01-22 00:00:00,2025-01-24 19:00:00
SHP-76937,Humira (Adalimumab),Hyderabad,Mumbai,,0,2025-01-22 00:00:00,2025-01-23 17:00:00
SHP-28262,COVID-19 mRNA Vaccine,Bangalore,Bangalore,BlueDart,0,2025-08-12 00:00:00,2025-08-13 06:00:00
SHP-73150,Humira (Adalimumab),Hyderabad,Delhi,BlueDart,0,2025-11-01 00:00:00,2025-11-03 12:00:00
SHP-90650,Humira (Adalimumab),Hyderabad,Delhi,DHL,1,23/09/2025 00:00,2025-09-24 08:00:00
SHP-13554,Insulin Glargine,Delhi,Bangalore ,FedEx,0,11/09/2025 00:00,2025-09-13 12:00:00
SHP-82860,Humira (Adalimumab),Chennai,Delhi,BlueDart,0,2025-04-04 00:00:00,2025-04-05 05:00:00
SHP-58387,Amoxicillin,Hyderabad,Hyderabad,Shadowfax,0,2025-07-28 00:00:00,2025-07-30 11:00:00
SHP-98564,Insulin Glargine,Delhi,Hyderabad,Shadowfax,0,04/12/2025 00:00,2025-12-06 23:00:00
SHP-84399,Insulin Glargine,Mumbai,Chennai,DHL,0,2025-10-17 00:00:00,2025-10-19 05:00:00
SHP-16465,COVID-19 mRNA Vaccine,Delhi,Chennai,FedEx,0,2025-07-02 00:00:00,2025-07-04 22:00:00
SHP-55370,Humira (Adalimumab),Delhi,Bangalore,DHL,0,10/10/2025 00:00,2025-10-11 12:00:00
SHP-65580,COVID-19 mRNA Vaccine,Delhi,Bangalore,BlueDart,0,2025-01-16 00:00:00,2025-01-18 19:00:00
SHP-55809,Amoxicillin,Hyderabad,Bangalore,Shadowfax,1,2025-02-20 00:00:00,2025-02-22 18:00:00
SHP-38176,Insulin Glargine,Hyderabad,Hyderabad,Delhivery,0,2025-12-02 00:00:00,2025-12-03 11:00:00
SHP-36540,Insulin Glargine,Mumbai,Delhi,DHL,0,2025-07-23 00:00:00,2025-07-23 23:00:00
SHP-59512,Insulin Glargine,Bangalore,bangalore,Delhivery,1,04/09/2025 00:00,2025-09-06 17:00:00
SHP-12556,Amoxicillin,Bangalore,Bangalore,Delhivery,0,2025-08-06 00:00:00,2025-08-08 06:00:00
SHP-32452,Amoxicillin,Bangalore,Hyderabad,Shadowfax,1,2025-07-22 00:00:00,2025-07-24 21:00:00
SHP-78603,COVID-19 mRNA Vaccine,Mumbai,Hyderabad,DHL,1,20/09/2025 00:00,2025-09-21 17:00:00
SHP-59078,COVID-19 mRNA Vaccine,Bangalore,Hyderabad ,Delhivery,0,2025-10-20 00:00:00,2025-10-22 04:00:00
SHP-20204,COVID-19 mRNA Vaccine,Bangalore,Delhi,BlueDart,0,2025-11-11 00:00:00,2025-11-12 03:00:00
SHP-83945,Humira (Adalimumab),Delhi,Bangalore,FedEx,0,2025-03-27 00:00:00,2025-03-28 22:00:00
SHP-63720,Insulin Glargine,Hyderabad,mumbai,FedEx,0,2025-07-21 00:00:00,2025-07-21 22:00:00
SHP-19343,Insulin Glargine,Hyderabad,Mumbai,Shadowfax,0,2025-08-11 00:00:00,2025-08-13 01:00:00
SHP-90324,COVID-19 mRNA Vaccine,Delhi,Bangalore ,DHL,0,21/10/2025 00:00,2025-10-23 03:00:00
SHP-95375,Insulin Glargine,Delhi,Bangalore,DHL,0,2025-08-29 00:00:00,2025-08-29 16:00:00
SHP-15812,COVID-19 mRNA Vaccine,Delhi,Bangalore,FedEx,0,2025-08-12 00:00:00,2025-08-14 04:00:00
SHP-40015,Humira (Adalimumab),Hyderabad,Bangalore,BlueDart,0,30/05/2025 00:00,2025-05-30 14:00:00
SHP-36826,Humira (Adalimumab),Bangalore,Delhi,FedEx,0,2025-01-12 00:00:00,2025-01-14 14:00:00
SHP-18242,Amoxicillin,Delhi,Mumbai ,FedEx,0,2025-08-10 00:00:00,2025-08-10 14:00:00
SHP-99075,Humira (Adalimumab),Mumbai,Chennai,DHL,0,2025-05-27 00:00:00,2025-05-27 16:00:00
SHP-72998,COVID-19 mRNA Vaccine,Delhi,mumbai ,Delhivery,0,2025-01-26 00:00:00,2025-01-27 05:00:00
SHP-92864,Humira (Adalimumab),Chennai,Mumbai,BlueDart,0,2025-05-01 00:00:00,2025-05-03 09:00:00
SHP-19321,Amoxicillin,Delhi,Hyderabad,DHL,0,2025-10-24 00:00:00,2025-10-24 18:00:00
SHP-50661,Insulin Glargine,Hyderabad,Bangalore,FedEx,0,2025-08-28 00:00:00,2025-08-28 13:00:00
SHP-45771,COVID-19 mRNA Vaccine,Delhi,bangalore,Delhivery,0,2025-11-02 00:00:00,2025-11-03 09:00:00
SHP-99631,Insulin Glargine,Chennai,Bangalore ,BlueDart,0,2025-03-08 00:00:00,2025-03-10 04:00:00
SHP-83789,Amoxicillin,Mumbai,Hyderabad,Shadowfax,0,08/07/2025 00:00,2025-07-11 00:00:00
SHP-65044,Amoxicillin,Bangalore,delhi ,BlueDart,0,2025-04-05 00:00:00,2025-04-06 23:00:00
SHP-68496,Amoxicillin,Delhi,Delhi,BlueDart,0,2025-06-11 00:00:00,2025-06-12 03:00:00
SHP-34929,Insulin Glargine,Chennai,Chennai,,0,18/06/2025 00:00,2025-06-20 15:00:00
SHP-59905,Insulin Glargine,Chennai,Delhi ,FedEx,0,10/03/2025 00:00,2025-03-10 16:00:00
SHP-43004,Insulin Glargine,Mumbai,Delhi,Shadowfax,0,2025-10-24 00:00:00,2025-10-24 21:00:00
SHP-69983,Insulin Glargine,Hyderabad,Bangalore ,Shadowfax,0,21/03/2025 00:00,2025-03-21 21:00:00
SHP-99960,Amoxicillin,Delhi,Mumbai,Shadowfax,0,17/11/2025 00:00,2025-11-18 20:00:00
SHP-36763,Amoxicillin,Chennai,Delhi,DHL,0,2025-11-22 00:00:00,2025-11-24 03:00:00
SHP-12152,COVID-19 mRNA Vaccine,Mumbai,Delhi,DHL,0,2025-11-01 00:00:00,2025-11-02 18:00:00
SHP-90546,COVID-19 mRNA Vaccine,Bangalore,Hyderabad,FedEx,0,2025-11-24 00:00:00,2025-11-25 04:00:00
SHP-13358,Insulin Glargine,Chennai,Chennai,FedEx,0,2025-03-01 00:00:00,2025-03-02 21:00:00
SHP-41265,Humira (Adalimumab),Mumbai,Hyderabad ,Shadowfax,0,2025-06-06 00:00:00,2025-06-06 15:00:00
SHP-39617,Humira (Adalimumab),Hyderabad,Bangalore,DHL,0,30/08/2025 00:00,2025-09-01 09:00:00
SHP-65001,Amoxicillin,Hyderabad,Mumbai,Delhivery,0,2025-11-24 00:00:00,2025-11-24 21:00:00
SHP-25268,Amoxicillin,Chennai,Chennai ,DHL,0,2025-05-29 00:00:00,2025-05-30 09:00:00
SHP-79623,Amoxicillin,Chennai,Hyderabad ,FedEx,0,2025-03-19 00:00:00,2025-03-21 00:00:00
SHP-87504,COVID-19 mRNA Vaccine,Delhi,Delhi,DHL,0,2025-08-18 00:00:00,2025-08-18 17:00:00
SHP-89120,COVID-19 mRNA Vaccine,Mumbai,Delhi,FedEx,0,2025-07-02 00:00:00,2025-07-03 19:00:00
SHP-18570,Amoxicillin,Chennai,Chennai,Shadowfax,1,2025-04-12 00:00:00,2025-04-14 19:00:00
SHP-62665,Amoxicillin,Delhi,Delhi ,Shadowfax,0,2025-04-08 00:00:00,2025-04-09 13:00:00
SHP-24110,Amoxicillin,Delhi,Hyderabad ,Shadowfax,0,2025-06-08 00:00:00,2025-06-10 09:00:00
SHP-28195,Humira (Adalimumab),Chennai,Hyderabad,Delhivery,0,2025-06-02 00:00:00,2025-06-02 21:00:00
SHP-86639,COVID-19 mRNA Vaccine,Hyderabad,Delhi,,0,25/02/2025 00:00,2025-02-27 12:00:00
SHP-47476,Humira (Adalimumab),Mumbai,Delhi,FedEx,0,2025-10-19 00:00:00,2025-10-19 17:00:00
SHP-30091,Humira (Adalimumab),Mumbai,bangalore,BlueDart,0,2025-07-08 00:00:00,2025-07-08 22:00:00
SHP-82562,Amoxicillin,Hyderabad,Mumbai,Delhivery,0,2025-05-17 00:00:00,2025-05-19 17:00:00
SHP-36998,Amoxicillin,Chennai,Chennai,FedEx,0,2025-01-31 00:00:00,2025-02-01 19:00:00
SHP-96263,Insulin Glargine,Mumbai,Hyderabad,DHL,0,2025-12-21 00:00:00,2025-12-23 02:00:00
SHP-34788,Insulin Glargine,Chennai,Chennai,,0,17/09/2025 00:00,2025-09-19 08:00:00
SHP-55671,Humira (Adalimumab),Chennai,Bangalore ,Shadowfax,0,2025-10-16 00:00:00,2025-10-17 16:00:00
SHP-75073,COVID-19 mRNA Vaccine,Delhi,Hyderabad,Shadowfax,0,2025-06-28 00:00:00,2025-06-29 02:00:00
SHP-51637,Amoxicillin,Hyderabad,Bangalore ,FedEx,0,2025-07-29 00:00:00,2025-07-29 18:00:00
SHP-81238,Amoxicillin,Chennai,Bangalore,Shadowfax,0,2025-05-02 00:00:00,2025-05-03 05:00:00
SHP-88079,Humira (Adalimumab),Bangalore,Delhi,Delhivery,1,2025-10-13 00:00:00,2025-10-15 13:00:00
SHP-67526,Insulin Glargine,Hyderabad,Chennai,DHL,0,24/02/2025 00:00,2025-02-25 09:00:00
SHP-31732,COVID-19 mRNA Vaccine,Mumbai,Chennai,Shadowfax,0,2025-11-26 00:00:00,2025-11-27 12:00:00
SHP-19454,Insulin Glargine,Delhi,Delhi,FedEx,0,2025-06-27 00:00:00,2025-06-27 18:00:00
SHP-74698,Insulin Glargine,Mumbai,Chennai,DHL,0,2025-09-09 00:00:00,2025-09-10 18:00:00
SHP-66604,Insulin Glargine,Mumbai,Delhi ,Shadowfax,0,2025-08-27 00:00:00,2025-08-27 15:00:00
SHP-71395,Insulin Glargine,Hyderabad,Hyderabad,,0,2025-06-15 00:00:00,2025-06-15 13:00:00
SHP-15983,Amoxicillin,Mumbai,Bangalore,Shadowfax,0,2025-12-20 00:00:00,2025-12-22 01:00:00
SHP-44630,Amoxicillin,Chennai,Bangalore,Delhivery,0,2025-07-14 00:00:00,2025-07-16 07:00:00
SHP-64037,Insulin Glargine,Mumbai,chennai,DHL,0,2025-01-31 00:00:00,2025-02-01 03:00:00
SHP-54287,COVID-19 mRNA Vaccine,Delhi,Mumbai,Delhivery,0,08/11/2025 00:00,2025-11-10 11:00:00
SHP-62313,Humira (Adalimumab),Delhi,Bangalore,BlueDart,1,2025-09-13 00:00:00,2025-09-14 06:00:00
SHP-20317,COVID-19 mRNA Vaccine,Bangalore,delhi,BlueDart,0,2025-01-05 00:00:00,2025-01-05 18:00:00
SHP-22759,COVID-19 mRNA Vaccine,Delhi,Mumbai,Delhivery,0,30/05/2025 00:00,2025-05-30 12:00:00
SHP-21591,COVID-19 mRNA Vaccine,Mumbai,Mumbai,DHL,0,2025-04-26 00:00:00,2025-04-28 14:00:00
SHP-47539,Insulin Glargine,Delhi,Bangalore,BlueDart,0,2025-02-26 00:00:00,2025-02-27 18:00:00
SHP-52655,Amoxicillin,Hyderabad,Bangalore,BlueDart,0,2025-05-18 00:00:00,2025-05-19 02:00:00
SHP-91581,COVID-19 mRNA Vaccine,Delhi,Bangalore,Shadowfax,1,20/07/2025 00:00,2025-07-20 15:00:00
SHP-26126,Insulin Glargine,Chennai,Delhi,FedEx,0,25/07/2025 00:00,2025-07-25 22:00:00
SHP-91324,COVID-19 mRNA Vaccine,Hyderabad,Mumbai,BlueDart,0,2025-08-25 00:00:00,2025-08-26 18:00:00
SHP-42007,COVID-19 mRNA Vaccine,Bangalore,Chennai ,DHL,0,2025-08-02 00:00:00,2025-08-03 12:00:00
SHP-14207,Insulin Glargine,Chennai,Delhi,DHL,0,2025-11-22 00:00:00,2025-11-23 13:00:00
SHP-66371,Amoxicillin,Mumbai,Hyderabad ,Shadowfax,0,2025-09-16 00:00:00,2025-09-17 00:00:00
SHP-61370,Amoxicillin,Mumbai,Bangalore,DHL,1,2025-10-09 00:00:00,2025-10-09 12:00:00
SHP-69703,Humira (Adalimumab),Mumbai,Mumbai,Shadowfax,0,2025-02-27 00:00:00,2025-02-28 11:00:00
SHP-70658,Insulin Glargine,Chennai,Delhi,BlueDart,0,2025-08-24 00:00:00,2025-08-25 05:00:00
SHP-68100,Humira (Adalimumab),Chennai,Hyderabad,BlueDart,0,2025-04-24 00:00:00,2025-04-24 18:00:00
SHP-98697,Humira (Adalimumab),Chennai,Delhi,BlueDart,0,2025-07-24 00:00:00,2025-07-26 20:00:00
SHP-11727,Humira (Adalimumab),Hyderabad,Delhi,BlueDart,0,2025-10-14 00:00:00,2025-10-15 19:00:00
SHP-69279,Amoxicillin,Hyderabad,Chennai,FedEx,0,2025-10-04 00:00:00,2025-10-06 15:00:00
SHP-94407,Insulin Glargine,Mumbai,Chennai,FedEx,0,24/05/2025 00:00,2025-05-25 17:00:00
SHP-66322,Humira (Adalimumab),Delhi,Delhi,BlueDart,0,2025-07-18 00:00:00,2025-07-20 22:00:00
SHP-77967,Insulin Glargine,Mumbai,Hyderabad,DHL,0,2025-11-06 00:00:00,2025-11-06 22:00:00
SHP-23061,Insulin Glargine,Bangalore,Mumbai,Shadowfax,0,2025-06-21 00:00:00,2025-06-22 15:00:00
SHP-81549,Amoxicillin,Hyderabad,Mumbai,Delhivery,0,08/07/2025 00:00,2025-07-08 17:00:00
SHP-98722,Humira (Adalimumab),Chennai,Bangalore,Shadowfax,0,21/11/2025 00:00,2025-11-23 06:00:00
SHP-44342,Humira (Adalimumab),Hyderabad,bangalore,Delhivery,0,08/06/2025 00:00,2025-06-10 13:00:00
SHP-53010,Insulin Glargine,Chennai,Mumbai,,0,13/05/2025 00:00,2025-05-15 03:00:00
SHP-21329,COVID-19 mRNA Vaccine,Bangalore,delhi,BlueDart,0,2025-03-03 00:00:00,2025-03-04 20:00:00
SHP-60600,Amoxicillin,Bangalore,Delhi,Delhivery,0,2025-07-23 00:00:00,2025-07-23 14:00:00
SHP-90724,Amoxicillin,Hyderabad,Chennai,BlueDart,0,21/10/2025 00:00,2025-10-22 09:00:00
SHP-74828,Amoxicillin,Chennai,Chennai,FedEx,1,17/02/2025 00:00,2025-02-18 06:00:00
SHP-64568,Amoxicillin,Bangalore,Bangalore,DHL,0,2025-09-07 00:00:00,2025-09-08 22:00:00
SHP-95590,Humira (Adalimumab),Mumbai,mumbai,Delhivery,0,2025-03-16 00:00:00,2025-03-17 07:00:00
SHP-44315,Humira (Adalimumab),Mumbai,Delhi,DHL,0,2025-10-04 00:00:00,2025-10-05 05:00:00
SHP-46197,COVID-19 mRNA Vaccine,Chennai,Mumbai,BlueDart,0,2025-02-22 00:00:00,2025-02-22 15:00:00
SHP-80663,Amoxicillin,Hyderabad,Hyderabad,Delhivery,0,2025-06-09 00:00:00,2025-06-09 12:00:00
SHP-11360,Amoxicillin,Bangalore,Mumbai,Shadowfax,0,2025-09-22 00:00:00,2025-09-24 10:00:00
SHP-82586,Insulin Glargine,Hyderabad,Hyderabad,FedEx,0,2025-09-09 00:00:00,2025-09-10 21:00:00
SHP-23026,Humira (Adalimumab),Mumbai,Chennai,FedEx,0,2025-10-05 00:00:00,2025-10-07 00:00:00
SHP-37602,Amoxicillin,Bangalore,Chennai,Delhivery,0,2025-10-18 00:00:00,2025-10-19 05:00:00
SHP-31999,COVID-19 mRNA Vaccine,Hyderabad,Bangalore ,FedEx,0,2025-09-11 00:00:00,2025-09-12 18:00:00
SHP-50312,COVID-19 mRNA Vaccine,Delhi,Mumbai ,Shadowfax,0,2025-08-30 00:00:00,2025-08-31 02:00:00
SHP-79391,Humira (Adalimumab),Chennai,Mumbai,DHL,0,2025-05-11 00:00:00,2025-05-14 00:00:00
SHP-63623,COVID-19 mRNA Vaccine,Chennai,Hyderabad,Shadowfax,0,2025-12-26 00:00:00,2025-12-28 06:00:00
SHP-66876,COVID-19 mRNA Vaccine,Delhi,chennai,FedEx,0,15/07/2025 00:00,2025-07-17 07:00:00
SHP-97913,Humira (Adalimumab),Mumbai,Hyderabad,DHL,0,2025-11-27 00:00:00,2025-11-28 17:00:00
SHP-94193,Amoxicillin,Bangalore,Chennai,Shadowfax,0,2025-01-30 00:00:00,2025-01-30 17:00:00
SHP-71632,Amoxicillin,Chennai,Hyderabad,BlueDart,0,2025-05-11 00:00:00,2025-05-11 14:00:00
SHP-44361,COVID-19 mRNA Vaccine,Delhi,Chennai ,BlueDart,0,2025-03-16 00:00:00,2025-03-16 19:00:00
SHP-60114,COVID-19 mRNA Vaccine,Delhi,Hyderabad ,DHL,0,2025-07-12 00:00:00,2025-07-13 16:00:00
SHP-87482,Amoxicillin,Mumbai,chennai,DHL,0,2025-09-13 00:00:00,2025-09-13 22:00:00
SHP-71598,Humira (Adalimumab),Mumbai,Hyderabad,DHL,0,2025-02-12 00:00:00,2025-02-13 19:00:00
SHP-96909,COVID-19 mRNA Vaccine,Hyderabad,Mumbai,BlueDart,0,01/07/2025 00:00,2025-07-02 13:00:00
SHP-17282,Insulin Glargine,Chennai,Bangalore,Shadowfax,0,2025-09-16 00:00:00,2025-09-17 23:00:00
SHP-17611,Humira (Adalimumab),Hyderabad,Hyderabad,DHL,0,2025-08-12 00:00:00,2025-08-14 04:00:00
SHP-27184,COVID-19 mRNA Vaccine,Delhi,Bangalore,BlueDart,1,2025-01-22 00:00:00,2025-01-24 23:00:00
SHP-65305,COVID-19 mRNA Vaccine,Bangalore,Mumbai,DHL,0,2025-04-27 00:00:00,2025-04-29 01:00:00
SHP-49752,Insulin Glargine,Bangalore,Mumbai,DHL,0,2025-11-05 00:00:00,2025-11-05 16:00:00
SHP-85883,Insulin Glargine,Mumbai,Chennai,,0,2025-12-11 00:00:00,2025-12-12 21:00:00
SHP-58434,Amoxicillin,Bangalore,Bangalore,BlueDart,0,2025-12-25 00:00:00,2025-12-25 12:00:00
SHP-87378,Humira (Adalimumab),Bangalore,Delhi,Shadowfax,1,2025-01-12 00:00:00,2025-01-12 15:00:00
SHP-26014,Humira (Adalimumab),Bangalore,Chennai,BlueDart,0,2025-12-23 00:00:00,2025-12-23 23:00:00
SHP-47762,Amoxicillin,Delhi,Bangalore,BlueDart,0,2025-12-10 00:00:00,2025-12-10 23:00:00
SHP-48841,Humira (Adalimumab),Bangalore,Hyderabad,DHL,0,16/07/2025 00:00,2025-07-16 18:00:00
SHP-94316,Humira (Adalimumab),Bangalore,Hyderabad,Delhivery,0,2025-06-25 00:00:00,2025-06-26 16:00:00
SHP-88857,Humira (Adalimumab),Bangalore,Mumbai,Delhivery,0,2025-12-23 00:00:00,2025-12-23 14:00:00
SHP-47461,Humira (Adalimumab),Hyderabad,Delhi,Delhivery,0,2025-06-12 00:00:00,2025-06-13 08:00:00
SHP-33990,Humira (Adalimumab),Delhi,Hyderabad ,BlueDart,1,2025-04-30 00:00:00,2025-05-01 10:00:00
SHP-92501,Insulin Glargine,Mumbai,Bangalore ,DHL,0,2025-07-18 00:00:00,2025-07-19 14:00:00
SHP-54570,Humira (Adalimumab),Hyderabad,Bangalore,Delhivery,0,2025-12-17 00:00:00,2025-12-18 18:00:00
SHP-66250,Insulin Glargine,Chennai,Hyderabad,,0,03/08/2025 00:00,2025-08-04 08:00:00
SHP-25865,Humira (Adalimumab),Delhi,Bangalore ,FedEx,0,2025-08-19 00:00:00,2025-08-21 08:00:00
SHP-45886,Amoxicillin,Delhi,Bangalore,FedEx,0,26/06/2025 00:00,2025-06-28 01:00:00
SHP-98174,COVID-19 mRNA Vaccine,Chennai,Mumbai,Shadowfax,0,2025-03-31 00:00:00,2025-04-01 20:00:00
SHP-95086,Insulin Glargine,Chennai,delhi,DHL,0,25/11/2025 00:00,2025-11-25 19:00:00
SHP-12698,Humira (Adalimumab),Chennai,Mumbai,BlueDart,0,2025-01-16 00:00:00,2025-01-17 04:00:00
SHP-67174,Amoxicillin,Mumbai,delhi,BlueDart,0,2025-02-11 00:00:00,2025-02-13 21:00:00
SHP-18549,COVID-19 mRNA Vaccine,Bangalore,Bangalore,DHL,0,2025-08-25 00:00:00,2025-08-27 11:00:00
SHP-90206,Insulin Glargine,Delhi,Delhi,Shadowfax,0,2025-09-25 00:00:00,2025-09-27 10:00:00
SHP-55816,COVID-19 mRNA Vaccine,Bangalore,Bangalore,DHL,0,2025-10-16 00:00:00,2025-10-17 11:00:00
SHP-29952,Amoxicillin,Bangalore,Bangalore,Shadowfax,0,2025-10-25 00:00:00,2025-10-26 23:00:00
SHP-80438,Insulin Glargine,Chennai,Mumbai ,Delhivery,0,2025-02-26 00:00:00,2025-02-27 00:00:00
SHP-85861,COVID-19 mRNA Vaccine,Mumbai,Mumbai,Delhivery,0,24/08/2025 00:00,2025-08-26 18:00:00
SHP-42208,Humira (Adalimumab),Hyderabad,Chennai ,Shadowfax,0,2025-12-22 00:00:00,2025-12-22 20:00:00
SHP-74951,Insulin Glargine,Mumbai,Hyderabad,,1,11/01/2025 00:00,2025-01-12 12:00:00
SHP-74212,COVID-19 mRNA Vaccine,Bangalore,Chennai ,Delhivery,0,2025-10-29 00:00:00,2025-10-29 23:00:00
SHP-60016,Amoxicillin,Mumbai,Chennai,DHL,0,27/02/2025 00:00,2025-02-28 14:00:00
SHP-93294,Amoxicillin,Chennai,Delhi,Delhivery,0,2025-05-02 00:00:00,2025-05-03 20:00:00
SHP-24093,Insulin Glargine,Hyderabad,Bangalore,DHL,0,2025-08-22 00:00:00,2025-08-23 00:00:00
SHP-53675,COVID-19 mRNA Vaccine,Chennai,bangalore,DHL,0,2025-11-05 00:00:00,2025-11-05 22:00:00
SHP-17280,Insulin Glargine,Hyderabad,Bangalore,FedEx,1,2025-12-16 00:00:00,2025-12-16 17:00:00
SHP-16924,Insulin Glargine,Bangalore,Hyderabad,Shadowfax,1,2025-02-01 00:00:00,2025-02-02 17:00:00
SHP-85170,COVID-19 mRNA Vaccine,Hyderabad,Delhi ,BlueDart,0,2025-10-29 00:00:00,2025-10-29 13:00:00
SHP-58603,COVID-19 mRNA Vaccine,Hyderabad,Delhi,Shadowfax,0,2025-04-16 00:00:00,2025-04-18 19:00:00
SHP-44034,Humira (Adalimumab),Hyderabad,Bangalore,DHL,0,21/06/2025 00:00,2025-06-21 14:00:00
SHP-22696,COVID-19 mRNA Vaccine,Mumbai,Chennai,DHL,0,2025-12-07 00:00:00,2025-12-09 13:00:00
SHP-79338,Amoxicillin,Mumbai,Hyderabad,Shadowfax,0,2025-02-11 00:00:00,2025-02-12 08:00:00
SHP-84259,Insulin Glargine,Bangalore,chennai ,DHL,0,2025-02-21 00:00:00,2025-02-22 23:00:00
SHP-58217,Insulin Glargine,Hyderabad,Mumbai,Delhivery,0,04/04/2025 00:00,2025-04-04 14:00:00
SHP-30565,Amoxicillin,Delhi,Delhi,DHL,0,04/01/2025 00:00,2025-01-05 11:00:00
SHP-74423,COVID-19 mRNA Vaccine,Bangalore,delhi,Shadowfax,0,2025-08-03 00:00:00,2025-08-05 04:00:00
SHP-59259,Amoxicillin,Hyderabad,Chennai,Shadowfax,0,29/09/2025 00:00,2025-09-30 15:00:00
SHP-94950,Amoxicillin,Hyderabad,Hyderabad,Shadowfax,0,2025-07-12 00:00:00,2025-07-14 05:00:00
SHP-91829,Humira (Adalimumab),Mumbai,Delhi,FedEx,0,2025-10-01 00:00:00,2025-10-02 17:00:00
SHP-74264,Amoxicillin,Bangalore,Chennai,FedEx,0,2025-05-07 00:00:00,2025-05-07 20:00:00
SHP-89807,Insulin Glargine,Hyderabad,Hyderabad,FedEx,0,11/05/2025 00:00,2025-05-12 17:00:00
SHP-15342,Amoxicillin,Hyderabad,Chennai,FedEx,0,2025-10-15 00:00:00,2025-10-17 16:00:00
SHP-46033,Insulin Glargine,Bangalore,Hyderabad,FedEx,0,2025-06-22 00:00:00,2025-06-23 07:00:00
SHP-17485,Insulin Glargine,Delhi,Bangalore,FedEx,0,2025-07-14 00:00:00,2025-07-16 13:00:00
SHP-64043,Insulin Glargine,Bangalore,hyderabad ,FedEx,0,2025-04-07 00:00:00,2025-04-08 00:00:00
SHP-93364,COVID-19 mRNA Vaccine,Bangalore,Mumbai ,Shadowfax,0,2025-04-12 00:00:00,2025-04-13 15:00:00
SHP-19675,Humira (Adalimumab),Delhi,Bangalore,BlueDart,1,2025-02-02 00:00:00,2025-02-03 00:00:00
SHP-29718,Insulin Glargine,Bangalore,chennai,FedEx,0,2025-06-12 00:00:00,2025-06-13 00:00:00
SHP-37545,Insulin Glargine,Hyderabad,Bangalore,Shadowfax,0,17/11/2025 00:00,2025-11-18 21:00:00
SHP-57660,COVID-19 mRNA Vaccine,Bangalore,Bangalore,BlueDart,0,2025-12-27 00:00:00,2025-12-28 13:00:00
SHP-37243,Insulin Glargine,Delhi,Chennai,FedEx,0,2025-01-13 00:00:00,2025-01-14 04:00:00
SHP-49880,Amoxicillin,Chennai,Chennai,,0,2025-02-19 00:00:00,2025-02-19 13:00:00
SHP-89055,Amoxicillin,Bangalore,Mumbai,BlueDart,0,2025-11-23 00:00:00,2025-11-25 00:00:00
SHP-23166,Humira (Adalimumab),Mumbai,Chennai,Delhivery,0,2025-01-13 00:00:00,2025-01-15 11:00:00
SHP-53378,Insulin Glargine,Hyderabad,Delhi,DHL,0,2025-01-11 00:00:00,2025-01-12 01:00:00
SHP-38256,COVID-19 mRNA Vaccine,Hyderabad,Delhi,Delhivery,1,2025-08-23 00:00:00,2025-08-23 17:00:00
SHP-90496,Amoxicillin,Mumbai,Mumbai,BlueDart,1,2025-05-28 00:00:00,2025-05-30 17:00:00
SHP-76564,COVID-19 mRNA Vaccine,Mumbai,Hyderabad ,Shadowfax,0,2025-10-28 00:00:00,2025-10-29 22:00:00
SHP-52918,COVID-19 mRNA Vaccine,Bangalore,Hyderabad,FedEx,0,2025-03-16 00:00:00,2025-03-18 10:00:00
SHP-31639,Amoxicillin,Mumbai,Delhi,DHL,0,2025-07-01 00:00:00,2025-07-03 00:00:00
SHP-69469,COVID-19 mRNA Vaccine,Chennai,Chennai,FedEx,0,2025-08-29 00:00:00,2025-08-30 19:00:00
SHP-55258,Amoxicillin,Delhi,Mumbai,Shadowfax,0,2025-07-01 00:00:00,2025-07-03 22:00:00
SHP-95761,COVID-19 mRNA Vaccine,Mumbai,Hyderabad,DHL,1,28/12/2025 00:00,2025-12-31 00:00:00
SHP-88200,Amoxicillin,Mumbai,Hyderabad ,Delhivery,0,2025-03-10 00:00:00,2025-03-10 20:00:00
SHP-70561,Insulin Glargine,Chennai,Bangalore,BlueDart,0,03/01/2025 00:00,2025-01-05 23:00:00
SHP-31085,Humira (Adalimumab),Hyderabad,delhi,Shadowfax,0,2025-06-13 00:00:00,2025-06-14 06:00:00
SHP-39348,Amoxicillin,Hyderabad,chennai,BlueDart,0,2025-11-12 00:00:00,2025-11-13 06:00:00
SHP-45093,Amoxicillin,Bangalore,Mumbai,BlueDart,0,2025-10-15 00:00:00,2025-10-17 11:00:00
SHP-76542,Humira (Adalimumab),Chennai,Hyderabad,FedEx,0,05/12/2025 00:00,2025-12-07 08:00:00
SHP-97574,Amoxicillin,Delhi,Bangalore,Shadowfax,0,2025-08-28 00:00:00,2025-08-30 01:00:00
SHP-53175,Amoxicillin,Delhi,Delhi,BlueDart,1,05/11/2025 00:00,2025-11-06 01:00:00
SHP-32774,COVID-19 mRNA Vaccine,Chennai,Delhi,Delhivery,0,2025-06-24 00:00:00,2025-06-24 16:00:00
SHP-17612,Humira (Adalimumab),Delhi,Mumbai,DHL,0,2025-06-21 00:00:00,2025-06-22 06:00:00
SHP-50191,Insulin Glargine,Hyderabad,Hyderabad,Shadowfax,0,2025-05-06 00:00:00,2025-05-08 07:00:00
SHP-84279,Amoxicillin,Delhi,Mumbai ,FedEx,0,31/10/2025 00:00,2025-11-01 12:00:00
SHP-30595,Humira (Adalimumab),Delhi,Mumbai,Shadowfax,0,2025-08-27 00:00:00,2025-08-27 23:00:00
SHP-76417,COVID-19 mRNA Vaccine,Chennai,bangalore ,FedEx,0,2025-11-21 00:00:00,2025-11-22 03:00:00
SHP-27508,Insulin Glargine,Chennai,delhi,DHL,1,18/02/2025 00:00,2025-02-20 14:00:00
SHP-22575,Humira (Adalimumab),Delhi,Chennai,Delhivery,0,2025-01-03 00:00:00,2025-01-05 14:00:00
SHP-62551,Insulin Glargine,Mumbai,Delhi,BlueDart,0,2025-12-29 00:00:00,2025-12-29 13:00:00
SHP-62132,Insulin Glargine,Chennai,Delhi,Shadowfax,0,19/05/2025 00:00,2025-05-20 04:00:00
SHP-72140,Insulin Glargine,Bangalore,Bangalore ,FedEx,0,2025-02-15 00:00:00,2025-02-16 23:00:00
SHP-37155,Amoxicillin,Bangalore,Chennai,DHL,0,20/10/2025 00:00,2025-10-22 00:00:00
SHP-95718,Amoxicillin,Hyderabad,Hyderabad ,BlueDart,0,07/01/2025 00:00,2025-01-07 23:00:00
SHP-16185,COVID-19 mRNA Vaccine,Delhi,Chennai,DHL,0,2025-11-21 00:00:00,2025-11-23 19:00:00
SHP-32776,COVID-19 mRNA Vaccine,Mumbai,hyderabad,Delhivery,0,2025-04-16 00:00:00,2025-04-18 07:00:00
SHP-30423,Humira (Adalimumab),Hyderabad,chennai ,BlueDart,0,2025-01-22 00:00:00,2025-01-23 10:00:00
SHP-19730,COVID-19 mRNA Vaccine,Delhi,Mumbai,,0,2025-06-29 00:00:00,2025-06-29 22:00:00
SHP-76911,Insulin Glargine,Chennai,Chennai ,BlueDart,0,2025-09-11 00:00:00,2025-09-12 13:00:00
SHP-84489,Insulin Glargine,Bangalore,Bangalore,FedEx,0,2025-03-07 00:00:00,2025-03-09 22:00:00
SHP-74290,Amoxicillin,Mumbai,Hyderabad ,BlueDart,0,2025-02-08 00:00:00,2025-02-08 14:00:00
SHP-17180,Insulin Glargine,Bangalore,Delhi,DHL,0,2025-05-15 00:00:00,2025-05-17 14:00:00
SHP-30542,Humira (Adalimumab),Chennai,Bangalore ,FedEx,0,2025-11-15 00:00:00,2025-11-18 00:00:00
SHP-71065,Insulin Glargine,Delhi,Hyderabad ,BlueDart,0,2025-04-26 00:00:00,2025-04-28 00:00:00
SHP-75991,Insulin Glargine,Chennai,Hyderabad,DHL,0,2025-10-29 00:00:00,2025-10-31 07:00:00
SHP-79848,Humira (Adalimumab),Chennai,Delhi,DHL,0,2025-10-24 00:00:00,2025-10-24 18:00:00
SHP-90067,COVID-19 mRNA Vaccine,Bangalore,Mumbai,Shadowfax,0,2025-02-03 00:00:00,2025-02-03 13:00:00
SHP-99013,COVID-19 mRNA Vaccine,Mumbai,Bangalore ,DHL,0,2025-08-24 00:00:00,2025-08-24 12:00:00
SHP-80925,Humira (Adalimumab),Chennai,Delhi,Delhivery,0,2025-02-21 00:00:00,2025-02-21 21:00:00
SHP-40033,Amoxicillin,Bangalore,Delhi ,BlueDart,0,2025-03-07 00:00:00,2025-03-08 14:00:00
SHP-17121,Insulin Glargine,Mumbai,Mumbai,BlueDart,0,2025-07-06 00:00:00,2025-07-07 19:00:00
SHP-32592,Humira (Adalimumab),Delhi,Bangalore ,BlueDart,0,2025-08-25 00:00:00,2025-08-26 22:00:00
SHP-43260,Insulin Glargine,Delhi,Delhi ,DHL,0,2025-08-14 00:00:00,2025-08-15 15:00:00
SHP-21407,Amoxicillin,Hyderabad,Mumbai,,0,2025-01-18 00:00:00,2025-01-20 01:00:00
SHP-61521,Insulin Glargine,Bangalore,Bangalore,BlueDart,0,08/08/2025 00:00,2025-08-09 04:00:00
SHP-83557,Humira (Adalimumab),Mumbai,Chennai,FedEx,0,2025-07-07 00:00:00,2025-07-08 05:00:00
SHP-45572,Insulin Glargine,Chennai,Hyderabad ,FedEx,0,2025-09-18 00:00:00,2025-09-19 16:00:00
SHP-41709,COVID-19 mRNA Vaccine,Delhi,mumbai,Delhivery,1,2026-01-01 00:00:00,2026-01-02 03:00:00
SHP-84267,Amoxicillin,Mumbai,Hyderabad ,Shadowfax,0,24/05/2025 00:00,2025-05-25 18:00:00
SHP-15058,Amoxicillin,Bangalore,Chennai,Delhivery,0,2025-06-24 00:00:00,2025-06-25 09:00:00
SHP-15547,Amoxicillin,Hyderabad,Delhi ,BlueDart,0,2025-07-24 00:00:00,2025-07-25 05:00:00
SHP-44356,Humira (Adalimumab),Delhi,Delhi,BlueDart,0,2025-10-10 00:00:00,2025-10-12 17:00:00
SHP-80835,Amoxicillin,Mumbai,Bangalore ,BlueDart,0,2025-09-24 00:00:00,2025-09-26 04:00:00
SHP-57690,COVID-19 mRNA Vaccine,Mumbai,Mumbai ,Shadowfax,0,2025-05-08 00:00:00,2025-05-08 12:00:00
SHP-48531,Humira (Adalimumab),Mumbai,mumbai,DHL,0,2025-07-24 00:00:00,2025-07-26 01:00:00
SHP-85525,COVID-19 mRNA Vaccine,Bangalore,Bangalore,Shadowfax,0,2025-06-14 00:00:00,2025-06-14 22:00:00
SHP-97021,Insulin Glargine,Bangalore,Hyderabad,Delhivery,0,2025-01-08 00:00:00,2025-01-09 20:00:00
SHP-90904,Insulin Glargine,Bangalore,Delhi ,DHL,0,2025-04-04 00:00:00,2025-04-06 18:00:00
SHP-25573,Insulin Glargine,Chennai,Delhi,DHL,1,2025-04-19 00:00:00,2025-04-21 21:00:00
SHP-82076,Insulin Glargine,Mumbai,Mumbai,Delhivery,0,2025-11-17 00:00:00,2025-11-19 07:00:00
SHP-66767,COVID-19 mRNA Vaccine,Delhi,Mumbai ,DHL,0,09/06/2025 00:00,2025-06-10 05:00:00
SHP-48423,Humira (Adalimumab),Bangalore,Bangalore,FedEx,0,2025-08-14 00:00:00,2025-08-16 19:00:00
SHP-42733,Humira (Adalimumab),Bangalore,Chennai,Delhivery,0,2025-04-28 00:00:00,2025-04-30 13:00:00
SHP-55454,Amoxicillin,Mumbai,Hyderabad,,0,2025-11-11 00:00:00,2025-11-12 16:00:00
SHP-79579,COVID-19 mRNA Vaccine,Bangalore,Chennai,FedEx,0,2025-08-14 00:00:00,2025-08-16 05:00:00
SHP-67271,Insulin Glargine,Chennai,Chennai ,Shadowfax,0,2025-01-07 00:00:00,2025-01-09 02:00:00
SHP-72696,COVID-19 mRNA Vaccine,Chennai,Mumbai ,Shadowfax,0,2025-12-14 00:00:00,2025-12-14 13:00:00
SHP-60342,Amoxicillin,Bangalore,Mumbai,Shadowfax,0,2025-05-04 00:00:00,2025-05-05 01:00:00
SHP-59638,Amoxicillin,Mumbai,mumbai,DHL,0,31/03/2025 00:00,2025-04-02 02:00:00
SHP-36049,COVID-19 mRNA Vaccine,Mumbai,Chennai,FedEx,0,2025-02-01 00:00:00,2025-02-03 06:00:00
SHP-59773,COVID-19 mRNA Vaccine,Mumbai,hyderabad,Delhivery,0,2025-01-22 00:00:00,2025-01-24 23:00:00
SHP-44720,COVID-19 mRNA Vaccine,Hyderabad,Mumbai,Delhivery,0,2025-06-02 00:00:00,2025-06-04 17:00:00
SHP-94576,Humira (Adalimumab),Bangalore,Delhi,Delhivery,0,2025-04-22 00:00:00,2025-04-24 05:00:00
SHP-45428,Insulin Glargine,Mumbai,Hyderabad,DHL,0,2025-08-06 00:00:00,2025-08-08 15:00:00
SHP-74783,COVID-19 mRNA Vaccine,Chennai,Delhi,,0,2025-11-20 00:00:00,2025-11-21 22:00:00
SHP-40142,COVID-19 mRNA Vaccine,Delhi,Hyderabad,Shadowfax,0,2025-09-18 00:00:00,2025-09-19 21:00:00
SHP-93933,COVID-19 mRNA Vaccine,Delhi,Mumbai,DHL,0,2025-06-05 00:00:00,2025-06-07 21:00:00
SHP-90650,Amoxicillin,Mumbai,Bangalore,Shadowfax,0,2025-11-26 00:00:00,2025-11-26 23:00:00
SHP-81600,Amoxicillin,Delhi,Mumbai,Shadowfax,1,10/11/2025 00:00,2025-11-11 11:00:00
SHP-63386,Humira (Adalimumab),Delhi,Chennai ,Delhivery,0,2025-08-13 00:00:00,2025-08-15 15:00:00
SHP-51072,Insulin Glargine,Hyderabad,Chennai,DHL,0,2025-10-06 00:00:00,2025-10-06 19:00:00
SHP-10684,Humira (Adalimumab),Chennai,Hyderabad,Shadowfax,0,2025-09-01 00:00:00,2025-09-03 12:00:00
SHP-47906,Insulin Glargine,Chennai,Chennai,FedEx,0,2025-11-06 00:00:00,2025-11-07 23:00:00
SHP-86665,Amoxicillin,Hyderabad,Mumbai,FedEx,0,20/02/2025 00:00,2025-02-21 00:00:00
SHP-80551,Amoxicillin,Hyderabad,Delhi,,0,2025-12-16 00:00:00,2025-12-17 11:00:00
SHP-11220,Amoxicillin,Delhi,Mumbai,Delhivery,0,12/02/2025 00:00,2025-02-14 22:00:00
SHP-42799,Humira (Adalimumab),Bangalore,Hyderabad,Delhivery,0,20/01/2025 00:00,2025-01-20 20:00:00
SHP-10902,COVID-19 mRNA Vaccine,Delhi,Chennai,Shadowfax,0,2025-12-01 00:00:00,2025-12-01 19:00:00
SHP-13017,COVID-19 mRNA Vaccine,Hyderabad,Delhi,DHL,0,2025-09-01 00:00:00,2025-09-02 03:00:00
SHP-41533,Amoxicillin,Chennai,Bangalore,FedEx,0,2025-05-28 00:00:00,2025-05-31 00:00:00
SHP-21486,COVID-19 mRNA Vaccine,Delhi,Delhi,Shadowfax,0,2025-03-07 00:00:00,2025-03-08 06:00:00
SHP-84384,COVID-19 mRNA Vaccine,Bangalore,Delhi,Shadowfax,0,2025-01-23 00:00:00,2025-01-23 18:00:00
SHP-98902,Humira (Adalimumab),Delhi,Mumbai ,BlueDart,0,22/05/2025 00:00,2025-05-22 18:00:00
SHP-64784,Insulin Glargine,Mumbai,Bangalore,DHL,0,2025-11-21 00:00:00,2025-11-21 12:00:00
SHP-82611,Amoxicillin,Delhi,Hyderabad,Shadowfax,0,2025-09-29 00:00:00,2025-09-29 20:00:00
SHP-74453,Amoxicillin,Hyderabad,hyderabad,FedEx,0,2025-09-24 00:00:00,2025-09-25 03:00:00
SHP-67646,Humira (Adalimumab),Chennai,Delhi,BlueDart,0,2025-11-25 00:00:00,2025-11-25 16:00:00
SHP-97096,Humira (Adalimumab),Chennai,Delhi,FedEx,0,2025-05-25 00:00:00,2025-05-25 22:00:00
SHP-77477,COVID-19 mRNA Vaccine,Hyderabad,Chennai,Delhivery,0,2025-01-24 00:00:00,2025-01-26 03:00:00
SHP-67505,Amoxicillin,Mumbai,Bangalore,BlueDart,0,2025-04-25 00:00:00,2025-04-26 22:00:00
SHP-38042,Insulin Glargine,Hyderabad,Delhi,BlueDart,0,2025-07-26 00:00:00,2025-07-27 04:00:00
SHP-58365,Humira (Adalimumab),Delhi,Chennai ,Shadowfax,0,2025-02-17 00:00:00,2025-02-18 19:00:00
SHP-91242,Insulin Glargine,Hyderabad,Bangalore,Delhivery,0,04/09/2025 00:00,2025-09-04 17:00:00
SHP-19666,Insulin Glargine,Hyderabad,Hyderabad,Shadowfax,0,11/10/2025 00:00,2025-10-12 19:00:00
SHP-90663,Amoxicillin,Mumbai,Chennai ,DHL,0,2025-09-11 00:00:00,2025-09-12 22:00:00
SHP-14595,Amoxicillin,Delhi,Bangalore,FedEx,0,19/03/2025 00:00,2025-03-21 19:00:00
SHP-32727,Humira (Adalimumab),Bangalore,Chennai ,FedEx,0,2025-07-22 00:00:00,2025-07-23 07:00:00
SHP-83004,Amoxicillin,Bangalore,Delhi,Shadowfax,0,2025-01-20 00:00:00,2025-01-22 04:00:00
SHP-65900,Amoxicillin,Chennai,Mumbai ,FedEx,0,2025-07-03 00:00:00,2025-07-03 17:00:00
SHP-49662,Amoxicillin,Hyderabad,hyderabad,FedEx,0,2025-12-04 00:00:00,2025-12-04 21:00:00
SHP-13094,Insulin Glargine,Chennai,Delhi,DHL,0,2025-10-12 00:00:00,2025-10-13 12:00:00
SHP-40560,Humira (Adalimumab),Mumbai,Delhi ,,0,19/08/2025 00:00,2025-08-20 15:00:00
SHP-30287,COVID-19 mRNA Vaccine,Bangalore,Bangalore ,BlueDart,0,2025-02-28 00:00:00,2025-03-02 18:00:00
SHP-39040,Insulin Glargine,Hyderabad,Chennai ,Shadowfax,0,14/06/2025 00:00,2025-06-15 04:00:00
SHP-59113,Amoxicillin,Mumbai,Hyderabad,Shadowfax,1,2025-05-09 00:00:00,2025-05-11 12:00:00
SHP-19960,Insulin Glargine,Mumbai,Delhi,DHL,0,06/05/2025 00:00,2025-05-06 12:00:00
SHP-62068,Amoxicillin,Hyderabad,Bangalore ,DHL,0,2025-06-07 00:00:00,2025-06-09 23:00:00
SHP-21816,Amoxicillin,Mumbai,Hyderabad ,BlueDart,0,22/02/2025 00:00,2025-02-24 04:00:00
SHP-97020,Insulin Glargine,Hyderabad,Chennai,Delhivery,0,2025-10-31 00:00:00,2025-11-01 02:00:00
SHP-38361,Humira (Adalimumab),Hyderabad,Delhi,Shadowfax,0,2025-05-04 00:00:00,2025-05-06 23:00:00
SHP-31352,Amoxicillin,Delhi,Delhi,DHL,0,2025-03-06 00:00:00,2025-03-08 18:00:00
SHP-17677,Humira (Adalimumab),Chennai,Delhi,Shadowfax,0,2025-09-27 00:00:00,2025-09-29 04:00:00
SHP-44136,COVID-19 mRNA Vaccine,Mumbai,Hyderabad ,FedEx,0,2025-01-03 00:00:00,2025-01-03 19:00:00
SHP-83088,Amoxicillin,Mumbai,Hyderabad,Shadowfax,0,2025-09-17 00:00:00,2025-09-17 16:00:00
SHP-61138,Humira (Adalimumab),Delhi,Hyderabad,Delhivery,0,07/07/2025 00:00,2025-07-08 03:00:00
SHP-49941,Humira (Adalimumab),Delhi,Hyderabad,Delhivery,0,2025-06-07 00:00:00,2025-06-08 09:00:00
SHP-88847,COVID-19 mRNA Vaccine,Delhi,Bangalore ,Shadowfax,0,02/11/2025 00:00,2025-11-04 01:00:00
SHP-83240,Humira (Adalimumab),Bangalore,Mumbai,FedEx,1,2025-04-20 00:00:00,2025-04-20 21:00:00
SHP-51164,Humira (Adalimumab),Bangalore,Bangalore,Delhivery,0,2025-08-15 00:00:00,2025-08-16 09:00:00
SHP-67877,COVID-19 mRNA Vaccine,Bangalore,Delhi,DHL,0,18/12/2025 00:00,2025-12-19 01:00:00
SHP-28346,Amoxicillin,Hyderabad,Bangalore,Shadowfax,0,2025-08-07 00:00:00,2025-08-08 06:00:00
SHP-76337,Humira (Adalimumab),Mumbai,Chennai ,FedEx,0,2025-02-21 00:00:00,2025-02-23 22:00:00
SHP-89903,Humira (Adalimumab),Chennai,Hyderabad,DHL,0,2025-04-25 00:00:00,2025-04-27 11:00:00
SHP-96270,Humira (Adalimumab),Hyderabad,Chennai,Shadowfax,0,2025-03-13 00:00:00,2025-03-15 00:00:00
SHP-83779,Insulin Glargine,Mumbai,Chennai,,0,2025-05-10 00:00:00,2025-05-11 23:00:00
SHP-82290,COVID-19 mRNA Vaccine,Mumbai,Delhi ,DHL,0,23/02/2025 00:00,2025-02-24 21:00:00
SHP-11014,Insulin Glargine,Delhi,Hyderabad,Delhivery,0,2025-10-04 00:00:00,2025-10-06 04:00:00
SHP-72807,COVID-19 mRNA Vaccine,Delhi,Chennai,Shadowfax,0,2025-06-22 00:00:00,2025-06-24 16:00:00
SHP-15589,Amoxicillin,Hyderabad,Delhi,Shadowfax,0,2025-06-17 00:00:00,2025-06-19 00:00:00
SHP-61318,Amoxicillin,Delhi,Hyderabad,Delhivery,0,2025-09-23 00:00:00,2025-09-23 18:00:00
SHP-70439,Humira (Adalimumab),Mumbai,mumbai,BlueDart,0,2025-04-12 00:00:00,2025-04-12 23:00:00
SHP-73343,COVID-19 mRNA Vaccine,Delhi,Delhi,DHL,0,2025-10-25 00:00:00,2025-10-27 12:00:00
SHP-87338,Amoxicillin,Bangalore,Bangalore ,Delhivery,0,2025-12-17 00:00:00,2025-12-19 14:00:00
SHP-61114,COVID-19 mRNA Vaccine,Delhi,Hyderabad,Shadowfax,0,2025-12-09 00:00:00,2025-12-10 16:00:00
SHP-59459,Amoxicillin,Mumbai,Chennai ,DHL,0,22/10/2025 00:00,2025-10-23 02:00:00
SHP-57791,Insulin Glargine,Hyderabad,Chennai,DHL,1,2025-12-18 00:00:00,2025-12-20 19:00:00
SHP-81873,Amoxicillin,Chennai,Bangalore,BlueDart,0,2025-07-25 00:00:00,2025-07-25 16:00:00
SHP-82247,Insulin Glargine,Delhi,Bangalore ,Shadowfax,1,2025-09-03 00:00:00,2025-09-03 23:00:00
SHP-63392,Amoxicillin,Mumbai,Chennai,FedEx,0,2025-06-07 00:00:00,2025-06-07 18:00:00
SHP-26505,Humira (Adalimumab),Chennai,hyderabad,BlueDart,0,2025-10-18 00:00:00,2025-10-19 10:00:00
SHP-67307,Insulin Glargine,Chennai,Delhi,BlueDart,0,2025-11-20 00:00:00,2025-11-20 22:00:00
SHP-22021,Amoxicillin,Bangalore,Bangalore,FedEx,0,2025-09-14 00:00:00,2025-09-16 03:00:00
SHP-10681,Humira (Adalimumab),Chennai,Bangalore,FedEx,0,2025-03-16 00:00:00,2025-03-18 11:00:00
SHP-12067,Insulin Glargine,Mumbai,Bangalore ,BlueDart,0,2025-03-07 00:00:00,2025-03-07 15:00:00
SHP-28653,Humira (Adalimumab),Mumbai,Mumbai,DHL,0,2025-09-13 00:00:00,2025-09-15 10:00:00
SHP-31237,COVID-19 mRNA Vaccine,Delhi,Hyderabad,,0,2025-02-10 00:00:00,2025-02-12 00:00:00
SHP-61110,COVID-19 mRNA Vaccine,Delhi,Hyderabad,Delhivery,0,2025-04-19 00:00:00,2025-04-22 00:00:00
SHP-69436,Insulin Glargine,Delhi,Hyderabad,,0,24/12/2025 00:00,2025-12-26 11:00:00
SHP-33181,Amoxicillin,Chennai,hyderabad ,DHL,0,2025-12-24 00:00:00,2025-12-25 09:00:00
SHP-68242,Insulin Glargine,Chennai,Hyderabad,FedEx,0,2025-01-20 00:00:00,2025-01-21 21:00:00
SHP-10496,Humira (Adalimumab),Bangalore,Chennai,BlueDart,0,2025-01-11 00:00:00,2025-01-13 00:00:00
SHP-80620,Amoxicillin,Delhi,Bangalore,Shadowfax,0,2025-03-11 00:00:00,2025-03-13 08:00:00
SHP-39208,COVID-19 mRNA Vaccine,Hyderabad,Chennai,DHL,0,2025-04-28 00:00:00,2025-04-29 20:00:00
SHP-67595,Amoxicillin,Bangalore,Mumbai,Shadowfax,0,2025-09-25 00:00:00,2025-09-27 08:00:00
SHP-68615,COVID-19 mRNA Vaccine,Hyderabad,Delhi,Shadowfax,0,2025-06-02 00:00:00,2025-06-04 14:00:00
SHP-23818,Amoxicillin,Chennai,Bangalore,BlueDart,0,2025-07-27 00:00:00,2025-07-27 15:00:00
SHP-98120,Amoxicillin,Bangalore,Mumbai,DHL,0,2025-11-27 00:00:00,2025-11-29 18:00:00
SHP-34068,Amoxicillin,Bangalore,Chennai,,0,01/01/2026 00:00,2026-01-03 14:00:00
SHP-29677,Humira (Adalimumab),Mumbai,Delhi,DHL,0,2025-03-17 00:00:00,2025-03-18 11:00:00
SHP-16770,Humira (Adalimumab),Chennai,Mumbai,Delhivery,0,2025-08-10 00:00:00,2025-08-12 06:00:00
SHP-86398,Insulin Glargine,Chennai,Delhi,Shadowfax,0,2025-09-20 00:00:00,2025-09-22 07:00:00
SHP-43067,Insulin Glargine,Bangalore,Mumbai,Shadowfax,1,2025-07-04 00:00:00,2025-07-06 07:00:00
SHP-98625,COVID-19 mRNA Vaccine,Chennai,Chennai,DHL,0,2025-05-02 00:00:00,2025-05-04 04:00:00
SHP-46654,Humira (Adalimumab),Bangalore,Delhi ,Delhivery,0,2025-01-09 00:00:00,2025-01-11 10:00:00
SHP-59270,COVID-19 mRNA Vaccine,Mumbai,Mumbai,Shadowfax,0,2025-04-26 00:00:00,2025-04-28 23:00:00
SHP-57456,Insulin Glargine,Bangalore,Chennai,BlueDart,0,30/05/2025 00:00,2025-05-31 04:00:00
SHP-96071,COVID-19 mRNA Vaccine,Chennai,Bangalore,DHL,0,2025-11-15 00:00:00,2025-11-15 15:00:00
SHP-31332,Insulin Glargine,Chennai,Chennai,DHL,0,27/01/2025 00:00,2025-01-27 22:00:00
SHP-86335,Humira (Adalimumab),Bangalore,Chennai,Shadowfax,0,2025-06-12 00:00:00,2025-06-13 10:00:00
SHP-39216,Amoxicillin,Bangalore,Bangalore,Delhivery,0,2025-01-04 00:00:00,2025-01-05 18:00:00
SHP-87485,Humira (Adalimumab),Bangalore,Chennai,Shadowfax,0,2025-06-03 00:00:00,2025-06-05 19:00:00
SHP-31773,COVID-19 mRNA Vaccine,Delhi,Bangalore,FedEx,0,2025-03-01 00:00:00,2025-03-02 04:00:00
SHP-55194,COVID-19 mRNA Vaccine,Chennai,Bangalore,Shadowfax,0,12/02/2025 00:00,2025-02-12 17:00:00
SHP-40486,Humira (Adalimumab),Chennai,Bangalore,FedEx,0,2025-03-24 00:00:00,2025-03-26 06:00:00
SHP-94977,Humira (Adalimumab),Delhi,Mumbai,BlueDart,0,2025-07-12 00:00:00,2025-07-14 06:00:00
SHP-48212,Insulin Glargine,Bangalore,Delhi,DHL,0,2025-06-02 00:00:00,2025-06-03 21:00:00
SHP-93138,COVID-19 mRNA Vaccine,Mumbai,Mumbai,DHL,0,2025-02-08 00:00:00,2025-02-10 04:00:00
SHP-42656,COVID-19 mRNA Vaccine,Bangalore,Bangalore,,0,2025-03-04 00:00:00,2025-03-06 02:00:00
SHP-83400,Humira (Adalimumab),Bangalore,delhi,Shadowfax,0,2025-11-02 00:00:00,2025-11-04 05:00:00
SHP-53514,Amoxicillin,Delhi,Delhi,BlueDart,1,2025-04-23 00:00:00,2025-04-24 18:00:00
SHP-13689,COVID-19 mRNA Vaccine,Chennai,Bangalore ,FedEx,0,2025-04-27 00:00:00,2025-04-28 07:00:00
SHP-19079,Amoxicillin,Bangalore,Delhi,Delhivery,1,2025-06-16 00:00:00,2025-06-16 19:00:00
SHP-86387,Humira (Adalimumab),Chennai,Delhi,BlueDart,0,2025-02-02 00:00:00,2025-02-03 22:00:00
SHP-51820,Humira (Adalimumab),Hyderabad,Mumbai,BlueDart,0,2025-12-30 00:00:00,2025-12-31 00:00:00
SHP-65371,Insulin Glargine,Chennai,Delhi,FedEx,0,2025-05-09 00:00:00,2025-05-10 05:00:00
SHP-39162,COVID-19 mRNA Vaccine,Mumbai,Bangalore ,FedEx,0,06/02/2025 00:00,2025-02-06 23:00:00
SHP-10871,Amoxicillin,Mumbai,Hyderabad,DHL,0,2025-06-14 00:00:00,2025-06-16 22:00:00
SHP-94427,Insulin Glargine,Bangalore,Hyderabad,Shadowfax,0,2025-12-17 00:00:00,2025-12-19 20:00:00
SHP-71711,COVID-19 mRNA Vaccine,Chennai,Hyderabad,Delhivery,0,2025-05-09 00:00:00,2025-05-09 18:00:00
SHP-94251,Insulin Glargine,Bangalore,Bangalore,Shadowfax,0,08/06/2025 00:00,2025-06-10 09:00:00
SHP-69893,Humira (Adalimumab),Delhi,Hyderabad,Delhivery,0,12/09/2025 00:00,2025-09-13 18:00:00
SHP-53627,COVID-19 mRNA Vaccine,Mumbai,Mumbai,BlueDart,0,2025-12-27 00:00:00,2025-12-27 15:00:00
SHP-35626,Insulin Glargine,Bangalore,Bangalore,FedEx,0,2025-11-07 00:00:00,2025-11-08 05:00:00
SHP-39757,Insulin Glargine,Delhi,Bangalore,,0,2025-11-03 00:00:00,2025-11-05 18:00:00
SHP-21213,Amoxicillin,Bangalore,Bangalore,BlueDart,0,2025-01-19 00:00:00,2025-01-20 10:00:00
SHP-89707,Insulin Glargine,Chennai,Delhi,BlueDart,0,2025-02-10 00:00:00,2025-02-11 12:00:00
SHP-55831,COVID-19 mRNA Vaccine,Chennai,delhi ,Delhivery,0,08/12/2025 00:00,2025-12-09 04:00:00
SHP-89786,COVID-19 mRNA Vaccine,Chennai,delhi ,BlueDart,0,2025-02-16 00:00:00,2025-02-18 08:00:00
SHP-91685,Amoxicillin,Chennai,Chennai,Delhivery,1,26/08/2025 00:00,2025-08-27 01:00:00
SHP-10278,COVID-19 mRNA Vaccine,Hyderabad,Mumbai,Shadowfax,0,2025-10-09 00:00:00,2025-10-10 09:00:00
SHP-20871,Humira (Adalimumab),Delhi,Bangalore ,FedEx,0,2025-08-17 00:00:00,2025-08-19 17:00:00
SHP-62168,COVID-19 mRNA Vaccine,Delhi,Bangalore ,FedEx,0,20/11/2025 00:00,2025-11-20 23:00:00
SHP-76777,COVID-19 mRNA Vaccine,Chennai,delhi,FedEx,0,2025-08-08 00:00:00,2025-08-11 00:00:00
SHP-25115,Insulin Glargine,Hyderabad,Bangalore ,Shadowfax,0,2025-06-16 00:00:00,2025-06-18 12:00:00
SHP-24283,Insulin Glargine,Chennai,Bangalore,Shadowfax,0,2025-07-05 00:00:00,2025-07-05 23:00:00
SHP-96580,COVID-19 mRNA Vaccine,Hyderabad,Hyderabad,DHL,0,2025-10-04 00:00:00,2025-10-05 04:00:00
SHP-49710,Amoxicillin,Chennai,Bangalore,Delhivery,0,2025-06-11 00:00:00,2025-06-11 14:00:00
SHP-44430,Insulin Glargine,Mumbai,Chennai,Delhivery,0,11/09/2025 00:00,2025-09-13 12:00:00
SHP-56128,Amoxicillin,Mumbai,Delhi,DHL,0,2025-09-23 00:00:00,2025-09-25 18:00:00
SHP-50126,COVID-19 mRNA Vaccine,Bangalore,Mumbai,FedEx,0,2025-08-06 00:00:00,2025-08-06 23:00:00
SHP-77777,COVID-19 mRNA Vaccine,Chennai,Mumbai,Delhivery,0,22/10/2025 00:00,2025-10-24 07:00:00
SHP-64882,Humira (Adalimumab),Delhi,hyderabad,Delhivery,0,2025-01-14 00:00:00,2025-01-14 23:00:00
SHP-15868,Insulin Glargine,Bangalore,Mumbai ,FedEx,0,2025-08-27 00:00:00,2025-08-27 18:00:00
SHP-26086,COVID-19 mRNA Vaccine,Mumbai,Mumbai,BlueDart,0,2025-09-16 00:00:00,2025-09-17 14:00:00
SHP-29031,Humira (Adalimumab),Chennai,Delhi ,BlueDart,0,2025-02-08 00:00:00,2025-02-10 09:00:00
SHP-97048,Insulin Glargine,Bangalore,Delhi,DHL,0,05/03/2025 00:00,2025-03-06 22:00:00
SHP-24704,COVID-19 mRNA Vaccine,Chennai,Chennai ,Shadowfax,0,2025-07-12 00:00:00,2025-07-14 04:00:00
SHP-59928,COVID-19 mRNA Vaccine,Mumbai,Hyderabad,Delhivery,0,2025-01-22 00:00:00,2025-01-23 09:00:00
SHP-12578,Insulin Glargine,Bangalore,Mumbai,Delhivery,0,2025-01-21 00:00:00,2025-01-22 01:00:00
SHP-26874,Insulin Glargine,Mumbai,Chennai,DHL,0,2025-07-04 00:00:00,2025-07-05 00:00:00
SHP-81309,Insulin Glargine,Hyderabad,Hyderabad,DHL,0,2025-11-01 00:00:00,2025-11-02 16:00:00
SHP-55594,COVID-19 mRNA Vaccine,Mumbai,Mumbai ,Delhivery,0,2025-11-08 00:00:00,2025-11-08 21:00:00
SHP-32981,COVID-19 mRNA Vaccine,Chennai,Mumbai,FedEx,0,2025-03-18 00:00:00,2025-03-18 13:00:00
SHP-65514,Humira (Adalimumab),Delhi,Delhi,FedEx,0,2025-07-19 00:00:00,2025-07-21 19:00:00
SHP-88237,Amoxicillin,Mumbai,Bangalore,Shadowfax,0,03/01/2025 00:00,2025-01-04 02:00:00
SHP-40077,Insulin Glargine,Delhi,Hyderabad ,Delhivery,0,30/05/2025 00:00,2025-06-01 11:00:00
SHP-43168,COVID-19 mRNA Vaccine,Hyderabad,Mumbai,Delhivery,0,2025-03-21 00:00:00,2025-03-21 18:00:00
SHP-15029,COVID-19 mRNA Vaccine,Bangalore,Hyderabad ,Delhivery,0,2025-10-24 00:00:00,2025-10-26 09:00:00
SHP-91936,Insulin Glargine,Bangalore,Chennai,Delhivery,0,2025-12-08 00:00:00,2025-12-10 06:00:00
SHP-86124,Amoxicillin,Delhi,Chennai,DHL,0,02/12/2025 00:00,2025-12-03 04:00:00
SHP-50701,Insulin Glargine,Bangalore,Bangalore,BlueDart,0,2025-08-20 00:00:00,2025-08-21 04:00:00
SHP-26902,Amoxicillin,Mumbai,Mumbai,Delhivery,0,2025-02-05 00:00:00,2025-02-06 07:00:00
SHP-78917,COVID-19 mRNA Vaccine,Delhi,Delhi,BlueDart,0,2025-05-18 00:00:00,2025-05-20 06:00:00
SHP-88495,Amoxicillin,Chennai,mumbai,FedEx,0,2025-01-13 00:00:00,2025-01-15 18:00:00
SHP-24317,Humira (Adalimumab),Mumbai,Hyderabad,Shadowfax,0,2025-07-15 00:00:00,2025-07-16 03:00:00
SHP-93615,COVID-19 mRNA Vaccine,Mumbai,Chennai,FedEx,0,2025-06-07 00:00:00,2025-06-08 03:00:00
SHP-63331,Humira (Adalimumab),Mumbai,Hyderabad,Delhivery,0,2025-03-11 00:00:00,2025-03-12 05:00:00
SHP-13815,Insulin Glargine,Chennai,Bangalore,FedEx,1,2025-10-10 00:00:00,2025-10-12 06:00:00
SHP-99772,Insulin Glargine,Hyderabad,Chennai ,,0,2025-11-25 00:00:00,2025-11-27 11:00:00
SHP-28308,Insulin Glargine,Bangalore,Delhi,BlueDart,0,2025-10-17 00:00:00,2025-10-18 08:00:00
SHP-14028,Amoxicillin,Delhi,Chennai ,Delhivery,0,2025-10-10 00:00:00,2025-10-11 01:00:00
SHP-32327,COVID-19 mRNA Vaccine,Hyderabad,Mumbai,DHL,0,2025-07-29 00:00:00,2025-07-30 19:00:00
SHP-34292,Insulin Glargine,Delhi,Mumbai,BlueDart,0,2025-12-02 00:00:00,2025-12-04 14:00:00
SHP-28521,Insulin Glargine,Bangalore,Chennai ,DHL,0,2025-05-12 00:00:00,2025-05-13 09:00:00
SHP-54622,COVID-19 mRNA Vaccine,Chennai,Bangalore ,FedEx,0,2025-11-18 00:00:00,2025-11-20 04:00:00
SHP-74335,Insulin Glargine,Mumbai,Mumbai,Delhivery,0,2025-01-09 00:00:00,2025-01-09 18:00:00
SHP-58991,Humira (Adalimumab),Mumbai,Mumbai,FedEx,0,2025-06-05 00:00:00,2025-06-07 19:00:00
SHP-80726,COVID-19 mRNA Vaccine,Chennai,Delhi,Shadowfax,0,2025-06-23 00:00:00,2025-06-25 20:00:00
SHP-78338,COVID-19 mRNA Vaccine,Hyderabad,Chennai,Delhivery,0,2025-06-10 00:00:00,2025-06-12 13:00:00
SHP-73550,COVID-19 mRNA Vaccine,Hyderabad,Mumbai,FedEx,0,2025-06-13 00:00:00,2025-06-13 17:00:00
SHP-81361,Humira (Adalimumab),Delhi,Bangalore,Delhivery,0,2025-08-05 00:00:00,2025-08-07 21:00:00
SHP-46010,COVID-19 mRNA Vaccine,Chennai,Hyderabad,BlueDart,0,2025-08-22 00:00:00,2025-08-23 02:00:00
SHP-82700,Humira (Adalimumab),Hyderabad,Chennai,Delhivery,0,20/01/2025 00:00,2025-01-21 13:00:00
SHP-68738,COVID-19 mRNA Vaccine,Chennai,Delhi,Delhivery,0,2025-09-21 00:00:00,2025-09-22 01:00:00
SHP-60528,Amoxicillin,Bangalore,Mumbai,BlueDart,0,2025-05-12 00:00:00,2025-05-13 11:00:00
SHP-37985,Insulin Glargine,Mumbai,Bangalore,FedEx,0,2025-11-05 00:00:00,2025-11-07 19:00:00
SHP-72694,Amoxicillin,Mumbai,Chennai,Delhivery,0,10/02/2025 00:00,2025-02-10 18:00:00
SHP-98575,Insulin Glargine,Mumbai,Bangalore,DHL,0,2025-08-13 00:00:00,2025-08-15 10:00:00
SHP-14039,Humira (Adalimumab),Chennai,bangalore,Delhivery,0,18/02/2025 00:00,2025-02-18 13:00:00
SHP-99631,Amoxicillin,Chennai,Delhi,FedEx,0,2025-02-28 00:00:00,2025-03-02 14:00:00
SHP-31335,COVID-19 mRNA Vaccine,Delhi,Chennai,BlueDart,0,12/09/2025 00:00,2025-09-14 03:00:00
SHP-87207,Insulin Glargine,Mumbai,Mumbai,FedEx,0,2025-09-13 00:00:00,2025-09-15 06:00:00
SHP-13464,Insulin Glargine,Delhi,Delhi ,Shadowfax,0,20/07/2025 00:00,2025-07-21 20:00:00
SHP-48031,Amoxicillin,Mumbai,Mumbai,Delhivery,0,2025-01-01 00:00:00,2025-01-01 22:00:00
SHP-67701,Humira (Adalimumab),Delhi,Hyderabad ,Delhivery,0,2025-09-22 00:00:00,2025-09-23 13:00:00
SHP-58847,Amoxicillin,Delhi,Bangalore,BlueDart,0,2025-09-04 00:00:00,2025-09-06 12:00:00
SHP-47720,Humira (Adalimumab),Bangalore,Hyderabad ,Delhivery,0,2025-05-27 00:00:00,2025-05-28 23:00:00
SHP-91101,Humira (Adalimumab),Delhi,Bangalore,DHL,0,2025-06-29 00:00:00,2025-06-30 12:00:00
SHP-61369,Insulin Glargine,Chennai,Delhi,DHL,1,2025-10-16 00:00:00,2025-10-17 02:00:00
SHP-83117,Amoxicillin,Delhi,Mumbai,FedEx,0,2025-02-07 00:00:00,2025-02-09 08:00:00
SHP-34575,Amoxicillin,Mumbai,Mumbai,BlueDart,1,2025-05-16 00:00:00,2025-05-18 19:00:00
SHP-52872,Humira (Adalimumab),Delhi,delhi,Shadowfax,0,2025-05-16 00:00:00,2025-05-18 17:00:00
SHP-81961,Amoxicillin,Hyderabad,Chennai,FedEx,0,2025-01-10 00:00:00,2025-01-12 09:00:00
SHP-31185,COVID-19 mRNA Vaccine,Mumbai,Hyderabad,BlueDart,0,2025-11-08 00:00:00,2025-11-10 07:00:00
SHP-44403,COVID-19 mRNA Vaccine,Hyderabad,Hyderabad,BlueDart,0,2025-03-16 00:00:00,2025-03-18 11:00:00
SHP-53540,Amoxicillin,Mumbai,Mumbai ,FedEx,0,2025-06-02 00:00:00,2025-06-03 18:00:00
SHP-62829,Amoxicillin,Chennai,Mumbai ,FedEx,0,2025-08-03 00:00:00,2025-08-04 12:00:00
SHP-90244,Humira (Adalimumab),Chennai,Mumbai,Delhivery,0,2025-12-03 00:00:00,2025-12-04 17:00:00
SHP-72879,COVID-19 mRNA Vaccine,Chennai,Delhi,Shadowfax,0,2025-05-30 00:00:00,2025-05-30 21:00:00
SHP-97755,COVID-19 mRNA Vaccine,Hyderabad,Chennai,DHL,0,2025-02-06 00:00:00,2025-02-06 16:00:00
SHP-60519,Insulin Glargine,Bangalore,Hyderabad,Delhivery,0,2025-04-08 00:00:00,2025-04-10 15:00:00
SHP-60096,Humira (Adalimumab),Mumbai,Bangalore,,0,2025-12-15 00:00:00,2025-12-16 09:00:00
SHP-16646,Insulin Glargine,Chennai,delhi,Shadowfax,0,2025-06-05 00:00:00,2025-06-07 14:00:00
SHP-31631,COVID-19 mRNA Vaccine,Mumbai,Hyderabad,Shadowfax,0,2025-11-21 00:00:00,2025-11-21 19:00:00
SHP-68723,Humira (Adalimumab),Hyderabad,Chennai,FedEx,0,2025-04-04 00:00:00,2025-04-05 11:00:00
SHP-81801,Amoxicillin,Bangalore,Delhi ,Shadowfax,0,22/03/2025 00:00,2025-03-25 00:00:00
SHP-87030,Humira (Adalimumab),Hyderabad,Hyderabad,Shadowfax,0,2025-05-28 00:00:00,2025-05-30 00:00:00
SHP-79945,Amoxicillin,Mumbai,Delhi,BlueDart,0,2025-05-24 00:00:00,2025-05-26 23:00:00
SHP-56320,Amoxicillin,Bangalore,Hyderabad,Delhivery,0,2025-12-12 00:00:00,2025-12-13 06:00:00
SHP-57253,Humira (Adalimumab),Bangalore,Hyderabad,Shadowfax,0,2025-01-27 00:00:00,2025-01-28 20:00:00
SHP-85728,Amoxicillin,Hyderabad,Chennai ,FedEx,0,2025-09-30 00:00:00,2025-10-01 04:00:00
SHP-60644,Insulin Glargine,Chennai,Bangalore,Delhivery,0,2025-12-31 00:00:00,2026-01-01 01:00:00
SHP-84820,COVID-19 mRNA Vaccine,Mumbai,Chennai,FedEx,0,2025-02-25 00:00:00,2025-02-26 04:00:00
SHP-17313,Amoxicillin,Delhi,Hyderabad,Shadowfax,0,2025-09-08 00:00:00,2025-09-10 17:00:00
SHP-61364,Insulin Glargine,Delhi,Delhi,Delhivery,0,2025-01-05 00:00:00,2025-01-05 18:00:00
SHP-43732,Amoxicillin,Hyderabad,Chennai ,Shadowfax,0,05/09/2025 00:00,2025-09-07 17:00:00
SHP-97397,COVID-19 mRNA Vaccine,Mumbai,Bangalore,BlueDart,0,2025-06-17 00:00:00,2025-06-18 02:00:00
SHP-46456,Insulin Glargine,Mumbai,Hyderabad,,0,2025-07-20 00:00:00,2025-07-21 02:00:00
SHP-53035,COVID-19 mRNA Vaccine,Hyderabad,Chennai,FedEx,0,2025-05-08 00:00:00,2025-05-10 07:00:00
SHP-47358,COVID-19 mRNA Vaccine,Mumbai,Chennai,BlueDart,0,2025-04-24 00:00:00,2025-04-26 22:00:00
SHP-82674,Insulin Glargine,Chennai,Chennai ,DHL,0,2025-05-27 00:00:00,2025-05-29 14:00:00
SHP-81659,Insulin Glargine,Hyderabad,Chennai,FedEx,0,2025-09-05 00:00:00,2025-09-06 22:00:00
SHP-34790,Insulin Glargine,Chennai,Delhi,Shadowfax,0,2025-10-08 00:00:00,2025-10-10 14:00:00
SHP-34106,Humira (Adalimumab),Mumbai,Bangalore,FedEx,0,2025-10-28 00:00:00,2025-10-30 20:00:00
SHP-91379,Insulin Glargine,Hyderabad,Bangalore ,DHL,0,2025-06-17 00:00:00,2025-06-19 04:00:00
SHP-17825,Insulin Glargine,Mumbai,Hyderabad,FedEx,0,2025-02-16 00:00:00,2025-02-18 13:00:00
SHP-76331,Insulin Glargine,Hyderabad,Mumbai,BlueDart,0,2025-01-18 00:00:00,2025-01-18 22:00:00
SHP-25673,Insulin Glargine,Mumbai,Delhi,FedEx,0,2025-12-30 00:00:00,2026-01-01 12:00:00
SHP-41980,Amoxicillin,Chennai,Hyderabad,Delhivery,0,2025-10-06 00:00:00,2025-10-07 03:00:00
SHP-81830,Humira (Adalimumab),Chennai,Hyderabad,DHL,0,23/03/2025 00:00,2025-03-25 17:00:00
SHP-76170,COVID-19 mRNA Vaccine,Mumbai,Chennai,FedEx,0,2025-10-15 00:00:00,2025-10-16 05:00:00
SHP-43647,Insulin Glargine,Hyderabad,mumbai,DHL,1,2025-06-13 00:00:00,2025-06-15 09:00:00
SHP-71783,Amoxicillin,Delhi,Mumbai,BlueDart,0,2025-09-18 00:00:00,2025-09-20 05:00:00
SHP-41551,Amoxicillin,Chennai,Delhi,,0,13/06/2025 00:00,2025-06-13 19:00:00
SHP-80790,Amoxicillin,Chennai,Mumbai,Shadowfax,0,2025-05-20 00:00:00,2025-05-22 04:00:00
SHP-36815,COVID-19 mRNA Vaccine,Delhi,Hyderabad ,FedEx,0,07/04/2025 00:00,2025-04-07 12:00:00
SHP-60208,Insulin Glargine,Mumbai,Mumbai,BlueDart,0,17/07/2025 00:00,2025-07-19 13:00:00
SHP-51018,Humira (Adalimumab),Hyderabad,Mumbai,DHL,0,26/08/2025 00:00,2025-08-26 14:00:00
SHP-12440,Humira (Adalimumab),Mumbai,bangalore,DHL,0,15/08/2025 00:00,2025-08-15 18:00:00
SHP-91518,Amoxicillin,Bangalore,Hyderabad ,BlueDart,0,2025-10-19 00:00:00,2025-10-21 03:00:00
SHP-17898,COVID-19 mRNA Vaccine,Chennai,Mumbai,FedEx,0,13/10/2025 00:00,2025-10-14 08:00:00
SHP-14284,COVID-19 mRNA Vaccine,Bangalore,Mumbai,Shadowfax,0,21/08/2025 00:00,2025-08-21 17:00:00
SHP-42425,COVID-19 mRNA Vaccine,Chennai,Chennai ,FedEx,0,2025-03-14 00:00:00,2025-03-16 12:00:00
SHP-13033,Humira (Adalimumab),Chennai,mumbai,Delhivery,0,2025-05-29 00:00:00,2025-05-29 18:00:00
SHP-98081,Amoxicillin,Bangalore,Mumbai ,FedEx,0,2025-07-19 00:00:00,2025-07-21 17:00:00
SHP-21551,Insulin Glargine,Bangalore,Bangalore,Delhivery,0,14/08/2025 00:00,2025-08-16 10:00:00
SHP-32587,Humira (Adalimumab),Mumbai,Hyderabad,DHL,0,21/01/2025 00:00,2025-01-21 13:00:00
SHP-95627,Amoxicillin,Bangalore,Delhi,Delhivery,0,2025-05-01 00:00:00,2025-05-02 14:00:00
SHP-46369,Amoxicillin,Mumbai,Hyderabad ,Shadowfax,1,2025-09-30 00:00:00,2025-10-03 00:00:00
SHP-89029,Insulin Glargine,Mumbai,Chennai,BlueDart,0,2025-09-24 00:00:00,2025-09-26 06:00:00
SHP-69826,Insulin Glargine,Mumbai,Hyderabad,Delhivery,0,2025-11-15 00:00:00,2025-11-15 16:00:00
SHP-50130,Insulin Glargine,Chennai,Mumbai ,,0,2025-05-19 00:00:00,2025-05-20 17:00:00
SHP-11489,COVID-19 mRNA Vaccine,Chennai,Chennai,Delhivery,0,2025-04-20 00:00:00,2025-04-22 23:00:00
SHP-19600,Insulin Glargine,Bangalore,Hyderabad,DHL,0,2025-09-25 00:00:00,2025-09-26 15:00:00
SHP-13116,Amoxicillin,Chennai,Chennai ,Delhivery,0,2025-05-20 00:00:00,2025-05-22 12:00:00
SHP-80960,Insulin Glargine,Bangalore,Delhi,Shadowfax,1,2025-08-25 00:00:00,2025-08-26 23:00:00
SHP-48247,Amoxicillin,Chennai,Hyderabad,Delhivery,1,2025-08-22 00:00:00,2025-08-24 11:00:00
SHP-83749,Humira (Adalimumab),Hyderabad,Mumbai,Shadowfax,0,2025-04-15 00:00:00,2025-04-17 17:00:00
SHP-49577,COVID-19 mRNA Vaccine,Hyderabad,chennai,FedEx,0,2025-01-24 00:00:00,2025-01-26 11:00:00
SHP-81574,Humira (Adalimumab),Bangalore,Bangalore,DHL,0,2025-05-19 00:00:00,2025-05-21 04:00:00
SHP-98514,Humira (Adalimumab),Chennai,Chennai ,BlueDart,0,2025-12-28 00:00:00,2025-12-30 13:00:00
SHP-32644,Amoxicillin,Chennai,Bangalore,FedEx,0,2025-01-18 00:00:00,2025-01-19 04:00:00
SHP-97096,Humira (Adalimumab),Mumbai,Mumbai,FedEx,0,2025-10-11 00:00:00,2025-10-11 21:00:00
SHP-78635,Amoxicillin,Delhi,Delhi ,BlueDart,0,2025-12-12 00:00:00,2025-12-13 10:00:00
SHP-30412,Insulin Glargine,Bangalore,bangalore,Delhivery,0,2025-02-23 00:00:00,2025-02-25 05:00:00
SHP-90940,Insulin Glargine,Delhi,Delhi,Delhivery,0,06/08/2025 00:00,2025-08-07 02:00:00
SHP-75361,Amoxicillin,Delhi,Chennai ,Delhivery,0,2025-09-13 00:00:00,2025-09-15 01:00:00
SHP-42103,Insulin Glargine,Bangalore,Mumbai,DHL,0,2025-03-13 00:00:00,2025-03-14 06:00:00
SHP-87033,COVID-19 mRNA Vaccine,Chennai,Bangalore,FedEx,0,2025-10-22 00:00:00,2025-10-24 00:00:00
SHP-58198,Humira (Adalimumab),Bangalore,Chennai,Shadowfax,0,2025-02-06 00:00:00,2025-02-06 12:00:00
SHP-56300,COVID-19 mRNA Vaccine,Delhi,Hyderabad ,BlueDart,1,2025-08-26 00:00:00,2025-08-26 21:00:00
SHP-48598,Humira (Adalimumab),Chennai,Chennai ,FedEx,0,10/12/2025 00:00,2025-12-11 19:00:00
SHP-14904,Insulin Glargine,Hyderabad,Delhi,Delhivery,0,2025-05-17 00:00:00,2025-05-18 07:00:00
SHP-81090,COVID-19 mRNA Vaccine,Bangalore,Mumbai,BlueDart,0,20/09/2025 00:00,2025-09-21 12:00:00
SHP-14831,Insulin Glargine,Bangalore,Mumbai,Shadowfax,0,2025-02-25 00:00:00,2025-02-27 22:00:00
SHP-98901,Humira (Adalimumab),Chennai,Chennai,FedEx,0,2025-11-05 00:00:00,2025-11-07 00:00:00
SHP-72199,Amoxicillin,Hyderabad,Hyderabad,FedEx,0,2025-12-16 00:00:00,2025-12-18 17:00:00
SHP-76762,Amoxicillin,Hyderabad,Delhi,DHL,1,2025-10-17 00:00:00,2025-10-18 08:00:00
SHP-85408,COVID-19 mRNA Vaccine,Chennai,Chennai,FedEx,0,2025-12-02 00:00:00,2025-12-02 18:00:00
SHP-28408,Insulin Glargine,Mumbai,Chennai,FedEx,0,2025-03-03 00:00:00,2025-03-04 23:00:00
SHP-20072,Insulin Glargine,Bangalore,Mumbai ,Shadowfax,0,14/02/2025 00:00,2025-02-15 13:00:00
SHP-92623,COVID-19 mRNA Vaccine,Bangalore,Delhi,Shadowfax,0,2025-02-25 00:00:00,2025-02-27 20:00:00
SHP-67178,Amoxicillin,Delhi,Hyderabad,BlueDart,0,2025-01-09 00:00:00,2025-01-11 20:00:00
SHP-66756,Humira (Adalimumab),Chennai,mumbai,Delhivery,0,2025-06-16 00:00:00,2025-06-17 23:00:00
SHP-18178,COVID-19 mRNA Vaccine,Delhi,Chennai,Shadowfax,0,2025-04-13 00:00:00,2025-04-15 12:00:00
SHP-37036,Humira (Adalimumab),Delhi,Mumbai,BlueDart,0,31/08/2025 00:00,2025-08-31 22:00:00
SHP-31530,Amoxicillin,Hyderabad,Mumbai ,FedEx,0,2025-07-06 00:00:00,2025-07-08 04:00:00
SHP-38143,Insulin Glargine,Bangalore,Bangalore,BlueDart,0,2025-07-08 00:00:00,2025-07-10 06:00:00
SHP-93061,Amoxicillin,Delhi,Mumbai,BlueDart,0,29/07/2025 00:00,2025-07-30 17:00:00
SHP-72484,COVID-19 mRNA Vaccine,Hyderabad,Mumbai,BlueDart,0,2025-05-02 00:00:00,2025-05-04 01:00:00
SHP-29773,Insulin Glargine,Chennai,Delhi,BlueDart,0,2025-05-07 00:00:00,2025-05-08 17:00:00
SHP-21359,COVID-19 mRNA Vaccine,Delhi,Mumbai ,Shadowfax,0,2025-09-23 00:00:00,2025-09-24 09:00:00
SHP-25816,COVID-19 mRNA Vaccine,Bangalore,Hyderabad,Delhivery,0,2025-02-23 00:00:00,2025-02-25 06:00:00
SHP-22684,Amoxicillin,Delhi,chennai,BlueDart,0,2025-12-15 00:00:00,2025-12-16 07:00:00
SHP-62653,COVID-19 mRNA Vaccine,Chennai,Delhi,DHL,0,2025-09-11 00:00:00,2025-09-12 11:00:00
SHP-58499,Amoxicillin,Delhi,Mumbai,FedEx,0,23/03/2025 00:00,2025-03-23 17:00:00
SHP-36853,Insulin Glargine,Bangalore,hyderabad,FedEx,0,2025-04-01 00:00:00,2025-04-03 13:00:00
SHP-49352,Amoxicillin,Hyderabad,Chennai,FedEx,0,2025-10-20 00:00:00,2025-10-21 22:00:00
SHP-90423,Insulin Glargine,Bangalore,Delhi ,FedEx,0,2025-10-24 00:00:00,2025-10-26 18:00:00
SHP-70109,Amoxicillin,Hyderabad,Hyderabad,FedEx,0,2025-05-23 00:00:00,2025-05-24 11:00:00
SHP-15679,Humira (Adalimumab),Mumbai,Mumbai ,BlueDart,0,23/09/2025 00:00,2025-09-25 08:00:00
SHP-75598,Humira (Adalimumab),Bangalore,bangalore ,Delhivery,0,2025-06-07 00:00:00,2025-06-07 16:00:00
SHP-50313,COVID-19 mRNA Vaccine,Bangalore,bangalore,DHL,0,2025-05-08 00:00:00,2025-05-10 13:00:00
SHP-76549,Amoxicillin,Chennai,Delhi,Shadowfax,0,2025-01-29 00:00:00,2025-01-31 20:00:00
SHP-62115,Amoxicillin,Delhi,Hyderabad ,DHL,0,2025-04-07 00:00:00,2025-04-09 08:00:00
SHP-38271,Insulin Glargine,Hyderabad,Chennai,Shadowfax,1,2025-03-07 00:00:00,2025-03-09 07:00:00
SHP-76633,COVID-19 mRNA Vaccine,Hyderabad,Hyderabad,Shadowfax,0,2025-09-14 00:00:00,2025-09-16 16:00:00
SHP-40888,Amoxicillin,Chennai,Bangalore,DHL,0,2025-07-17 00:00:00,2025-07-17 21:00:00
SHP-94267,COVID-19 mRNA Vaccine,Chennai,delhi,BlueDart,0,2025-04-07 00:00:00,2025-04-09 02:00:00
SHP-48443,Humira (Adalimumab),Delhi,Mumbai ,FedEx,1,2025-07-03 00:00:00,2025-07-05 00:00:00
SHP-50898,Amoxicillin,Delhi,hyderabad,BlueDart,0,2025-02-08 00:00:00,2025-02-09 03:00:00
SHP-43033,Amoxicillin,Bangalore,bangalore,FedEx,0,11/07/2025 00:00,2025-07-13 06:00:00
SHP-25342,COVID-19 mRNA Vaccine,Mumbai,Chennai,Delhivery,0,2025-07-31 00:00:00,2025-08-01 06:00:00
SHP-42034,Amoxicillin,Delhi,Delhi,Shadowfax,0,2025-04-26 00:00:00,2025-04-28 04:00:00
SHP-48178,COVID-19 mRNA Vaccine,Chennai,Mumbai,DHL,0,2025-03-20 00:00:00,2025-03-21 19:00:00
SHP-46295,Amoxicillin,Delhi,Hyderabad,Delhivery,0,2025-11-22 00:00:00,2025-11-23 07:00:00
SHP-25870,Insulin Glargine,Hyderabad,Chennai,FedEx,0,2025-05-02 00:00:00,2025-05-03 00:00:00
SHP-73777,COVID-19 mRNA Vaccine,Mumbai,Mumbai,BlueDart,0,2025-06-29 00:00:00,2025-07-01 22:00:00
SHP-38676,Amoxicillin,Bangalore,Bangalore,DHL,0,2025-04-20 00:00:00,2025-04-22 07:00:00
SHP-58374,Humira (Adalimumab),Hyderabad,Bangalore,Shadowfax,0,2025-03-30 00:00:00,2025-03-31 06:00:00
SHP-43518,Amoxicillin,Hyderabad,chennai,Delhivery,0,2025-06-28 00:00:00,2025-06-30 05:00:00
SHP-65740,Humira (Adalimumab),Mumbai,Bangalore,Shadowfax,1,2025-07-07 00:00:00,2025-07-08 00:00:00
SHP-56393,Humira (Adalimumab),Bangalore,Delhi,,0,2025-01-25 00:00:00,2025-01-26 23:00:00
SHP-18311,Insulin Glargine,Chennai,Chennai ,,0,2025-04-07 00:00:00,2025-04-09 13:00:00
SHP-82392,COVID-19 mRNA Vaccine,Bangalore,Bangalore ,BlueDart,0,2025-05-19 00:00:00,2025-05-21 01:00:00
SHP-26351,Amoxicillin,Delhi,Hyderabad,Delhivery,0,2025-09-27 00:00:00,2025-09-27 18:00:00
SHP-61251,Insulin Glargine,Hyderabad,Bangalore,Delhivery,0,2025-10-28 00:00:00,2025-10-29 20:00:00
SHP-76831,Amoxicillin,Delhi,Delhi,BlueDart,0,2025-07-20 00:00:00,2025-07-21 22:00:00
SHP-12624,Humira (Adalimumab),Chennai,Mumbai ,Shadowfax,0,2025-05-16 00:00:00,2025-05-18 12:00:00
SHP-85382,COVID-19 mRNA Vaccine,Delhi,mumbai,BlueDart,0,2025-08-13 00:00:00,2025-08-14 07:00:00
SHP-61194,Amoxicillin,Bangalore,Bangalore,DHL,0,2025-03-23 00:00:00,2025-03-25 07:00:00
SHP-14498,Amoxicillin,Delhi,Mumbai,,0,2025-11-28 00:00:00,2025-11-30 19:00:00
SHP-87966,Humira (Adalimumab),Chennai,Bangalore,Shadowfax,0,2025-01-16 00:00:00,2025-01-18 15:00:00
SHP-73766,Amoxicillin,Chennai,Delhi ,BlueDart,0,22/08/2025 00:00,2025-08-24 15:00:00
SHP-41561,Amoxicillin,Chennai,Mumbai,FedEx,0,2025-01-02 00:00:00,2025-01-04 06:00:00
SHP-21405,Humira (Adalimumab),Bangalore,Hyderabad,BlueDart,0,2025-01-13 00:00:00,2025-01-14 17:00:00
SHP-79166,Insulin Glargine,Chennai,Bangalore ,BlueDart,0,2025-06-11 00:00:00,2025-06-12 19:00:00
SHP-14427,Humira (Adalimumab),Hyderabad,Mumbai,Shadowfax,0,2025-11-17 00:00:00,2025-11-18 11:00:00
SHP-42748,Insulin Glargine,Chennai,Delhi,DHL,0,2025-05-14 00:00:00,2025-05-16 18:00:00
SHP-29496,COVID-19 mRNA Vaccine,Delhi,Delhi,DHL,0,12/11/2025 00:00,2025-11-14 03:00:00
SHP-84282,Insulin Glargine,Delhi,Hyderabad,Shadowfax,0,2025-01-13 00:00:00,2025-01-15 08:00:00
SHP-66463,Insulin Glargine,Delhi,Delhi,Shadowfax,0,2025-09-15 00:00:00,2025-09-16 14:00:00
SHP-26804,COVID-19 mRNA Vaccine,Bangalore,Delhi,Shadowfax,0,2025-09-23 00:00:00,2025-09-25 01:00:00
SHP-49342,Insulin Glargine,Delhi,Mumbai,FedEx,0,2025-05-19 00:00:00,2025-05-21 21:00:00
SHP-50919,Humira (Adalimumab),Bangalore,Bangalore,Delhivery,0,2025-02-27 00:00:00,2025-02-27 21:00:00
SHP-57338,Insulin Glargine,Bangalore,Chennai,BlueDart,0,2025-09-16 00:00:00,2025-09-18 14:00:00
SHP-82218,COVID-19 mRNA Vaccine,Chennai,Delhi,Shadowfax,0,09/01/2025 00:00,2025-01-11 08:00:00
SHP-97817,Humira (Adalimumab),Hyderabad,delhi,Shadowfax,1,14/07/2025 00:00,2025-07-15 03:00:00
SHP-53656,COVID-19 mRNA Vaccine,Chennai,Chennai,Shadowfax,1,2025-11-19 00:00:00,2025-11-21 14:00:00
SHP-59152,COVID-19 mRNA Vaccine,Chennai,Delhi,DHL,0,2025-05-25 00:00:00,2025-05-26 20:00:00
SHP-58274,Amoxicillin,Bangalore,Mumbai,Shadowfax,0,2025-04-24 00:00:00,2025-04-25 05:00:00
SHP-26281,Amoxicillin,Bangalore,Mumbai,,0,27/07/2025 00:00,2025-07-28 12:00:00
SHP-94903,COVID-19 mRNA Vaccine,Delhi,Chennai,Shadowfax,0,2025-05-31 00:00:00,2025-05-31 15:00:00
SHP-31982,COVID-19 mRNA Vaccine,Delhi,Delhi,BlueDart,0,2025-02-01 00:00:00,2025-02-02 22:00:00
SHP-85587,COVID-19 mRNA Vaccine,Chennai,Delhi,FedEx,0,2025-12-12 00:00:00,2025-12-14 15:00:00
SHP-88158,Amoxicillin,Mumbai,Bangalore,Delhivery,1,2025-01-24 00:00:00,2025-01-25 07:00:00
SHP-74320,Amoxicillin,Mumbai,delhi,DHL,0,2025-02-24 00:00:00,2025-02-25 01:00:00
SHP-53288,Insulin Glargine,Delhi,Mumbai,BlueDart,0,17/03/2025 00:00,2025-03-17 13:00:00
SHP-55562,Insulin Glargine,Mumbai,Hyderabad,FedEx,0,2025-10-24 00:00:00,2025-10-26 04:00:00
SHP-90402,COVID-19 mRNA Vaccine,Delhi,Hyderabad,Delhivery,0,2025-11-09 00:00:00,2025-11-09 13:00:00
SHP-24882,Humira (Adalimumab),Bangalore,Hyderabad,Delhivery,0,2025-10-19 00:00:00,2025-10-20 04:00:00
SHP-93174,Humira (Adalimumab),Chennai,Hyderabad,Delhivery,0,19/10/2025 00:00,2025-10-21 02:00:00
SHP-60927,Amoxicillin,Hyderabad,delhi,BlueDart,0,16/06/2025 00:00,2025-06-18 00:00:00
SHP-83290,Amoxicillin,Chennai,Delhi,FedEx,0,2025-01-09 00:00:00,2025-01-10 17:00:00
SHP-62374,Amoxicillin,Delhi,Bangalore,Shadowfax,0,2025-03-16 00:00:00,2025-03-17 13:00:00
SHP-81074,COVID-19 mRNA Vaccine,Delhi,Delhi,FedEx,0,2025-10-26 00:00:00,2025-10-27 18:00:00
SHP-48191,Humira (Adalimumab),Chennai,Hyderabad,FedEx,0,2025-11-03 00:00:00,2025-11-04 03:00:00
SHP-34846,Insulin Glargine,Delhi,Chennai,FedEx,0,2025-09-15 00:00:00,2025-09-15 22:00:00
SHP-35820,COVID-19 mRNA Vaccine,Mumbai,chennai,BlueDart,0,24/05/2025 00:00,2025-05-25 15:00:00
SHP-29689,Insulin Glargine,Mumbai,Mumbai ,BlueDart,0,2025-03-30 00:00:00,2025-03-31 11:00:00
SHP-33789,Insulin Glargine,Delhi,Mumbai,BlueDart,0,2025-11-27 00:00:00,2025-11-28 09:00:00
SHP-13565,COVID-19 mRNA Vaccine,Delhi,Delhi ,FedEx,0,2025-07-04 00:00:00,2025-07-06 04:00:00
SHP-17489,Insulin Glargine,Mumbai,Chennai,BlueDart,0,2025-09-04 00:00:00,2025-09-06 09:00:00
SHP-98173,Humira (Adalimumab),Delhi,Hyderabad ,,0,16/05/2025 00:00,2025-05-16 18:00:00
SHP-15388,Insulin Glargine,Delhi,Hyderabad ,BlueDart,1,26/11/2025 00:00,2025-11-27 02:00:00
SHP-59810,Humira (Adalimumab),Chennai,Hyderabad,DHL,0,2025-02-05 00:00:00,2025-02-07 19:00:00
SHP-88196,Humira (Adalimumab),Hyderabad,Delhi,BlueDart,0,2025-10-07 00:00:00,2025-10-07 12:00:00
SHP-14235,Humira (Adalimumab),Mumbai,Delhi,BlueDart,0,2025-11-02 00:00:00,2025-11-02 21:00:00
SHP-87513,Amoxicillin,Chennai,Bangalore,BlueDart,0,2025-05-03 00:00:00,2025-05-04 09:00:00
SHP-13868,Insulin Glargine,Hyderabad,Hyderabad,BlueDart,0,2025-12-05 00:00:00,2025-12-06 23:00:00
SHP-71693,COVID-19 mRNA Vaccine,Delhi,Hyderabad ,DHL,0,2025-10-12 00:00:00,2025-10-13 03:00:00
SHP-20632,COVID-19 mRNA Vaccine,Delhi,Delhi ,Shadowfax,0,2025-09-26 00:00:00,2025-09-26 19:00:00
SHP-98701,Insulin Glargine,Chennai,Delhi ,BlueDart,0,04/02/2025 00:00,2025-02-05 18:00:00
SHP-96772,Amoxicillin,Delhi,bangalore,Delhivery,0,2025-02-15 00:00:00,2025-02-17 14:00:00
SHP-85749,Amoxicillin,Bangalore,Bangalore ,DHL,0,2025-09-24 00:00:00,2025-09-25 22:00:00
SHP-28891,Humira (Adalimumab),Chennai,Mumbai,Shadowfax,0,2025-07-17 00:00:00,2025-07-19 14:00:00
SHP-60962,Insulin Glargine,Hyderabad,Chennai ,BlueDart,0,2025-01-09 00:00:00,2025-01-10 22:00:00
SHP-80644,Insulin Glargine,Chennai,hyderabad,Shadowfax,0,18/07/2025 00:00,2025-07-20 21:00:00
SHP-93005,COVID-19 mRNA Vaccine,Mumbai,Hyderabad ,Delhivery,0,2025-08-14 00:00:00,2025-08-15 15:00:00
SHP-63116,Insulin Glargine,Chennai,bangalore,DHL,0,2025-08-08 00:00:00,2025-08-09 09:00:00
SHP-90401,Amoxicillin,Delhi,Bangalore,DHL,0,2025-11-16 00:00:00,2025-11-17 13:00:00
SHP-17624,Insulin Glargine,Delhi,Mumbai,,0,2025-02-10 00:00:00,2025-02-10 12:00:00
SHP-41489,COVID-19 mRNA Vaccine,Bangalore,Chennai,BlueDart,0,2025-11-16 00:00:00,2025-11-16 22:00:00
SHP-30652,Humira (Adalimumab),Bangalore,Mumbai,FedEx,0,2025-02-18 00:00:00,2025-02-20 04:00:00
SHP-59854,COVID-19 mRNA Vaccine,Bangalore,Chennai,DHL,0,2025-01-02 00:00:00,2025-01-04 07:00:00
SHP-33650,COVID-19 mRNA Vaccine,Hyderabad,Hyderabad,FedEx,0,2025-02-09 00:00:00,2025-02-11 15:00:00
SHP-76931,Humira (Adalimumab),Bangalore,Mumbai,DHL,0,2025-05-23 00:00:00,2025-05-24 00:00:00
SHP-73390,COVID-19 mRNA Vaccine,Hyderabad,Bangalore,BlueDart,0,2025-06-14 00:00:00,2025-06-16 15:00:00
SHP-44021,COVID-19 mRNA Vaccine,Bangalore,Mumbai,BlueDart,0,17/12/2025 00:00,2025-12-18 08:00:00
SHP-15034,Insulin Glargine,Hyderabad,Mumbai ,DHL,0,2025-11-02 00:00:00,2025-11-02 14:00:00
SHP-66980,Insulin Glargine,Chennai,Hyderabad,Shadowfax,0,2025-05-29 00:00:00,2025-05-30 18:00:00
SHP-64405,Humira (Adalimumab),Chennai,Bangalore ,BlueDart,0,2025-09-12 00:00:00,2025-09-13 11:00:00
SHP-57886,Insulin Glargine,Delhi,Bangalore,BlueDart,0,2025-04-07 00:00:00,2025-04-09 12:00:00
SHP-67481,Insulin Glargine,Hyderabad,Delhi,Delhivery,0,2025-04-13 00:00:00,2025-04-13 14:00:00
SHP-98484,COVID-19 mRNA Vaccine,Mumbai,Delhi,BlueDart,0,28/11/2025 00:00,2025-11-30 21:00:00
SHP-83588,Amoxicillin,Delhi,Delhi ,Delhivery,0,2025-11-18 00:00:00,2025-11-18 15:00:00
SHP-45378,Insulin Glargine,Chennai,hyderabad,BlueDart,0,2025-07-03 00:00:00,2025-07-04 15:00:00
SHP-29155,Amoxicillin,Hyderabad,Mumbai,BlueDart,0,27/11/2025 00:00,2025-11-28 07:00:00
SHP-79845,Insulin Glargine,Bangalore,Bangalore,Shadowfax,0,2025-05-01 00:00:00,2025-05-03 07:00:00
SHP-85514,Insulin Glargine,Mumbai,Bangalore,Shadowfax,1,2025-08-29 00:00:00,2025-08-29 20:00:00
SHP-13800,Humira (Adalimumab),Chennai,Mumbai,BlueDart,0,2025-04-21 00:00:00,2025-04-22 14:00:00
SHP-84895,Humira (Adalimumab),Delhi,Bangalore ,DHL,0,2025-01-10 00:00:00,2025-01-12 23:00:00
SHP-42687,Humira (Adalimumab),Hyderabad,Mumbai,DHL,0,23/11/2025 00:00,2025-11-25 19:00:00
SHP-13677,Amoxicillin,Mumbai,Hyderabad,BlueDart,0,2025-11-01 00:00:00,2025-11-03 04:00:00
SHP-33282,COVID-19 mRNA Vaccine,Hyderabad,hyderabad,DHL,0,2025-01-20 00:00:00,2025-01-21 01:00:00
SHP-74212,Insulin Glargine,Bangalore,Hyderabad,BlueDart,0,2025-05-12 00:00:00,2025-05-12 12:00:00
SHP-20238,Insulin Glargine,Delhi,Mumbai,Shadowfax,1,2025-07-14 00:00:00,2025-07-15 01:00:00
SHP-72129,Insulin Glargine,Hyderabad,Mumbai,FedEx,0,2025-01-29 00:00:00,2025-01-30 15:00:00
SHP-56295,Amoxicillin,Chennai,Chennai,Delhivery,0,2025-11-01 00:00:00,2025-11-03 23:00:00
SHP-34093,Humira (Adalimumab),Delhi,Bangalore,DHL,0,2025-03-13 00:00:00,2025-03-15 16:00:00
SHP-40351,COVID-19 mRNA Vaccine,Chennai,Bangalore,DHL,0,2025-07-04 00:00:00,2025-07-04 22:00:00
SHP-22939,Amoxicillin,Hyderabad,chennai,,0,12/09/2025 00:00,2025-09-14 08:00:00
SHP-66782,Humira (Adalimumab),Delhi,Chennai,DHL,0,2025-09-11 00:00:00,2025-09-13 03:00:00
SHP-64831,Amoxicillin,Chennai,Hyderabad ,,0,2025-09-17 00:00:00,2025-09-19 01:00:00
SHP-83910,COVID-19 mRNA Vaccine,Bangalore,Chennai,BlueDart,0,2025-05-27 00:00:00,2025-05-28 15:00:00
SHP-17447,Humira (Adalimumab),Bangalore,Mumbai,FedEx,0,2025-12-22 00:00:00,2025-12-23 13:00:00
SHP-44896,Amoxicillin,Hyderabad,Delhi ,FedEx,0,2025-05-11 00:00:00,2025-05-12 19:00:00
SHP-99999,COVID-19 mRNA Vaccine,Delhi,Mumbai,FedEx,0,28/05/2025 00:00,2025-05-30 23:00:00
SHP-67741,Insulin Glargine,Mumbai,Chennai,BlueDart,0,07/02/2025 00:00,2025-02-08 12:00:00
SHP-79417,COVID-19 mRNA Vaccine,Delhi,Bangalore,FedEx,0,2025-06-17 00:00:00,2025-06-19 13:00:00
SHP-50650,Insulin Glargine,Bangalore,Mumbai,FedEx,0,2025-06-30 00:00:00,2025-07-01 02:00:00
SHP-95976,Amoxicillin,Chennai,Bangalore,BlueDart,0,2025-03-05 00:00:00,2025-03-06 08:00:00
SHP-59663,Humira (Adalimumab),Mumbai,Mumbai,Shadowfax,0,2025-01-02 00:00:00,2025-01-04 10:00:00
SHP-53141,Humira (Adalimumab),Hyderabad,Bangalore,DHL,0,19/04/2025 00:00,2025-04-20 10:00:00
SHP-75204,Amoxicillin,Mumbai,Mumbai,,0,2025-10-12 00:00:00,2025-10-13 11:00:00
SHP-33005,Humira (Adalimumab),Hyderabad,Bangalore,BlueDart,0,2025-09-17 00:00:00,2025-09-18 06:00:00
SHP-62143,Humira (Adalimumab),Mumbai,Delhi ,BlueDart,0,2025-10-02 00:00:00,2025-10-03 16:00:00
SHP-47201,Insulin Glargine,Hyderabad,Hyderabad,,0,05/05/2025 00:00,2025-05-05 23:00:00
SHP-87895,Amoxicillin,Hyderabad,Mumbai,Delhivery,0,2025-07-21 00:00:00,2025-07-23 10:00:00
SHP-69942,COVID-19 mRNA Vaccine,Mumbai,Delhi ,FedEx,0,2025-02-03 00:00:00,2025-02-04 13:00:00
SHP-96997,Insulin Glargine,Mumbai,Hyderabad,Delhivery,0,11/08/2025 00:00,2025-08-12 13:00:00
SHP-67781,Amoxicillin,Hyderabad,Mumbai ,DHL,0,2025-05-25 00:00:00,2025-05-25 21:00:00
SHP-50731,Insulin Glargine,Bangalore,delhi,DHL,0,2025-08-29 00:00:00,2025-08-30 13:00:00
SHP-23195,COVID-19 mRNA Vaccine,Mumbai,Delhi,DHL,0,2025-03-07 00:00:00,2025-03-08 15:00:00
SHP-21906,COVID-19 mRNA Vaccine,Delhi,Delhi,DHL,0,2025-05-15 00:00:00,2025-05-16 06:00:00
SHP-59136,Amoxicillin,Chennai,Chennai,DHL,0,2025-03-27 00:00:00,2025-03-29 19:00:00
SHP-43674,COVID-19 mRNA Vaccine,Hyderabad,bangalore,FedEx,0,2025-12-05 00:00:00,2025-12-06 00:00:00
SHP-71068,Insulin Glargine,Hyderabad,Hyderabad,BlueDart,0,2025-09-01 00:00:00,2025-09-03 22:00:00
SHP-96688,COVID-19 mRNA Vaccine,Chennai,Bangalore,Delhivery,0,2025-09-27 00:00:00,2025-09-28 15:00:00
SHP-69040,Insulin Glargine,Bangalore,Bangalore,BlueDart,0,2025-07-16 00:00:00,2025-07-18 18:00:00
SHP-34735,Insulin Glargine,Chennai,Bangalore,Delhivery,0,2025-09-29 00:00:00,2025-09-30 02:00:00
SHP-99728,COVID-19 mRNA Vaccine,Mumbai,delhi ,,0,2025-09-06 00:00:00,2025-09-08 10:00:00
SHP-56690,Amoxicillin,Chennai,Bangalore,FedEx,0,2025-06-28 00:00:00,2025-06-30 01:00:00
SHP-47625,Humira (Adalimumab),Hyderabad,Chennai,Shadowfax,0,2025-09-11 00:00:00,2025-09-13 08:00:00
SHP-59267,COVID-19 mRNA Vaccine,Chennai,Mumbai,Shadowfax,0,20/08/2025 00:00,2025-08-21 04:00:00
SHP-37417,Insulin Glargine,Delhi,Delhi ,FedEx,0,2025-01-14 00:00:00,2025-01-14 23:00:00
SHP-29212,Insulin Glargine,Mumbai,Hyderabad,FedEx,0,2025-09-09 00:00:00,2025-09-09 12:00:00
SHP-92726,COVID-19 mRNA Vaccine,Chennai,Mumbai,Delhivery,0,2025-01-07 00:00:00,2025-01-08 15:00:00
SHP-40017,Amoxicillin,Hyderabad,Mumbai,FedEx,0,2025-06-21 00:00:00,2025-06-22 15:00:00
SHP-65855,Amoxicillin,Mumbai,Mumbai ,BlueDart,0,2025-05-26 00:00:00,2025-05-26 15:00:00
SHP-99593,Insulin Glargine,Hyderabad,Bangalore ,Delhivery,0,2025-02-26 00:00:00,2025-02-28 13:00:00
SHP-90208,Insulin Glargine,Bangalore,Bangalore,FedEx,0,2025-09-24 00:00:00,2025-09-25 01:00:00
SHP-36870,Amoxicillin,Delhi,Delhi,Delhivery,0,2025-07-09 00:00:00,2025-07-11 09:00:00
SHP-83161,Humira (Adalimumab),Bangalore,Bangalore,Delhivery,0,2025-07-23 00:00:00,2025-07-25 00:00:00
SHP-34034,COVID-19 mRNA Vaccine,Delhi,Bangalore,DHL,0,2025-04-05 00:00:00,2025-04-07 11:00:00
SHP-43526,Insulin Glargine,Chennai,Bangalore,Shadowfax,0,20/05/2025 00:00,2025-05-22 14:00:00
SHP-56259,Insulin Glargine,Mumbai,Delhi,Delhivery,0,15/02/2025 00:00,2025-02-15 23:00:00
SHP-81140,Amoxicillin,Chennai,Delhi,Delhivery,0,23/12/2025 00:00,2025-12-25 20:00:00
SHP-24012,COVID-19 mRNA Vaccine,Delhi,Chennai ,DHL,0,2025-02-08 00:00:00,2025-02-09 18:00:00
SHP-85703,Amoxicillin,Delhi,Chennai,FedEx,0,2025-12-20 00:00:00,2025-12-22 11:00:00
SHP-26569,COVID-19 mRNA Vaccine,Delhi,Chennai ,Delhivery,0,2025-09-16 00:00:00,2025-09-17 11:00:00
SHP-96413,COVID-19 mRNA Vaccine,Hyderabad,Chennai,DHL,0,2025-04-01 00:00:00,2025-04-01 23:00:00
SHP-83684,COVID-19 mRNA Vaccine,Mumbai,Mumbai,BlueDart,0,2025-07-23 00:00:00,2025-07-24 09:00:00
SHP-91848,Insulin Glargine,Chennai,Mumbai,DHL,0,19/09/2025 00:00,2025-09-20 15:00:00
SHP-20244,Humira (Adalimumab),Chennai,chennai,Shadowfax,0,2025-07-31 00:00:00,2025-08-01 08:00:00
SHP-14344,Amoxicillin,Bangalore,Chennai,Shadowfax,0,07/03/2025 00:00,2025-03-09 17:00:00
SHP-90735,Humira (Adalimumab),Delhi,Hyderabad,FedEx,0,2025-02-14 00:00:00,2025-02-14 18:00:00
SHP-53376,Amoxicillin,Delhi,Mumbai,FedEx,0,25/02/2025 00:00,2025-02-25 13:00:00
SHP-83173,COVID-19 mRNA Vaccine,Delhi,Hyderabad,,0,2025-03-27 00:00:00,2025-03-28 07:00:00
SHP-81163,Insulin Glargine,Chennai,Hyderabad,Shadowfax,0,2025-03-26 00:00:00,2025-03-27 08:00:00
SHP-26247,Humira (Adalimumab),Bangalore,Bangalore,Delhivery,0,2025-07-18 00:00:00,2025-07-20 12:00:00
SHP-55098,Insulin Glargine,Hyderabad,Delhi,Shadowfax,0,2025-12-03 00:00:00,2025-12-03 23:00:00
SHP-21548,Amoxicillin,Mumbai,mumbai ,FedEx,0,24/11/2025 00:00,2025-11-25 03:00:00
SHP-22478,Insulin Glargine,Hyderabad,Chennai ,Shadowfax,0,15/12/2025 00:00,2025-12-17 19:00:00
SHP-88688,Insulin Glargine,Chennai,Chennai,FedEx,0,2025-04-01 00:00:00,2025-04-03 22:00:00
SHP-17968,Humira (Adalimumab),Delhi,Delhi ,BlueDart,0,2025-08-07 00:00:00,2025-08-09 15:00:00
SHP-97595,COVID-19 mRNA Vaccine,Mumbai,Mumbai,Shadowfax,0,2025-02-01 00:00:00,2025-02-03 11:00:00
SHP-21022,Insulin Glargine,Chennai,Chennai ,FedEx,0,04/03/2025 00:00,2025-03-05 22:00:00
SHP-55022,COVID-19 mRNA Vaccine,Chennai,Chennai,,0,2025-07-04 00:00:00,2025-07-05 19:00:00
SHP-30182,Amoxicillin,Chennai,Bangalore,Delhivery,0,2025-07-19 00:00:00,2025-07-20 02:00:00
SHP-24802,Insulin Glargine,Mumbai,Hyderabad,FedEx,0,2025-03-20 00:00:00,2025-03-21 19:00:00
SHP-49265,Humira (Adalimumab),Mumbai,chennai,,1,2025-07-13 00:00:00,2025-07-15 11:00:00
SHP-89457,Amoxicillin,Bangalore,Mumbai,Shadowfax,0,07/08/2025 00:00,2025-08-08 17:00:00
SHP-90269,Amoxicillin,Bangalore,Delhi,BlueDart,0,2025-02-24 00:00:00,2025-02-24 18:00:00
SHP-89071,Humira (Adalimumab),Hyderabad,Bangalore,DHL,1,2025-10-25 00:00:00,2025-10-27 04:00:00
SHP-15100,Insulin Glargine,Mumbai,mumbai,FedEx,0,2025-01-12 00:00:00,2025-01-12 20:00:00
SHP-84968,Insulin Glargine,Mumbai,Bangalore,DHL,0,2025-04-15 00:00:00,2025-04-15 12:00:00
SHP-20737,Amoxicillin,Mumbai,Hyderabad,BlueDart,0,22/08/2025 00:00,2025-08-23 09:00:00
SHP-59051,Insulin Glargine,Bangalore,Chennai,Delhivery,0,2025-04-15 00:00:00,2025-04-16 17:00:00
SHP-12572,COVID-19 mRNA Vaccine,Chennai,Mumbai,DHL,0,2025-07-12 00:00:00,2025-07-12 14:00:00
SHP-45389,Humira (Adalimumab),Delhi,Delhi ,BlueDart,0,2025-12-30 00:00:00,2025-12-31 13:00:00
SHP-16214,COVID-19 mRNA Vaccine,Bangalore,hyderabad,FedEx,0,20/03/2025 00:00,2025-03-22 09:00:00
SHP-17000,Insulin Glargine,Mumbai,Hyderabad ,Delhivery,0,2025-05-23 00:00:00,2025-05-23 21:00:00
SHP-92332,Amoxicillin,Bangalore,Bangalore,Shadowfax,0,2025-11-29 00:00:00,2025-11-30 08:00:00
SHP-58701,Humira (Adalimumab),Hyderabad,Hyderabad,BlueDart,0,2025-03-31 00:00:00,2025-04-02 21:00:00
SHP-59243,Insulin Glargine,Mumbai,Mumbai,Shadowfax,0,2025-11-01 00:00:00,2025-11-01 21:00:00
SHP-98788,Insulin Glargine,Hyderabad,Bangalore ,Delhivery,0,2025-08-14 00:00:00,2025-08-16 00:00:00
SHP-54968,Amoxicillin,Mumbai,hyderabad,BlueDart,1,2025-04-21 00:00:00,2025-04-22 02:00:00
SHP-94633,Amoxicillin,Bangalore,Delhi,BlueDart,0,2025-07-25 00:00:00,2025-07-27 13:00:00
SHP-84574,COVID-19 mRNA Vaccine,Chennai,Mumbai,Delhivery,1,2025-02-09 00:00:00,2025-02-11 18:00:00
SHP-20582,Humira (Adalimumab),Delhi,Delhi,FedEx,0,2025-07-01 00:00:00,2025-07-03 03:00:00
SHP-76583,Humira (Adalimumab),Hyderabad,Delhi,BlueDart,0,2025-05-27 00:00:00,2025-05-29 05:00:00
SHP-56147,Amoxicillin,Bangalore,Bangalore,Delhivery,0,2025-04-03 00:00:00,2025-04-03 23:00:00
SHP-73843,COVID-19 mRNA Vaccine,Chennai,Chennai,DHL,0,2025-12-29 00:00:00,2025-12-31 12:00:00
SHP-73138,Humira (Adalimumab),Bangalore,Bangalore,Shadowfax,0,02/08/2025 00:00,2025-08-02 17:00:00
SHP-80865,Amoxicillin,Hyderabad,mumbai,BlueDart,0,03/11/2025 00:00,2025-11-04 13:00:00
SHP-50653,Insulin Glargine,Delhi,Mumbai,DHL,0,27/10/2025 00:00,2025-10-28 15:00:00
SHP-64421,Humira (Adalimumab),Bangalore,Bangalore,BlueDart,0,2025-01-11 00:00:00,2025-01-11 19:00:00
SHP-80817,COVID-19 mRNA Vaccine,Mumbai,Chennai,FedEx,0,2025-01-28 00:00:00,2025-01-29 21:00:00
SHP-65624,COVID-19 mRNA Vaccine,Chennai,Bangalore ,Delhivery,0,25/02/2025 00:00,2025-02-27 02:00:00
SHP-49951,COVID-19 mRNA Vaccine,Bangalore,mumbai ,BlueDart,0,2025-01-05 00:00:00,2025-01-06 21:00:00
SHP-86331,Insulin Glargine,Chennai,Chennai,,0,2025-10-14 00:00:00,2025-10-15 17:00:00
SHP-67100,Humira (Adalimumab),Mumbai,Mumbai,BlueDart,0,2025-03-10 00:00:00,2025-03-10 13:00:00
SHP-86190,Humira (Adalimumab),Delhi,Chennai,FedEx,0,2025-11-22 00:00:00,2025-11-22 20:00:00
SHP-57669,Insulin Glargine,Delhi,Chennai,FedEx,0,2025-11-23 00:00:00,2025-11-24 17:00:00
SHP-29814,Humira (Adalimumab),Mumbai,Bangalore,DHL,0,19/05/2025 00:00,2025-05-20 12:00:00
SHP-44903,Insulin Glargine,Chennai,Bangalore ,FedEx,0,22/06/2025 00:00,2025-06-24 08:00:00
SHP-41700,Insulin Glargine,Bangalore,Bangalore ,Delhivery,0,2025-10-17 00:00:00,2025-10-18 22:00:00
SHP-73198,Insulin Glargine,Mumbai,Chennai,,0,2025-03-30 00:00:00,2025-03-31 19:00:00
SHP-63040,COVID-19 mRNA Vaccine,Hyderabad,Chennai,BlueDart,0,2025-03-13 00:00:00,2025-03-15 10:00:00
SHP-14421,Humira (Adalimumab),Chennai,Mumbai ,FedEx,0,2025-11-06 00:00:00,2025-11-07 08:00:00
SHP-33307,Insulin Glargine,Delhi,Delhi,Delhivery,0,2025-05-24 00:00:00,2025-05-25 12:00:00
SHP-23070,Humira (Adalimumab),Mumbai,Bangalore,BlueDart,0,2025-03-07 00:00:00,2025-03-07 12:00:00
SHP-32164,COVID-19 mRNA Vaccine,Delhi,Mumbai,DHL,0,2025-07-11 00:00:00,2025-07-13 04:00:00
SHP-83204,Insulin Glargine,Chennai,Mumbai,,0,2025-03-20 00:00:00,2025-03-21 22:00:00
SHP-60718,Amoxicillin,Delhi,Hyderabad,DHL,0,2025-11-19 00:00:00,2025-11-20 18:00:00
SHP-82719,COVID-19 mRNA Vaccine,Mumbai,Bangalore,BlueDart,0,2025-12-01 00:00:00,2025-12-02 05:00:00
SHP-44892,Amoxicillin,Chennai,Mumbai,DHL,0,2025-04-13 00:00:00,2025-04-14 02:00:00
SHP-48432,Humira (Adalimumab),Hyderabad,Hyderabad,FedEx,0,2025-03-26 00:00:00,2025-03-28 16:00:00
SHP-99399,Humira (Adalimumab),Mumbai,Bangalore,,0,2025-06-05 00:00:00,2025-06-07 20:00:00
SHP-89048,COVID-19 mRNA Vaccine,Bangalore,Chennai,BlueDart,0,2025-02-16 00:00:00,2025-02-17 10:00:00
SHP-84256,Humira (Adalimumab),Mumbai,Hyderabad,BlueDart,0,2025-08-07 00:00:00,2025-08-08 08:00:00
SHP-71877,Amoxicillin,Chennai,Chennai,Shadowfax,0,2025-01-05 00:00:00,2025-01-05 15:00:00
SHP-53718,Insulin Glargine,Mumbai,Delhi,Delhivery,0,2025-06-01 00:00:00,2025-06-01 15:00:00
SHP-74774,Insulin Glargine,Hyderabad,Delhi,Shadowfax,0,2025-01-11 00:00:00,2025-01-13 16:00:00
SHP-95142,Insulin Glargine,Hyderabad,Delhi,Shadowfax,0,2025-02-04 00:00:00,2025-02-06 07:00:00
SHP-87122,COVID-19 mRNA Vaccine,Bangalore,Delhi,Shadowfax,0,2025-11-09 00:00:00,2025-11-11 22:00:00
SHP-85886,Humira (Adalimumab),Delhi,Mumbai,Delhivery,0,2025-12-30 00:00:00,2025-12-31 05:00:00
SHP-49522,Amoxicillin,Chennai,delhi,Shadowfax,0,2025-03-12 00:00:00,2025-03-13 17:00:00
SHP-69034,Humira (Adalimumab),Chennai,Mumbai,DHL,0,2025-10-02 00:00:00,2025-10-03 15:00:00
SHP-35642,Humira (Adalimumab),Delhi,Mumbai,BlueDart,0,05/11/2025 00:00,2025-11-07 04:00:00
SHP-25150,Humira (Adalimumab),Hyderabad,Bangalore,BlueDart,0,2025-10-30 00:00:00,2025-10-31 15:00:00
SHP-57139,Insulin Glargine,Hyderabad,Mumbai,,0,2025-12-01 00:00:00,2025-12-02 02:00:00
SHP-65470,Amoxicillin,Mumbai,Mumbai,DHL,0,2025-06-10 00:00:00,2025-06-11 01:00:00
SHP-84501,Amoxicillin,Bangalore,Delhi,Delhivery,0,2025-12-10 00:00:00,2025-12-10 20:00:00
SHP-54346,Humira (Adalimumab),Bangalore,Mumbai ,BlueDart,1,02/10/2025 00:00,2025-10-04 00:00:00
SHP-98450,Insulin Glargine,Bangalore,Chennai,Shadowfax,0,2025-08-26 00:00:00,2025-08-27 19:00:00
SHP-21306,Insulin Glargine,Mumbai,Delhi,FedEx,1,2025-05-15 00:00:00,2025-05-17 06:00:00
SHP-32283,Amoxicillin,Bangalore,Hyderabad,FedEx,0,2025-07-27 00:00:00,2025-07-28 08:00:00
SHP-45944,Insulin Glargine,Delhi,Delhi,BlueDart,0,2025-09-11 00:00:00,2025-09-12 05:00:00
SHP-13904,Insulin Glargine,Mumbai,Mumbai,DHL,0,2025-06-27 00:00:00,2025-06-27 15:00:00
SHP-65065,Insulin Glargine,Delhi,Chennai,FedEx,0,2025-05-26 00:00:00,2025-05-26 18:00:00
SHP-53540,COVID-19 mRNA Vaccine,Mumbai,Delhi,BlueDart,0,2025-01-22 00:00:00,2025-01-24 05:00:00
SHP-22950,Humira (Adalimumab),Bangalore,chennai,,0,2025-05-18 00:00:00,2025-05-19 10:00:00
SHP-23007,Amoxicillin,Delhi,Hyderabad ,BlueDart,0,2025-01-21 00:00:00,2025-01-22 01:00:00
SHP-82747,Amoxicillin,Delhi,hyderabad,BlueDart,0,2025-06-28 00:00:00,2025-06-29 05:00:00
SHP-24948,COVID-19 mRNA Vaccine,Delhi,Bangalore,DHL,0,2025-03-29 00:00:00,2025-03-30 07:00:00
SHP-62202,Humira (Adalimumab),Mumbai,Bangalore,DHL,0,2025-06-02 00:00:00,2025-06-04 16:00:00
SHP-46187,Amoxicillin,Chennai,Delhi,DHL,0,2025-08-07 00:00:00,2025-08-08 09:00:00
SHP-67241,Insulin Glargine,Bangalore,Bangalore,BlueDart,0,2025-07-31 00:00:00,2025-08-01 08:00:00
SHP-92064,Amoxicillin,Delhi,Chennai ,FedEx,0,2025-03-29 00:00:00,2025-03-29 17:00:00
SHP-95228,Insulin Glargine,Chennai,Bangalore,Delhivery,0,21/02/2025 00:00,2025-02-23 23:00:00
SHP-57613,COVID-19 mRNA Vaccine,Bangalore,Chennai,Delhivery,0,2025-04-08 00:00:00,2025-04-09 13:00:00
SHP-16984,Insulin Glargine,Bangalore,Bangalore ,BlueDart,0,27/01/2025 00:00,2025-01-28 19:00:00
SHP-47161,Amoxicillin,Delhi,Bangalore,BlueDart,0,2025-07-29 00:00:00,2025-07-29 22:00:00
SHP-10694,Amoxicillin,Delhi,Bangalore,FedEx,0,01/04/2025 00:00,2025-04-01 20:00:00
SHP-77323,Amoxicillin,Mumbai,Mumbai,,0,05/01/2025 00:00,2025-01-07 03:00:00
SHP-88929,COVID-19 mRNA Vaccine,Chennai,Mumbai,BlueDart,0,19/02/2025 00:00,2025-02-21 10:00:00
SHP-42741,COVID-19 mRNA Vaccine,Chennai,Bangalore ,,0,02/08/2025 00:00,2025-08-04 14:00:00
SHP-78231,Humira (Adalimumab),Delhi,Chennai,DHL,0,2025-11-21 00:00:00,2025-11-21 22:00:00
SHP-58007,Amoxicillin,Bangalore,Delhi,BlueDart,0,23/02/2025 00:00,2025-02-25 07:00:00
SHP-89191,Insulin Glargine,Delhi,Hyderabad,Shadowfax,0,2025-03-09 00:00:00,2025-03-10 07:00:00
SHP-96616,COVID-19 mRNA Vaccine,Bangalore,Mumbai,FedEx,0,29/10/2025 00:00,2025-10-29 14:00:00
SHP-62401,Amoxicillin,Bangalore,Bangalore,Shadowfax,0,09/07/2025 00:00,2025-07-09 14:00:00
SHP-74442,Amoxicillin,Delhi,Hyderabad,BlueDart,0,2025-01-04 00:00:00,2025-01-06 06:00:00
SHP-33603,COVID-19 mRNA Vaccine,Hyderabad,Mumbai ,Delhivery,0,2025-05-06 00:00:00,2025-05-07 07:00:00
SHP-12424,Humira (Adalimumab),Chennai,Delhi ,BlueDart,0,13/09/2025 00:00,2025-09-14 20:00:00
SHP-32700,COVID-19 mRNA Vaccine,Bangalore,Chennai,Delhivery,0,2025-04-22 00:00:00,2025-04-22 14:00:00
SHP-44175,COVID-19 mRNA Vaccine,Bangalore,Bangalore,FedEx,1,2025-12-23 00:00:00,2025-12-23 20:00:00
SHP-58891,Insulin Glargine,Hyderabad,Delhi,FedEx,0,2025-07-25 00:00:00,2025-07-26 15:00:00
SHP-39605,Insulin Glargine,Mumbai,Mumbai,DHL,0,2025-08-28 00:00:00,2025-08-28 14:00:00
SHP-75844,Humira (Adalimumab),Hyderabad,Bangalore,DHL,0,2025-11-30 00:00:00,2025-12-01 15:00:00
SHP-20726,Amoxicillin,Hyderabad,Hyderabad ,Delhivery,0,2025-01-05 00:00:00,2025-01-05 23:00:00
SHP-91424,COVID-19 mRNA Vaccine,Bangalore,Chennai,Delhivery,0,2025-06-06 00:00:00,2025-06-07 11:00:00
SHP-57747,Humira (Adalimumab),Chennai,Mumbai ,FedEx,0,06/10/2025 00:00,2025-10-07 21:00:00
SHP-87680,Insulin Glargine,Hyderabad,Chennai,Shadowfax,0,2025-06-27 00:00:00,2025-06-29 14:00:00
SHP-18719,COVID-19 mRNA Vaccine,Mumbai,Bangalore ,Delhivery,0,2025-03-14 00:00:00,2025-03-16 23:00:00
SHP-42320,Amoxicillin,Delhi,Delhi ,Delhivery,0,23/08/2025 00:00,2025-08-25 01:00:00
SHP-67469,Insulin Glargine,Hyderabad,Chennai,Shadowfax,0,2025-07-07 00:00:00,2025-07-08 10:00:00
SHP-74260,Insulin Glargine,Hyderabad,Hyderabad,DHL,0,2025-10-30 00:00:00,2025-10-31 21:00:00
SHP-98262,Insulin Glargine,Mumbai,Mumbai,DHL,0,29/03/2025 00:00,2025-03-30 20:00:00
SHP-53801,Humira (Adalimumab),Chennai,Hyderabad,Delhivery,0,2025-09-04 00:00:00,2025-09-06 20:00:00
SHP-12085,Amoxicillin,Hyderabad,Chennai,DHL,0,2025-11-07 00:00:00,2025-11-09 15:00:00
SHP-28752,COVID-19 mRNA Vaccine,Hyderabad,Delhi,DHL,0,2025-01-08 00:00:00,2025-01-10 01:00:00
SHP-35075,Humira (Adalimumab),Chennai,delhi,DHL,0,17/06/2025 00:00,2025-06-19 21:00:00
SHP-96385,Humira (Adalimumab),Mumbai,Hyderabad,FedEx,0,23/10/2025 00:00,2025-10-24 07:00:00
SHP-91400,Humira (Adalimumab),Hyderabad,Bangalore,BlueDart,0,2025-06-23 00:00:00,2025-06-24 03:00:00
SHP-41453,Insulin Glargine,Chennai,Bangalore,Delhivery,1,2025-10-11 00:00:00,2025-10-12 23:00:00
SHP-95666,Amoxicillin,Hyderabad,Delhi,Delhivery,0,2025-06-18 00:00:00,2025-06-18 23:00:00
SHP-40544,Humira (Adalimumab),Delhi,Hyderabad,FedEx,0,2025-08-16 00:00:00,2025-08-17 15:00:00
SHP-64929,COVID-19 mRNA Vaccine,Bangalore,Hyderabad,BlueDart,0,2025-11-14 00:00:00,2025-11-14 15:00:00
SHP-69560,Amoxicillin,Delhi,Hyderabad,BlueDart,0,2025-10-31 00:00:00,2025-11-02 15:00:00
SHP-93684,COVID-19 mRNA Vaccine,Hyderabad,Chennai,FedEx,1,2025-12-04 00:00:00,2025-12-07 00:00:00
SHP-54816,Amoxicillin,Mumbai,Bangalore,Shadowfax,0,2025-04-01 00:00:00,2025-04-02 23:00:00
SHP-11133,COVID-19 mRNA Vaccine,Bangalore,Bangalore ,Shadowfax,1,2025-03-09 00:00:00,2025-03-09 19:00:00
SHP-30214,Insulin Glargine,Delhi,Chennai ,BlueDart,0,19/05/2025 00:00,2025-05-21 09:00:00
SHP-89610,Humira (Adalimumab),Chennai,Mumbai,Shadowfax,0,2025-05-01 00:00:00,2025-05-02 09:00:00
SHP-80483,COVID-19 mRNA Vaccine,Mumbai,Chennai,Shadowfax,0,2025-06-14 00:00:00,2025-06-14 15:00:00
SHP-27649,Amoxicillin,Delhi,Hyderabad,Shadowfax,0,2025-02-13 00:00:00,2025-02-13 18:00:00
SHP-58614,Humira (Adalimumab),Chennai,chennai ,BlueDart,0,2025-08-06 00:00:00,2025-08-07 01:00:00
SHP-67522,Humira (Adalimumab),Hyderabad,hyderabad ,Shadowfax,1,2025-09-21 00:00:00,2025-09-22 04:00:00
SHP-77365,Amoxicillin,Chennai,Delhi,,0,2025-12-19 00:00:00,2025-12-21 17:00:00
SHP-26364,COVID-19 mRNA Vaccine,Delhi,Hyderabad,BlueDart,0,2025-07-07 00:00:00,2025-07-09 17:00:00
SHP-74062,Insulin Glargine,Delhi,Bangalore ,FedEx,0,2025-06-30 00:00:00,2025-07-01 21:00:00
SHP-30187,Insulin Glargine,Hyderabad,chennai,Shadowfax,0,2025-05-06 00:00:00,2025-05-08 10:00:00
SHP-28555,COVID-19 mRNA Vaccine,Chennai,Hyderabad,DHL,0,2025-12-09 00:00:00,2025-12-11 21:00:00
SHP-51146,Humira (Adalimumab),Chennai,Mumbai,BlueDart,0,02/11/2025 00:00,2025-11-02 12:00:00
SHP-43183,Humira (Adalimumab),Hyderabad,Delhi,FedEx,0,2025-10-18 00:00:00,2025-10-20 18:00:00
SHP-35456,Humira (Adalimumab),Chennai,Mumbai,Delhivery,0,2025-07-01 00:00:00,2025-07-02 02:00:00
SHP-96994,Humira (Adalimumab),Hyderabad,Mumbai,FedEx,0,2025-02-07 00:00:00,2025-02-09 03:00:00
SHP-91469,COVID-19 mRNA Vaccine,Mumbai,Mumbai ,Shadowfax,0,2025-06-13 00:00:00,2025-06-15 16:00:00
SHP-41815,Humira (Adalimumab),Delhi,Delhi,DHL,0,2025-07-27 00:00:00,2025-07-29 02:00:00
SHP-73862,Amoxicillin,Mumbai,Delhi,Shadowfax,0,2025-05-26 00:00:00,2025-05-27 02:00:00
SHP-83298,Humira (Adalimumab),Bangalore,Delhi,FedEx,0,2025-05-13 00:00:00,2025-05-15 20:00:00
SHP-43077,Insulin Glargine,Bangalore,Delhi,BlueDart,0,2025-09-12 00:00:00,2025-09-12 12:00:00
SHP-80312,Humira (Adalimumab),Bangalore,Mumbai,DHL,0,2025-06-19 00:00:00,2025-06-21 21:00:00
SHP-36339,COVID-19 mRNA Vaccine,Hyderabad,Bangalore ,DHL,0,24/10/2025 00:00,2025-10-24 15:00:00
SHP-53390,Insulin Glargine,Chennai,Bangalore,FedEx,0,2025-11-18 00:00:00,2025-11-20 20:00:00
SHP-44025,COVID-19 mRNA Vaccine,Mumbai,Delhi,Shadowfax,0,2025-05-06 00:00:00,2025-05-07 20:00:00
SHP-39191,COVID-19 mRNA Vaccine,Mumbai,Chennai ,FedEx,0,2025-08-19 00:00:00,2025-08-19 13:00:00
SHP-75741,Insulin Glargine,Mumbai,Hyderabad,DHL,0,2025-07-25 00:00:00,2025-07-25 22:00:00
SHP-27410,COVID-19 mRNA Vaccine,Mumbai,Chennai ,FedEx,0,2025-01-26 00:00:00,2025-01-27 18:00:00
SHP-79009,COVID-19 mRNA Vaccine,Bangalore,Chennai,DHL,0,2025-05-16 00:00:00,2025-05-17 00:00:00
SHP-26645,Humira (Adalimumab),Mumbai,Chennai ,Shadowfax,0,2025-02-18 00:00:00,2025-02-20 06:00:00
SHP-19388,Amoxicillin,Chennai,Bangalore,BlueDart,0,25/01/2025 00:00,2025-01-27 04:00:00
SHP-94536,COVID-19 mRNA Vaccine,Bangalore,Hyderabad,BlueDart,0,2025-08-24 00:00:00,2025-08-26 21:00:00
SHP-22923,COVID-19 mRNA Vaccine,Mumbai,Chennai,FedEx,0,2025-05-26 00:00:00,2025-05-28 05:00:00
SHP-32528,COVID-19 mRNA Vaccine,Hyderabad,Delhi,DHL,0,2025-07-26 00:00:00,2025-07-26 23:00:00
SHP-98736,Humira (Adalimumab),Delhi,Bangalore,BlueDart,0,2025-10-05 00:00:00,2025-10-07 01:00:00
SHP-77743,Amoxicillin,Delhi,Delhi,DHL,0,2025-02-20 00:00:00,2025-02-21 12:00:00
SHP-47155,Insulin Glargine,Delhi,Delhi,Shadowfax,0,2025-02-19 00:00:00,2025-02-19 20:00:00
SHP-55922,Humira (Adalimumab),Bangalore,Chennai,FedEx,0,2025-12-24 00:00:00,2025-12-25 22:00:00
SHP-47316,Humira (Adalimumab),Mumbai,Delhi,DHL,1,2025-01-02 00:00:00,2025-01-04 12:00:00
SHP-18032,Amoxicillin,Bangalore,Hyderabad,FedEx,0,2025-01-08 00:00:00,2025-01-09 00:00:00
SHP-10965,Amoxicillin,Chennai,Delhi,DHL,0,2025-07-12 00:00:00,2025-07-13 00:00:00
SHP-47734,Humira (Adalimumab),Hyderabad,Chennai,DHL,1,2025-02-22 00:00:00,2025-02-23 01:00:00
SHP-52879,Insulin Glargine,Hyderabad,Delhi,Shadowfax,1,2025-09-27 00:00:00,2025-09-27 12:00:00
SHP-25912,Humira (Adalimumab),Delhi,Bangalore,FedEx,0,2025-08-10 00:00:00,2025-08-11 09:00:00
SHP-36036,Amoxicillin,Delhi,Bangalore ,Delhivery,0,2025-03-15 00:00:00,2025-03-17 10:00:00
SHP-57099,Insulin Glargine,Delhi,Bangalore ,DHL,0,2025-06-25 00:00:00,2025-06-26 22:00:00
SHP-18253,Amoxicillin,Mumbai,Mumbai,DHL,0,2025-10-17 00:00:00,2025-10-18 22:00:00
SHP-84939,Insulin Glargine,Chennai,Bangalore,BlueDart,0,21/12/2025 00:00,2025-12-21 12:00:00
SHP-63154,COVID-19 mRNA Vaccine,Chennai,Bangalore,FedEx,0,2025-10-31 00:00:00,2025-11-01 15:00:00
SHP-89557,Amoxicillin,Chennai,Mumbai ,Delhivery,0,2025-06-19 00:00:00,2025-06-21 16:00:00
SHP-48936,Amoxicillin,Chennai,Bangalore,Shadowfax,0,2025-10-11 00:00:00,2025-10-13 13:00:00
SHP-46808,Humira (Adalimumab),Delhi,chennai,Delhivery,0,2025-02-25 00:00:00,2025-02-27 11:00:00
SHP-41744,Amoxicillin,Hyderabad,Bangalore,Shadowfax,0,2025-06-10 00:00:00,2025-06-12 12:00:00
SHP-27923,Amoxicillin,Delhi,Bangalore ,Delhivery,0,2025-11-19 00:00:00,2025-11-20 23:00:00
SHP-97439,COVID-19 mRNA Vaccine,Chennai,Mumbai,Delhivery,0,2025-06-03 00:00:00,2025-06-03 13:00:00
SHP-47722,Amoxicillin,Delhi,Chennai ,FedEx,0,2025-02-24 00:00:00,2025-02-25 05:00:00
SHP-39110,COVID-19 mRNA Vaccine,Chennai,Delhi,BlueDart,0,2025-04-22 00:00:00,2025-04-24 03:00:00
SHP-65137,COVID-19 mRNA Vaccine,Bangalore,Hyderabad,Delhivery,0,2025-12-31 00:00:00,2026-01-01 06:00:00
SHP-78272,COVID-19 mRNA Vaccine,Hyderabad,Chennai ,DHL,0,2025-02-19 00:00:00,2025-02-21 05:00:00
SHP-47522,COVID-19 mRNA Vaccine,Bangalore,Delhi,DHL,0,2025-08-03 00:00:00,2025-08-05 15:00:00
SHP-51778,Insulin Glargine,Mumbai,Chennai,DHL,0,2025-10-26 00:00:00,2025-10-26 22:00:00
SHP-61311,Humira (Adalimumab),Delhi,Delhi,BlueDart,0,17/06/2025 00:00,2025-06-19 22:00:00
SHP-21352,Insulin Glargine,Mumbai,Delhi,Delhivery,0,2025-01-11 00:00:00,2025-01-11 14:00:00
SHP-29886,Amoxicillin,Delhi,Chennai,Shadowfax,0,21/09/2025 00:00,2025-09-21 14:00:00
SHP-45752,Insulin Glargine,Bangalore,Mumbai,Shadowfax,0,2025-06-20 00:00:00,2025-06-22 12:00:00
SHP-10539,Insulin Glargine,Chennai,Chennai,FedEx,0,07/10/2025 00:00,2025-10-09 07:00:00
SHP-54621,Amoxicillin,Chennai,Chennai,BlueDart,0,19/05/2025 00:00,2025-05-21 08:00:00
SHP-26140,Amoxicillin,Delhi,Delhi,Delhivery,0,2025-01-23 00:00:00,2025-01-24 21:00:00
SHP-43803,Amoxicillin,Chennai,Hyderabad,DHL,0,2025-06-27 00:00:00,2025-06-30 00:00:00
SHP-96881,Insulin Glargine,Bangalore,Delhi,BlueDart,0,03/08/2025 00:00,2025-08-03 22:00:00
SHP-61600,Insulin Glargine,Chennai,Bangalore,BlueDart,1,30/10/2025 00:00,2025-11-01 22:00:00
SHP-82646,Amoxicillin,Bangalore,Chennai ,Delhivery,0,2025-05-11 00:00:00,2025-05-12 16:00:00
SHP-90836,Humira (Adalimumab),Mumbai,Chennai,FedEx,0,2025-05-17 00:00:00,2025-05-19 18:00:00
SHP-18139,Humira (Adalimumab),Bangalore,Mumbai,FedEx,0,2025-11-16 00:00:00,2025-11-18 14:00:00
SHP-53457,COVID-19 mRNA Vaccine,Hyderabad,Delhi,,0,2025-04-04 00:00:00,2025-04-04 23:00:00
SHP-55905,Amoxicillin,Hyderabad,Mumbai,DHL,0,2025-01-13 00:00:00,2025-01-15 04:00:00
SHP-97691,COVID-19 mRNA Vaccine,Hyderabad,Chennai,DHL,0,2025-12-05 00:00:00,2025-12-06 14:00:00
SHP-52919,Humira (Adalimumab),Delhi,Delhi,Delhivery,1,2025-05-12 00:00:00,2025-05-13 01:00:00
SHP-22433,COVID-19 mRNA Vaccine,Delhi,Delhi,FedEx,0,2025-05-03 00:00:00,2025-05-05 18:00:00
SHP-95507,Amoxicillin,Delhi,bangalore,Delhivery,0,08/08/2025 00:00,2025-08-08 20:00:00
SHP-69492,Amoxicillin,Bangalore,Bangalore ,FedEx,0,2025-03-19 00:00:00,2025-03-20 22:00:00
SHP-22425,Amoxicillin,Delhi,Hyderabad,BlueDart,0,2025-06-11 00:00:00,2025-06-12 18:00:00
SHP-84689,Insulin Glargine,Mumbai,Bangalore,Shadowfax,0,2025-07-02 00:00:00,2025-07-02 18:00:00
SHP-96408,COVID-19 mRNA Vaccine,Hyderabad,Delhi,Shadowfax,0,2025-04-13 00:00:00,2025-04-15 03:00:00
SHP-44236,Humira (Adalimumab),Bangalore,Bangalore,FedEx,0,2025-09-28 00:00:00,2025-09-29 10:00:00
SHP-62116,Humira (Adalimumab),Hyderabad,Hyderabad,Delhivery,0,2026-01-01 00:00:00,2026-01-02 09:00:00
SHP-31656,Humira (Adalimumab),Delhi,Chennai ,DHL,0,2025-03-06 00:00:00,2025-03-07 08:00:00
SHP-26152,Insulin Glargine,Bangalore,Bangalore ,FedEx,0,02/04/2025 00:00,2025-04-03 22:00:00
SHP-62942,Insulin Glargine,Chennai,Delhi ,FedEx,0,20/02/2025 00:00,2025-02-22 01:00:00
SHP-50782,Amoxicillin,Mumbai,Chennai,DHL,0,2025-09-11 00:00:00,2025-09-13 07:00:00
SHP-87818,Humira (Adalimumab),Delhi,Delhi,FedEx,0,2025-12-31 00:00:00,2026-01-02 07:00:00
SHP-42486,Insulin Glargine,Delhi,Chennai ,BlueDart,0,2025-04-27 00:00:00,2025-04-29 23:00:00
SHP-53702,Amoxicillin,Mumbai,Delhi ,DHL,0,01/05/2025 00:00,2025-05-03 11:00:00
SHP-69462,Humira (Adalimumab),Mumbai,Bangalore,BlueDart,0,2025-11-05 00:00:00,2025-11-06 03:00:00
SHP-73357,COVID-19 mRNA Vaccine,Chennai,Bangalore,Shadowfax,0,16/03/2025 00:00,2025-03-16 21:00:00
SHP-33370,Amoxicillin,Delhi,Hyderabad,DHL,0,2025-05-02 00:00:00,2025-05-03 01:00:00
SHP-10857,Insulin Glargine,Delhi,Chennai ,DHL,0,2025-11-27 00:00:00,2025-11-28 09:00:00
SHP-50129,Insulin Glargine,Hyderabad,hyderabad,Delhivery,0,2025-10-08 00:00:00,2025-10-08 15:00:00
SHP-13601,Amoxicillin,Bangalore,Mumbai,Delhivery,0,2025-05-22 00:00:00,2025-05-22 17:00:00
SHP-62890,Amoxicillin,Bangalore,Bangalore,DHL,0,2025-06-06 00:00:00,2025-06-08 15:00:00
SHP-75919,Insulin Glargine,Hyderabad,Chennai,Shadowfax,0,2025-01-09 00:00:00,2025-01-12 00:00:00
SHP-62568,COVID-19 mRNA Vaccine,Bangalore,Hyderabad,FedEx,0,2025-01-14 00:00:00,2025-01-15 03:00:00
SHP-61885,Humira (Adalimumab),Mumbai,hyderabad,Delhivery,0,2025-09-13 00:00:00,2025-09-14 00:00:00
SHP-67794,COVID-19 mRNA Vaccine,Bangalore,Mumbai ,Shadowfax,1,2025-08-09 00:00:00,2025-08-09 15:00:00
SHP-67376,Amoxicillin,Bangalore,Hyderabad,Shadowfax,0,2025-06-23 00:00:00,2025-06-25 04:00:00
SHP-81618,COVID-19 mRNA Vaccine,Hyderabad,Delhi ,Delhivery,0,2025-05-31 00:00:00,2025-06-01 07:00:00
SHP-62504,Insulin Glargine,Chennai,Bangalore,FedEx,0,2025-12-22 00:00:00,2025-12-24 06:00:00
SHP-29611,Amoxicillin,Bangalore,Hyderabad,Delhivery,0,04/11/2025 00:00,2025-11-06 01:00:00
SHP-17795,Humira (Adalimumab),Bangalore,Hyderabad,Shadowfax,0,2025-05-24 00:00:00,2025-05-25 01:00:00
SHP-60379,Insulin Glargine,Chennai,Mumbai,BlueDart,0,2025-04-09 00:00:00,2025-04-10 02:00:00
SHP-30023,Insulin Glargine,Hyderabad,Delhi,Delhivery,0,03/05/2025 00:00,2025-05-05 23:00:00
SHP-13640,Humira (Adalimumab),Chennai,Hyderabad,Shadowfax,0,2025-02-24 00:00:00,2025-02-26 12:00:00
SHP-25961,Humira (Adalimumab),Hyderabad,Bangalore,Delhivery,0,2025-07-25 00:00:00,2025-07-27 19:00:00
SHP-55749,COVID-19 mRNA Vaccine,Mumbai,Bangalore,Shadowfax,0,2025-08-06 00:00:00,2025-08-07 05:00:00
SHP-40725,Amoxicillin,Hyderabad,Hyderabad,FedEx,0,2025-06-10 00:00:00,2025-06-11 03:00:00
SHP-63219,Humira (Adalimumab),Mumbai,Delhi,Shadowfax,0,2025-02-16 00:00:00,2025-02-18 12:00:00
SHP-31705,Humira (Adalimumab),Mumbai,Bangalore,DHL,0,2025-08-21 00:00:00,2025-08-21 17:00:00
SHP-63050,Amoxicillin,Hyderabad,Bangalore,BlueDart,0,25/12/2025 00:00,2025-12-26 03:00:00
SHP-94814,Humira (Adalimumab),Delhi,Delhi,Shadowfax,0,09/01/2025 00:00,2025-01-11 16:00:00
SHP-64369,Humira (Adalimumab),Hyderabad,delhi,Delhivery,0,2025-06-01 00:00:00,2025-06-02 20:00:00
SHP-94336,COVID-19 mRNA Vaccine,Bangalore,Hyderabad ,Delhivery,0,2025-03-14 00:00:00,2025-03-15 13:00:00
SHP-64182,Insulin Glargine,Bangalore,Chennai,Shadowfax,0,2025-12-28 00:00:00,2025-12-29 17:00:00
SHP-60123,Insulin Glargine,Delhi,Mumbai,DHL,0,29/07/2025 00:00,2025-07-31 00:00:00
SHP-12629,Insulin Glargine,Mumbai,chennai,Shadowfax,0,2025-10-07 00:00:00,2025-10-09 01:00:00
SHP-24129,Insulin Glargine,Delhi,Chennai,FedEx,0,2025-09-01 00:00:00,2025-09-02 18:00:00
SHP-51920,Humira (Adalimumab),Bangalore,Bangalore ,DHL,0,23/05/2025 00:00,2025-05-25 06:00:00
SHP-97839,Amoxicillin,Delhi,Delhi,Shadowfax,1,20/06/2025 00:00,2025-06-20 12:00:00
SHP-20567,Amoxicillin,Hyderabad,Bangalore,BlueDart,0,20/04/2025 00:00,2025-04-22 17:00:00
SHP-36899,COVID-19 mRNA Vaccine,Delhi,Mumbai,DHL,0,2025-03-22 00:00:00,2025-03-22 18:00:00
SHP-61767,COVID-19 mRNA Vaccine,Mumbai,Hyderabad,Shadowfax,0,06/11/2025 00:00,2025-11-06 22:00:00
SHP-40159,Humira (Adalimumab),Hyderabad,Mumbai ,BlueDart,0,2025-06-14 00:00:00,2025-06-15 18:00:00
SHP-29821,Amoxicillin,Chennai,Bangalore,Shadowfax,0,2025-07-22 00:00:00,2025-07-23 23:00:00
SHP-73740,Amoxicillin,Bangalore,Bangalore,FedEx,0,2025-01-09 00:00:00,2025-01-11 05:00:00
SHP-87412,Insulin Glargine,Bangalore,Bangalore,Delhivery,0,2025-09-06 00:00:00,2025-09-08 00:00:00
SHP-76705,Humira (Adalimumab),Delhi,Bangalore,Shadowfax,0,2025-08-11 00:00:00,2025-08-11 22:00:00
SHP-85759,Humira (Adalimumab),Hyderabad,Chennai,DHL,0,2025-11-09 00:00:00,2025-11-10 17:00:00
SHP-63295,Insulin Glargine,Chennai,Hyderabad ,Shadowfax,0,2025-09-17 00:00:00,2025-09-19 16:00:00
SHP-22799,Humira (Adalimumab),Hyderabad,Chennai,Shadowfax,0,2025-02-07 00:00:00,2025-02-08 08:00:00
SHP-44102,Humira (Adalimumab),Bangalore,Bangalore,Shadowfax,0,09/10/2025 00:00,2025-10-11 21:00:00
SHP-38989,COVID-19 mRNA Vaccine,Hyderabad,Delhi ,Shadowfax,0,2025-10-23 00:00:00,2025-10-26 00:00:00
SHP-31701,Amoxicillin,Chennai,Chennai,DHL,0,2025-07-30 00:00:00,2025-08-01 18:00:00
SHP-26602,Humira (Adalimumab),Delhi,Bangalore,DHL,0,20/09/2025 00:00,2025-09-21 08:00:00
SHP-34156,COVID-19 mRNA Vaccine,Mumbai,bangalore,Shadowfax,0,2025-01-03 00:00:00,2025-01-04 09:00:00
SHP-77918,Amoxicillin,Hyderabad,Hyderabad,Delhivery,0,2025-09-28 00:00:00,2025-09-28 19:00:00
SHP-65435,Insulin Glargine,Mumbai,Mumbai ,Shadowfax,0,2025-11-10 00:00:00,2025-11-12 18:00:00
SHP-71055,COVID-19 mRNA Vaccine,Bangalore,Chennai ,DHL,0,2025-12-19 00:00:00,2025-12-19 16:00:00
SHP-18860,COVID-19 mRNA Vaccine,Delhi,Chennai,FedEx,0,30/05/2025 00:00,2025-05-31 05:00:00
SHP-80107,Amoxicillin,Delhi,Chennai,Shadowfax,0,25/10/2025 00:00,2025-10-26 04:00:00
SHP-57705,Insulin Glargine,Hyderabad,Bangalore,Shadowfax,0,22/11/2025 00:00,2025-11-23 13:00:00
SHP-74928,COVID-19 mRNA Vaccine,Delhi,hyderabad,Shadowfax,0,2025-12-08 00:00:00,2025-12-10 16:00:00
SHP-23750,Humira (Adalimumab),Hyderabad,Bangalore,Shadowfax,0,2025-07-04 00:00:00,2025-07-05 03:00:00
SHP-38232,Humira (Adalimumab),Hyderabad,Bangalore,BlueDart,0,2025-11-23 00:00:00,2025-11-25 16:00:00
SHP-57190,Humira (Adalimumab),Mumbai,Delhi,Shadowfax,0,27/08/2025 00:00,2025-08-28 21:00:00
SHP-59529,Insulin Glargine,Delhi,Hyderabad,DHL,0,2025-01-17 00:00:00,2025-01-18 05:00:00
SHP-26281,COVID-19 mRNA Vaccine,Hyderabad,Chennai,DHL,0,2025-10-30 00:00:00,2025-11-01 23:00:00
SHP-58592,Humira (Adalimumab),Mumbai,Mumbai ,BlueDart,1,10/12/2025 00:00,2025-12-11 22:00:00
SHP-29045,Insulin Glargine,Chennai,Chennai ,Shadowfax,0,2025-06-08 00:00:00,2025-06-08 12:00:00
SHP-48378,Humira (Adalimumab),Mumbai,Bangalore,Delhivery,0,2025-10-25 00:00:00,2025-10-27 04:00:00
SHP-57113,Amoxicillin,Mumbai,Hyderabad,Shadowfax,0,2025-08-31 00:00:00,2025-09-02 18:00:00
SHP-25476,COVID-19 mRNA Vaccine,Hyderabad,Hyderabad,DHL,0,2025-06-27 00:00:00,2025-06-27 20:00:00
SHP-87373,COVID-19 mRNA Vaccine,Bangalore,hyderabad,FedEx,0,29/06/2025 00:00,2025-07-01 06:00:00
SHP-16059,Insulin Glargine,Bangalore,Delhi ,FedEx,0,2025-08-19 00:00:00,2025-08-21 13:00:00
SHP-22844,Insulin Glargine,Bangalore,Chennai,Delhivery,0,09/09/2025 00:00,2025-09-10 15:00:00
SHP-27808,COVID-19 mRNA Vaccine,Mumbai,Delhi,Shadowfax,0,2025-02-18 00:00:00,2025-02-20 04:00:00
SHP-14264,Humira (Adalimumab),Hyderabad,Mumbai,BlueDart,0,2025-02-11 00:00:00,2025-02-11 20:00:00
SHP-29160,Humira (Adalimumab),Delhi,Bangalore ,Shadowfax,0,2025-04-28 00:00:00,2025-04-30 15:00:00
SHP-46148,Amoxicillin,Mumbai,Delhi,Delhivery,0,2025-10-19 00:00:00,2025-10-21 17:00:00
SHP-76048,Humira (Adalimumab),Mumbai,Delhi ,Delhivery,0,2025-06-05 00:00:00,2025-06-07 15:00:00
SHP-68179,Insulin Glargine,Hyderabad,Bangalore,Delhivery,0,2025-05-21 00:00:00,2025-05-21 22:00:00
SHP-75850,Insulin Glargine,Chennai,Hyderabad,FedEx,0,2025-06-18 00:00:00,2025-06-19 01:00:00
SHP-63576,Humira (Adalimumab),Mumbai,Bangalore,Shadowfax,0,2025-09-06 00:00:00,2025-09-08 00:00:00
SHP-76455,Insulin Glargine,Chennai,Chennai ,Shadowfax,0,2025-01-18 00:00:00,2025-01-18 21:00:00
SHP-17223,COVID-19 mRNA Vaccine,Chennai,Bangalore,BlueDart,0,04/05/2025 00:00,2025-05-06 13:00:00
SHP-46718,COVID-19 mRNA Vaccine,Bangalore,Hyderabad,Delhivery,0,2025-08-04 00:00:00,2025-08-06 01:00:00
SHP-64300,Humira (Adalimumab),Hyderabad,Bangalore,Delhivery,0,2025-12-19 00:00:00,2025-12-20 18:00:00
SHP-98325,COVID-19 mRNA Vaccine,Chennai,Delhi,DHL,0,16/09/2025 00:00,2025-09-16 17:00:00
SHP-14186,COVID-19 mRNA Vaccine,Hyderabad,Mumbai ,DHL,0,2025-09-08 00:00:00,2025-09-09 21:00:00
SHP-44180,Amoxicillin,Bangalore,Delhi,FedEx,1,2025-10-24 00:00:00,2025-10-24 23:00:00
SHP-76197,Amoxicillin,Hyderabad,Mumbai,Shadowfax,0,2025-11-15 00:00:00,2025-11-15 23:00:00
SHP-67712,COVID-19 mRNA Vaccine,Mumbai,Bangalore,BlueDart,0,2025-02-18 00:00:00,2025-02-20 19:00:00
SHP-32184,Humira (Adalimumab),Chennai,chennai ,BlueDart,1,2025-02-07 00:00:00,2025-02-08 01:00:00
SHP-69741,Amoxicillin,Hyderabad,Bangalore,Delhivery,0,2025-06-09 00:00:00,2025-06-11 04:00:00
SHP-43924,Insulin Glargine,Delhi,hyderabad,,0,2025-09-10 00:00:00,2025-09-10 21:00:00
SHP-59112,Insulin Glargine,Hyderabad,Bangalore,Delhivery,0,12/08/2025 00:00,2025-08-13 20:00:00
SHP-99935,Insulin Glargine,Chennai,Mumbai,,0,2025-10-07 00:00:00,2025-10-09 04:00:00
SHP-36236,Humira (Adalimumab),Bangalore,delhi,BlueDart,0,2025-01-19 00:00:00,2025-01-20 03:00:00
SHP-95564,COVID-19 mRNA Vaccine,Bangalore,chennai,Delhivery,0,2025-04-11 00:00:00,2025-04-13 19:00:00
SHP-17130,Insulin Glargine,Chennai,Bangalore,Shadowfax,0,2025-04-01 00:00:00,2025-04-02 01:00:00
SHP-81166,Humira (Adalimumab),Mumbai,Bangalore,Shadowfax,0,24/06/2025 00:00,2025-06-25 14:00:00
SHP-39694,Amoxicillin,Mumbai,delhi,Delhivery,0,13/06/2025 00:00,2025-06-13 19:00:00
SHP-99770,COVID-19 mRNA Vaccine,Bangalore,Chennai,Delhivery,0,2025-03-19 00:00:00,2025-03-20 18:00:00
SHP-75630,Amoxicillin,Bangalore,Bangalore,FedEx,0,03/03/2025 00:00,2025-03-03 16:00:00
SHP-92436,Humira (Adalimumab),Chennai,Bangalore,Shadowfax,0,02/08/2025 00:00,2025-08-04 13:00:00
SHP-88892,Insulin Glargine,Mumbai,Mumbai ,Delhivery,0,2025-01-16 00:00:00,2025-01-17 05:00:00
SHP-17781,Insulin Glargine,Bangalore,Mumbai,Shadowfax,0,2025-05-21 00:00:00,2025-05-22 16:00:00
SHP-24365,Humira (Adalimumab),Mumbai,Hyderabad ,BlueDart,0,2025-09-23 00:00:00,2025-09-24 08:00:00
SHP-67711,Insulin Glargine,Bangalore,Delhi,DHL,0,12/03/2025 00:00,2025-03-14 10:00:00
SHP-15911,COVID-19 mRNA Vaccine,Hyderabad,Chennai,DHL,0,18/10/2025 00:00,2025-10-20 23:00:00
SHP-78315,Humira (Adalimumab),Delhi,bangalore,Delhivery,0,2025-03-23 00:00:00,2025-03-23 18:00:00
SHP-93702,Amoxicillin,Hyderabad,Bangalore,Delhivery,0,2025-10-12 00:00:00,2025-10-14 07:00:00
SHP-52375,Humira (Adalimumab),Bangalore,Hyderabad,Shadowfax,0,2025-09-03 00:00:00,2025-09-04 19:00:00
SHP-44514,COVID-19 mRNA Vaccine,Delhi,Bangalore,Delhivery,0,2025-02-13 00:00:00,2025-02-14 22:00:00
SHP-32464,COVID-19 mRNA Vaccine,Delhi,Delhi ,Shadowfax,0,2025-02-10 00:00:00,2025-02-11 19:00:00
SHP-35366,Humira (Adalimumab),Bangalore,Hyderabad,Delhivery,0,20/06/2025 00:00,2025-06-22 21:00:00
SHP-94153,Humira (Adalimumab),Bangalore,Delhi,Shadowfax,0,2025-12-01 00:00:00,2025-12-01 18:00:00
SHP-25556,Insulin Glargine,Mumbai,Hyderabad ,Delhivery,0,2025-01-24 00:00:00,2025-01-25 16:00:00
SHP-28252,COVID-19 mRNA Vaccine,Bangalore,Bangalore,FedEx,0,2025-02-11 00:00:00,2025-02-11 15:00:00
SHP-65800,Humira (Adalimumab),Chennai,Hyderabad,Shadowfax,0,2025-05-04 00:00:00,2025-05-05 15:00:00
SHP-21988,Humira (Adalimumab),Bangalore,Mumbai,FedEx,0,2025-03-08 00:00:00,2025-03-10 00:00:00
SHP-95020,COVID-19 mRNA Vaccine,Chennai,Chennai,FedEx,0,2025-01-24 00:00:00,2025-01-25 17:00:00
SHP-16774,Humira (Adalimumab),Bangalore,Bangalore ,FedEx,0,2025-05-11 00:00:00,2025-05-11 13:00:00
SHP-90967,Insulin Glargine,Mumbai,chennai,FedEx,0,29/08/2025 00:00,2025-08-31 06:00:00
SHP-84192,COVID-19 mRNA Vaccine,Chennai,Bangalore ,BlueDart,0,2025-09-25 00:00:00,2025-09-27 17:00:00
SHP-92997,Insulin Glargine,Hyderabad,Chennai,DHL,0,07/03/2025 00:00,2025-03-09 10:00:00
SHP-31550,Insulin Glargine,Chennai,Mumbai,BlueDart,0,2025-10-16 00:00:00,2025-10-16 23:00:00
SHP-94109,Insulin Glargine,Mumbai,chennai,Delhivery,0,2025-05-29 00:00:00,2025-05-30 03:00:00
SHP-37259,Insulin Glargine,Chennai,Hyderabad,Delhivery,0,2025-06-07 00:00:00,2025-06-08 11:00:00
SHP-43898,COVID-19 mRNA Vaccine,Bangalore,Chennai,DHL,0,08/07/2025 00:00,2025-07-09 11:00:00
SHP-81915,Insulin Glargine,Bangalore,Bangalore,DHL,0,2025-07-11 00:00:00,2025-07-11 15:00:00
SHP-88492,Insulin Glargine,Mumbai,Delhi,,0,2025-12-16 00:00:00,2025-12-16 13:00:00
SHP-72211,Humira (Adalimumab),Delhi,Chennai ,FedEx,0,2025-12-11 00:00:00,2025-12-11 14:00:00
SHP-64067,COVID-19 mRNA Vaccine,Bangalore,Chennai,BlueDart,0,2025-03-03 00:00:00,2025-03-04 04:00:00
SHP-94193,COVID-19 mRNA Vaccine,Hyderabad,Chennai,Delhivery,1,2025-11-26 00:00:00,2025-11-26 13:00:00
SHP-13469,Amoxicillin,Mumbai,Bangalore,BlueDart,1,2025-05-04 00:00:00,2025-05-06 13:00:00
SHP-76673,COVID-19 mRNA Vaccine,Chennai,Chennai,BlueDart,0,2025-05-24 00:00:00,2025-05-25 13:00:00
SHP-25927,COVID-19 mRNA Vaccine,Chennai,bangalore ,BlueDart,0,2025-08-25 00:00:00,2025-08-25 18:00:00
SHP-33609,Amoxicillin,Hyderabad,Bangalore,DHL,0,25/07/2025 00:00,2025-07-25 12:00:00
SHP-96133,COVID-19 mRNA Vaccine,Bangalore,Delhi ,DHL,0,2025-06-25 00:00:00,2025-06-25 20:00:00
SHP-42634,COVID-19 mRNA Vaccine,Mumbai,Hyderabad,Delhivery,0,07/03/2025 00:00,2025-03-08 21:00:00
SHP-65061,COVID-19 mRNA Vaccine,Hyderabad,Bangalore,Delhivery,1,2025-01-26 00:00:00,2025-01-27 17:00:00
SHP-41082,COVID-19 mRNA Vaccine,Bangalore,Mumbai,Delhivery,0,2025-09-15 00:00:00,2025-09-15 12:00:00
SHP-16900,Amoxicillin,Mumbai,Chennai,BlueDart,0,02/05/2025 00:00,2025-05-04 17:00:00
SHP-11708,COVID-19 mRNA Vaccine,Chennai,mumbai,DHL,0,02/09/2025 00:00,2025-09-05 00:00:00
SHP-61302,COVID-19 mRNA Vaccine,Mumbai,Chennai,FedEx,0,2025-05-30 00:00:00,2025-06-01 03:00:00
SHP-49499,Amoxicillin,Delhi,Delhi ,BlueDart,0,09/11/2025 00:00,2025-11-10 02:00:00
SHP-10819,Humira (Adalimumab),Mumbai,Bangalore,Shadowfax,0,01/06/2025 00:00,2025-06-03 16:00:00
SHP-57316,Insulin Glargine,Delhi,Hyderabad,BlueDart,0,2025-04-02 00:00:00,2025-04-03 14:00:00
SHP-42989,Humira (Adalimumab),Mumbai,Bangalore,DHL,0,2025-06-23 00:00:00,2025-06-25 08:00:00
SHP-25589,Amoxicillin,Delhi,Chennai ,Shadowfax,0,2025-01-15 00:00:00,2025-01-17 08:00:00
SHP-89933,Insulin Glargine,Chennai,Hyderabad,BlueDart,0,2025-06-12 00:00:00,2025-06-14 14:00:00
SHP-65599,Amoxicillin,Bangalore,Bangalore,DHL,1,2025-08-27 00:00:00,2025-08-27 23:00:00
SHP-47021,Amoxicillin,Delhi,Hyderabad ,DHL,0,2025-08-13 00:00:00,2025-08-15 12:00:00
SHP-66915,COVID-19 mRNA Vaccine,Delhi,chennai,FedEx,0,2025-03-02 00:00:00,2025-03-04 08:00:00
SHP-63122,Insulin Glargine,Chennai,Delhi ,BlueDart,0,2025-12-17 00:00:00,2025-12-17 22:00:00
SHP-51786,COVID-19 mRNA Vaccine,Delhi,Delhi,DHL,0,2025-06-08 00:00:00,2025-06-09 15:00:00
SHP-20858,Insulin Glargine,Hyderabad,Bangalore ,Delhivery,0,2025-05-13 00:00:00,2025-05-14 03:00:00
SHP-62317,Amoxicillin,Chennai,mumbai,DHL,0,2025-11-07 00:00:00,2025-11-08 18:00:00
SHP-70636,Amoxicillin,Hyderabad,Chennai,FedEx,0,2025-04-26 00:00:00,2025-04-26 13:00:00
SHP-54997,Humira (Adalimumab),Chennai,Bangalore,,0,2025-08-13 00:00:00,2025-08-15 14:00:00
SHP-81092,Insulin Glargine,Delhi,Bangalore,BlueDart,0,2025-01-15 00:00:00,2025-01-15 13:00:00
SHP-53470,COVID-19 mRNA Vaccine,Hyderabad,Delhi,BlueDart,0,2025-08-19 00:00:00,2025-08-21 11:00:00
SHP-26412,Humira (Adalimumab),Delhi,Hyderabad,Shadowfax,0,2025-08-02 00:00:00,2025-08-04 16:00:00
SHP-68216,Humira (Adalimumab),Chennai,Chennai,BlueDart,0,2025-11-29 00:00:00,2025-12-01 20:00:00
SHP-19996,Humira (Adalimumab),Delhi,hyderabad ,Shadowfax,1,31/08/2025 00:00,2025-09-02 00:00:00
SHP-55719,COVID-19 mRNA Vaccine,Hyderabad,Chennai ,Delhivery,0,2025-04-29 00:00:00,2025-04-30 07:00:00
SHP-98126,Humira (Adalimumab),Hyderabad,Mumbai,FedEx,1,2025-11-13 00:00:00,2025-11-16 00:00:00
SHP-93839,COVID-19 mRNA Vaccine,Delhi,delhi,Delhivery,0,2025-09-18 00:00:00,2025-09-20 20:00:00
SHP-36908,Humira (Adalimumab),Mumbai,Mumbai ,Shadowfax,0,2025-02-20 00:00:00,2025-02-22 04:00:00
SHP-59918,COVID-19 mRNA Vaccine,Chennai,Bangalore,DHL,0,2025-07-26 00:00:00,2025-07-27 16:00:00
SHP-43958,Amoxicillin,Chennai,Delhi,DHL,0,2025-06-24 00:00:00,2025-06-25 17:00:00
SHP-12026,Amoxicillin,Delhi,Bangalore,Delhivery,0,12/06/2025 00:00,2025-06-13 03:00:00
SHP-41240,Amoxicillin,Mumbai,Mumbai ,DHL,0,06/07/2025 00:00,2025-07-08 12:00:00
SHP-33073,Amoxicillin,Hyderabad,Chennai ,Shadowfax,0,2025-11-26 00:00:00,2025-11-27 11:00:00
SHP-43973,Amoxicillin,Bangalore,Bangalore,FedEx,0,05/09/2025 00:00,2025-09-08 00:00:00
SHP-21362,Humira (Adalimumab),Bangalore,Hyderabad,BlueDart,0,2025-07-02 00:00:00,2025-07-03 23:00:00
SHP-88280,Humira (Adalimumab),Delhi,Chennai,Shadowfax,0,22/07/2025 00:00,2025-07-24 15:00:00
SHP-48142,Humira (Adalimumab),Mumbai,Chennai,Shadowfax,0,11/02/2025 00:00,2025-02-11 12:00:00
SHP-60547,COVID-19 mRNA Vaccine,Mumbai,Mumbai,BlueDart,0,2025-05-26 00:00:00,2025-05-27 09:00:00
SHP-47133,COVID-19 mRNA Vaccine,Chennai,Mumbai,BlueDart,1,2025-11-27 00:00:00,2025-11-29 20:00:00
SHP-23369,COVID-19 mRNA Vaccine,Hyderabad,Delhi,FedEx,0,2025-08-13 00:00:00,2025-08-14 06:00:00
SHP-34515,COVID-19 mRNA Vaccine,Mumbai,Delhi ,FedEx,0,2025-08-12 00:00:00,2025-08-14 18:00:00
SHP-68171,Amoxicillin,Bangalore,Hyderabad,FedEx,0,2025-01-27 00:00:00,2025-01-27 23:00:00
SHP-14146,Amoxicillin,Hyderabad,Chennai,DHL,0,2025-10-19 00:00:00,2025-10-21 13:00:00
SHP-30437,Amoxicillin,Hyderabad,hyderabad,Shadowfax,0,21/02/2025 00:00,2025-02-23 00:00:00
SHP-69876,Insulin Glargine,Delhi,Hyderabad,BlueDart,0,2025-07-04 00:00:00,2025-07-06 16:00:00
SHP-48344,Humira (Adalimumab),Mumbai,Mumbai,Shadowfax,1,2025-02-14 00:00:00,2025-02-14 18:00:00
SHP-61734,COVID-19 mRNA Vaccine,Delhi,Hyderabad,Shadowfax,0,2025-08-31 00:00:00,2025-09-02 03:00:00
SHP-11363,COVID-19 mRNA Vaccine,Mumbai,Hyderabad,FedEx,0,2025-03-08 00:00:00,2025-03-08 19:00:00
SHP-51314,Amoxicillin,Chennai,Bangalore,FedEx,0,2025-06-23 00:00:00,2025-06-23 22:00:00
SHP-50550,COVID-19 mRNA Vaccine,Delhi,Delhi,Shadowfax,0,2025-04-13 00:00:00,2025-04-15 00:00:00
SHP-43754,COVID-19 mRNA Vaccine,Delhi,Delhi,FedEx,0,2025-03-22 00:00:00,2025-03-23 04:00:00
SHP-14864,Humira (Adalimumab),Bangalore,Chennai,DHL,0,2026-01-01 00:00:00,2026-01-03 06:00:00
SHP-15367,Amoxicillin,Delhi,Delhi,BlueDart,0,2025-08-27 00:00:00,2025-08-29 12:00:00
SHP-97056,Humira (Adalimumab),Mumbai,Chennai,Shadowfax,0,2025-07-26 00:00:00,2025-07-28 22:00:00
SHP-56374,Insulin Glargine,Bangalore,Bangalore,BlueDart,0,31/03/2025 00:00,2025-04-01 02:00:00
SHP-30529,Insulin Glargine,Delhi,Delhi,DHL,0,2025-11-03 00:00:00,2025-11-03 17:00:00
SHP-40418,Insulin Glargine,Delhi,Bangalore,FedEx,0,2025-08-23 00:00:00,2025-08-24 09:00:00
SHP-63285,Amoxicillin,Chennai,Delhi,Delhivery,0,2025-05-02 00:00:00,2025-05-04 08:00:00
SHP-51005,COVID-19 mRNA Vaccine,Delhi,Delhi,DHL,0,20/09/2025 00:00,2025-09-20 15:00:00
SHP-13217,Amoxicillin,Hyderabad,Bangalore ,Delhivery,0,25/06/2025 00:00,2025-06-27 10:00:00
SHP-66405,Amoxicillin,Bangalore,Hyderabad,BlueDart,0,2025-09-17 00:00:00,2025-09-19 02:00:00
SHP-47377,COVID-19 mRNA Vaccine,Hyderabad,Hyderabad,Shadowfax,0,2025-03-02 00:00:00,2025-03-03 16:00:00
SHP-40501,Humira (Adalimumab),Bangalore,Hyderabad,FedEx,0,2025-09-17 00:00:00,2025-09-19 03:00:00
SHP-61763,Insulin Glargine,Chennai,hyderabad,DHL,0,2026-01-01 00:00:00,2026-01-03 03:00:00
SHP-51664,Humira (Adalimumab),Delhi,Delhi ,FedEx,0,2025-07-29 00:00:00,2025-07-30 12:00:00
SHP-42094,Insulin Glargine,Delhi,Mumbai,Delhivery,0,2025-12-17 00:00:00,2025-12-18 07:00:00
SHP-34397,Amoxicillin,Delhi,Bangalore,Delhivery,0,2025-06-30 00:00:00,2025-07-02 22:00:00
SHP-89561,Insulin Glargine,Bangalore,Mumbai,Shadowfax,0,2025-03-28 00:00:00,2025-03-30 03:00:00
SHP-82526,Amoxicillin,Delhi,Mumbai,Delhivery,0,2025-05-31 00:00:00,2025-06-02 19:00:00
SHP-31500,Humira (Adalimumab),Hyderabad,Chennai,Shadowfax,0,2025-04-03 00:00:00,2025-04-05 18:00:00
SHP-80732,Amoxicillin,Delhi,Hyderabad,DHL,0,2025-12-27 00:00:00,2025-12-27 19:00:00
SHP-49826,Humira (Adalimumab),Chennai,Delhi,Shadowfax,0,2025-05-22 00:00:00,2025-05-23 21:00:00
SHP-17969,COVID-19 mRNA Vaccine,Hyderabad,Hyderabad,Delhivery,0,2025-08-16 00:00:00,2025-08-17 23:00:00
SHP-33141,COVID-19 mRNA Vaccine,Delhi,Hyderabad,BlueDart,0,2025-11-11 00:00:00,2025-11-13 19:00:00
SHP-33112,COVID-19 mRNA Vaccine,Delhi,mumbai,Shadowfax,0,2025-10-20 00:00:00,2025-10-22 09:00:00
SHP-73443,Amoxicillin,Mumbai,Chennai,FedEx,0,2025-08-22 00:00:00,2025-08-23 10:00:00
SHP-55981,COVID-19 mRNA Vaccine,Bangalore,Hyderabad,BlueDart,0,2025-05-24 00:00:00,2025-05-24 18:00:00
SHP-83023,Insulin Glargine,Hyderabad,Bangalore,Shadowfax,0,2025-07-03 00:00:00,2025-07-04 22:00:00
SHP-76741,Humira (Adalimumab),Mumbai,Bangalore ,FedEx,0,2025-04-12 00:00:00,2025-04-13 05:00:00
SHP-30048,Humira (Adalimumab),Chennai,Hyderabad,BlueDart,0,2025-10-22 00:00:00,2025-10-23 04:00:00
SHP-80341,Insulin Glargine,Bangalore,Mumbai,Shadowfax,0,2025-04-07 00:00:00,2025-04-07 15:00:00
SHP-69921,Amoxicillin,Hyderabad,Mumbai ,DHL,0,2025-06-25 00:00:00,2025-06-26 11:00:00
SHP-75948,Amoxicillin,Delhi,delhi,FedEx,1,2025-04-08 00:00:00,2025-04-08 17:00:00
SHP-85738,Humira (Adalimumab),Hyderabad,Chennai,DHL,0,2025-08-13 00:00:00,2025-08-15 19:00:00
SHP-72282,COVID-19 mRNA Vaccine,Delhi,Mumbai ,Delhivery,0,2025-05-23 00:00:00,2025-05-25 16:00:00
SHP-82374,Amoxicillin,Bangalore,Delhi,,0,05/09/2025 00:00,2025-09-06 17:00:00
SHP-25110,Amoxicillin,Delhi,Bangalore ,Shadowfax,0,2025-06-07 00:00:00,2025-06-09 03:00:00
SHP-83730,Insulin Glargine,Chennai,Bangalore,FedEx,0,2025-02-03 00:00:00,2025-02-06 00:00:00
SHP-28671,Insulin Glargine,Delhi,bangalore,Shadowfax,0,2025-12-03 00:00:00,2025-12-03 12:00:00
SHP-18381,COVID-19 mRNA Vaccine,Chennai,Hyderabad,Delhivery,0,2025-10-25 00:00:00,2025-10-27 15:00:00
SHP-54009,Amoxicillin,Bangalore,Chennai,Shadowfax,0,23/08/2025 00:00,2025-08-24 11:00:00
SHP-38424,Amoxicillin,Bangalore,Delhi,BlueDart,0,23/03/2025 00:00,2025-03-24 01:00:00
SHP-83271,Insulin Glargine,Hyderabad,Chennai ,DHL,0,2025-12-29 00:00:00,2025-12-30 07:00:00
SHP-28563,Amoxicillin,Chennai,Hyderabad ,,0,2025-11-30 00:00:00,2025-12-02 04:00:00
SHP-76071,Humira (Adalimumab),Chennai,Delhi,Delhivery,0,2025-12-07 00:00:00,2025-12-08 16:00:00
SHP-77901,Insulin Glargine,Mumbai,Delhi,DHL,0,2025-01-12 00:00:00,2025-01-13 00:00:00
SHP-93777,COVID-19 mRNA Vaccine,Mumbai,mumbai,DHL,0,2025-08-02 00:00:00,2025-08-04 03:00:00
SHP-97302,Insulin Glargine,Mumbai,Chennai,Delhivery,1,2025-08-29 00:00:00,2025-08-30 16:00:00
SHP-12788,Amoxicillin,Delhi,Chennai,,0,2025-04-06 00:00:00,2025-04-07 21:00:00
SHP-89118,COVID-19 mRNA Vaccine,Mumbai,mumbai,FedEx,0,11/10/2025 00:00,2025-10-12 21:00:00
SHP-16766,Insulin Glargine,Chennai,Bangalore ,DHL,0,2025-01-15 00:00:00,2025-01-17 19:00:00
SHP-40038,Humira (Adalimumab),Delhi,hyderabad,BlueDart,0,2025-05-21 00:00:00,2025-05-22 13:00:00
SHP-36451,Humira (Adalimumab),Bangalore,Chennai ,BlueDart,0,2025-02-05 00:00:00,2025-02-06 04:00:00
SHP-15401,Insulin Glargine,Hyderabad,Mumbai,FedEx,0,2025-12-01 00:00:00,2025-12-03 07:00:00
SHP-88850,Humira (Adalimumab),Mumbai,Delhi,DHL,0,2025-03-10 00:00:00,2025-03-10 13:00:00
SHP-55091,Humira (Adalimumab),Bangalore,Mumbai ,BlueDart,0,2025-11-08 00:00:00,2025-11-10 11:00:00
SHP-12885,Humira (Adalimumab),Chennai,Bangalore,Shadowfax,0,2025-04-07 00:00:00,2025-04-09 19:00:00
SHP-25958,COVID-19 mRNA Vaccine,Hyderabad,Hyderabad,DHL,1,04/10/2025 00:00,2025-10-06 01:00:00
SHP-17892,Humira (Adalimumab),Bangalore,bangalore,FedEx,0,19/11/2025 00:00,2025-11-20 04:00:00
SHP-59257,Humira (Adalimumab),Hyderabad,Delhi,DHL,0,2025-06-15 00:00:00,2025-06-15 12:00:00
SHP-68605,Humira (Adalimumab),Mumbai,Delhi ,Delhivery,0,2025-02-15 00:00:00,2025-02-17 13:00:00
SHP-63253,COVID-19 mRNA Vaccine,Chennai,Delhi,Delhivery,0,2025-07-23 00:00:00,2025-07-24 23:00:00
SHP-52134,Insulin Glargine,Hyderabad,Delhi ,BlueDart,0,2025-05-09 00:00:00,2025-05-11 20:00:00
SHP-43491,Amoxicillin,Bangalore,Mumbai,Delhivery,0,03/10/2025 00:00,2025-10-05 21:00:00
SHP-30649,Humira (Adalimumab),Mumbai,Delhi,FedEx,0,2025-01-01 00:00:00,2025-01-02 14:00:00
SHP-17574,Insulin Glargine,Mumbai,Delhi,BlueDart,1,08/10/2025 00:00,2025-10-11 00:00:00
SHP-42315,Humira (Adalimumab),Bangalore,Mumbai,FedEx,0,2025-06-13 00:00:00,2025-06-14 17:00:00
SHP-77249,COVID-19 mRNA Vaccine,Bangalore,Delhi ,FedEx,0,2025-05-17 00:00:00,2025-05-17 13:00:00
SHP-65261,Insulin Glargine,Hyderabad,Bangalore,Delhivery,0,2025-06-30 00:00:00,2025-07-01 09:00:00
SHP-32611,COVID-19 mRNA Vaccine,Delhi,Bangalore,Delhivery,0,2025-12-06 00:00:00,2025-12-07 09:00:00
SHP-41807,Humira (Adalimumab),Mumbai,Chennai,FedEx,0,01/05/2025 00:00,2025-05-01 18:00:00
SHP-39358,Humira (Adalimumab),Hyderabad,Bangalore,,0,2025-05-10 00:00:00,2025-05-10 12:00:00
SHP-82940,COVID-19 mRNA Vaccine,Bangalore,Hyderabad,Delhivery,0,15/03/2025 00:00,2025-03-16 09:00:00
SHP-27040,Amoxicillin,Hyderabad,Hyderabad,Delhivery,0,17/06/2025 00:00,2025-06-18 23:00:00
SHP-23169,COVID-19 mRNA Vaccine,Bangalore,Hyderabad,DHL,0,2025-12-18 00:00:00,2025-12-20 17:00:00
SHP-98797,Humira (Adalimumab),Chennai,Mumbai,FedEx,0,2025-05-30 00:00:00,2025-05-31 01:00:00
SHP-37660,COVID-19 mRNA Vaccine,Bangalore,Bangalore,Shadowfax,0,2025-06-14 00:00:00,2025-06-16 00:00:00
SHP-81742,Amoxicillin,Bangalore,Hyderabad,FedEx,0,11/09/2025 00:00,2025-09-12 21:00:00
SHP-93421,COVID-19 mRNA Vaccine,Bangalore,Chennai,BlueDart,0,2025-04-24 00:00:00,2025-04-26 06:00:00
SHP-85196,Amoxicillin,Delhi,Mumbai,Delhivery,0,2025-01-17 00:00:00,2025-01-19 17:00:00
SHP-21588,Amoxicillin,Bangalore,Chennai,Delhivery,0,2025-02-19 00:00:00,2025-02-19 13:00:00
SHP-19544,COVID-19 mRNA Vaccine,Mumbai,Bangalore ,Shadowfax,0,21/04/2025 00:00,2025-04-23 03:00:00
SHP-30932,COVID-19 mRNA Vaccine,Mumbai,Delhi,BlueDart,0,07/08/2025 00:00,2025-08-07 13:00:00
SHP-15045,Insulin Glargine,Hyderabad,Chennai ,DHL,0,2025-02-08 00:00:00,2025-02-10 01:00:00
SHP-96674,Humira (Adalimumab),Delhi,delhi,FedEx,0,2025-10-01 00:00:00,2025-10-02 03:00:00
SHP-98869,Amoxicillin,Hyderabad,Mumbai,DHL,0,2025-07-11 00:00:00,2025-07-13 12:00:00
SHP-22474,Insulin Glargine,Mumbai,Chennai ,BlueDart,0,2025-11-18 00:00:00,2025-11-20 04:00:00
SHP-84321,COVID-19 mRNA Vaccine,Mumbai,Chennai,Shadowfax,0,16/10/2025 00:00,2025-10-17 19:00:00
SHP-62501,Humira (Adalimumab),Chennai,Mumbai,BlueDart,0,2025-12-23 00:00:00,2025-12-24 21:00:00
SHP-75418,Insulin Glargine,Bangalore,Mumbai,Shadowfax,0,03/09/2025 00:00,2025-09-05 04:00:00
SHP-62402,Amoxicillin,Mumbai,Hyderabad,DHL,0,2025-04-12 00:00:00,2025-04-13 15:00:00
SHP-80536,Insulin Glargine,Hyderabad,Bangalore,DHL,0,2025-01-30 00:00:00,2025-01-31 16:00:00
SHP-29814,Amoxicillin,Hyderabad,Chennai,BlueDart,0,2025-12-01 00:00:00,2025-12-03 14:00:00
SHP-10331,COVID-19 mRNA Vaccine,Bangalore,Chennai ,BlueDart,0,2025-11-07 00:00:00,2025-11-09 11:00:00
SHP-57286,Humira (Adalimumab),Bangalore,Mumbai,Delhivery,0,2025-12-25 00:00:00,2025-12-27 03:00:00
SHP-32935,Humira (Adalimumab),Chennai,Mumbai,Shadowfax,0,2025-12-04 00:00:00,2025-12-04 19:00:00
SHP-15731,Humira (Adalimumab),Delhi,Bangalore,Delhivery,0,2025-11-07 00:00:00,2025-11-09 14:00:00
SHP-35691,COVID-19 mRNA Vaccine,Hyderabad,mumbai,FedEx,0,2025-12-29 00:00:00,2025-12-29 18:00:00
SHP-99214,Amoxicillin,Bangalore,delhi ,,0,2025-09-17 00:00:00,2025-09-18 02:00:00
SHP-70081,COVID-19 mRNA Vaccine,Hyderabad,Delhi,BlueDart,0,2025-05-01 00:00:00,2025-05-03 07:00:00
SHP-15443,Humira (Adalimumab),Bangalore,Delhi,DHL,0,2025-07-17 00:00:00,2025-07-18 12:00:00
SHP-20763,COVID-19 mRNA Vaccine,Mumbai,Delhi ,FedEx,0,01/06/2025 00:00,2025-06-03 03:00:00
SHP-89265,COVID-19 mRNA Vaccine,Hyderabad,Bangalore,FedEx,0,2025-02-09 00:00:00,2025-02-11 16:00:00
SHP-79590,COVID-19 mRNA Vaccine,Mumbai,Chennai,Delhivery,0,2025-06-24 00:00:00,2025-06-24 20:00:00
SHP-42596,Amoxicillin,Hyderabad,Delhi ,Delhivery,0,2025-04-21 00:00:00,2025-04-22 21:00:00
SHP-16717,Insulin Glargine,Delhi,Mumbai,FedEx,0,2025-12-31 00:00:00,2026-01-01 10:00:00
SHP-54308,Insulin Glargine,Chennai,Delhi,BlueDart,0,2025-06-30 00:00:00,2025-07-01 22:00:00
SHP-90809,COVID-19 mRNA Vaccine,Mumbai,Bangalore,Delhivery,0,2025-06-13 00:00:00,2025-06-14 08:00:00
SHP-19729,Insulin Glargine,Bangalore,Mumbai,FedEx,0,2025-07-25 00:00:00,2025-07-27 11:00:00
SHP-83648,Insulin Glargine,Delhi,Delhi,,0,2026-01-01 00:00:00,2026-01-01 17:00:00
SHP-36779,COVID-19 mRNA Vaccine,Hyderabad,Chennai,Delhivery,0,2025-01-20 00:00:00,2025-01-21 13:00:00
SHP-95697,COVID-19 mRNA Vaccine,Mumbai,mumbai,FedEx,0,2025-01-26 00:00:00,2025-01-27 07:00:00
SHP-83735,Humira (Adalimumab),Hyderabad,Mumbai ,Shadowfax,0,2025-10-25 00:00:00,2025-10-25 15:00:00
SHP-81215,Insulin Glargine,Hyderabad,Chennai ,,0,16/10/2025 00:00,2025-10-17 18:00:00
SHP-45506,Amoxicillin,Hyderabad,Mumbai,Shadowfax,0,2025-04-01 00:00:00,2025-04-01 13:00:00
SHP-77814,COVID-19 mRNA Vaccine,Chennai,delhi,Delhivery,0,2025-07-20 00:00:00,2025-07-21 12:00:00
SHP-28297,Humira (Adalimumab),Chennai,Mumbai,Delhivery,0,2025-03-21 00:00:00,2025-03-22 14:00:00
SHP-95612,Amoxicillin,Bangalore,Delhi ,Shadowfax,0,2025-06-25 00:00:00,2025-06-25 17:00:00
SHP-60798,Insulin Glargine,Mumbai,Chennai,BlueDart,0,2025-08-02 00:00:00,2025-08-03 03:00:00
SHP-70907,Humira (Adalimumab),Delhi,Hyderabad,FedEx,0,2025-06-19 00:00:00,2025-06-20 04:00:00
SHP-46004,COVID-19 mRNA Vaccine,Delhi,Chennai,BlueDart,0,2025-10-03 00:00:00,2025-10-03 16:00:00
SHP-74363,Amoxicillin,Delhi,Delhi,BlueDart,0,2025-10-13 00:00:00,2025-10-15 05:00:00
SHP-53676,COVID-19 mRNA Vaccine,Hyderabad,Bangalore,FedEx,0,2025-01-01 00:00:00,2025-01-03 14:00:00
SHP-30310,Insulin Glargine,Chennai,Chennai,DHL,0,2025-11-12 00:00:00,2025-11-12 17:00:00
SHP-51203,Amoxicillin,Mumbai,bangalore,,0,2025-11-30 00:00:00,2025-11-30 13:00:00
SHP-85842,Insulin Glargine,Hyderabad,Bangalore,BlueDart,0,2025-08-18 00:00:00,2025-08-19 02:00:00
SHP-82138,Insulin Glargine,Chennai,Delhi,BlueDart,0,2025-08-31 00:00:00,2025-09-02 15:00:00
SHP-80873,Humira (Adalimumab),Chennai,Delhi,DHL,0,03/04/2025 00:00,2025-04-04 09:00:00
SHP-41102,COVID-19 mRNA Vaccine,Mumbai,Hyderabad,Delhivery,0,2025-09-12 00:00:00,2025-09-13 21:00:00
SHP-27971,Amoxicillin,Mumbai,Mumbai,Shadowfax,0,2025-06-30 00:00:00,2025-07-02 16:00:00
SHP-57462,Insulin Glargine,Mumbai,Chennai,Shadowfax,0,2025-02-09 00:00:00,2025-02-10 17:00:00
SHP-99399,Insulin Glargine,Hyderabad,Delhi,DHL,0,2025-09-24 00:00:00,2025-09-25 15:00:00
SHP-92469,Amoxicillin,Bangalore,Chennai ,BlueDart,0,2025-12-20 00:00:00,2025-12-20 13:00:00
SHP-70195,Insulin Glargine,Mumbai,Bangalore,Shadowfax,0,19/12/2025 00:00,2025-12-19 21:00:00
SHP-18244,Humira (Adalimumab),Bangalore,Mumbai,DHL,0,2025-11-17 00:00:00,2025-11-18 00:00:00
SHP-92504,Humira (Adalimumab),Hyderabad,Hyderabad,FedEx,0,2025-12-29 00:00:00,2025-12-30 01:00:00
SHP-82296,Humira (Adalimumab),Bangalore,Chennai,Shadowfax,0,2025-08-24 00:00:00,2025-08-25 02:00:00
SHP-90039,Humira (Adalimumab),Delhi,Mumbai,FedEx,0,2025-07-30 00:00:00,2025-08-01 11:00:00
SHP-68802,Insulin Glargine,Bangalore,Hyderabad,,0,2025-12-14 00:00:00,2025-12-16 15:00:00
SHP-11734,Amoxicillin,Mumbai,Chennai,Shadowfax,0,2025-06-02 00:00:00,2025-06-03 07:00:00
SHP-19310,Amoxicillin,Hyderabad,Mumbai,DHL,0,2025-01-27 00:00:00,2025-01-28 16:00:00
SHP-55676,Amoxicillin,Mumbai,Delhi,Delhivery,0,2025-04-06 00:00:00,2025-04-08 12:00:00
SHP-26549,Amoxicillin,Delhi,chennai,Shadowfax,0,2025-10-22 00:00:00,2025-10-24 03:00:00
SHP-40513,COVID-19 mRNA Vaccine,Mumbai,mumbai,Shadowfax,1,10/09/2025 00:00,2025-09-11 12:00:00
SHP-98956,Amoxicillin,Mumbai,Hyderabad,Shadowfax,0,10/08/2025 00:00,2025-08-12 10:00:00
SHP-11020,COVID-19 mRNA Vaccine,Mumbai,Mumbai,,0,2025-08-06 00:00:00,2025-08-08 23:00:00
SHP-31654,COVID-19 mRNA Vaccine,Chennai,Delhi,DHL,0,2025-08-24 00:00:00,2025-08-26 18:00:00
SHP-72494,Humira (Adalimumab),Delhi,Chennai,DHL,0,2025-10-27 00:00:00,2025-10-28 01:00:00
SHP-45816,COVID-19 mRNA Vaccine,Mumbai,Chennai ,Delhivery,0,2025-06-16 00:00:00,2025-06-17 10:00:00
SHP-95058,Insulin Glargine,Mumbai,Chennai ,DHL,0,2025-10-21 00:00:00,2025-10-23 19:00:00
SHP-99604,COVID-19 mRNA Vaccine,Mumbai,Delhi ,DHL,0,2025-07-20 00:00:00,2025-07-23 00:00:00
SHP-50991,Humira (Adalimumab),Hyderabad,hyderabad ,BlueDart,0,25/04/2025 00:00,2025-04-27 10:00:00
SHP-89421,COVID-19 mRNA Vaccine,Chennai,Chennai,BlueDart,0,2025-07-03 00:00:00,2025-07-03 13:00:00
SHP-36814,Insulin Glargine,Hyderabad,Hyderabad,FedEx,0,2025-06-25 00:00:00,2025-06-27 21:00:00
SHP-49849,Insulin Glargine,Chennai,Mumbai,Delhivery,0,2025-05-16 00:00:00,2025-05-16 19:00:00
SHP-53225,Insulin Glargine,Mumbai,Hyderabad ,BlueDart,0,2025-01-10 00:00:00,2025-01-11 23:00:00
SHP-37834,Humira (Adalimumab),Delhi,Hyderabad ,Delhivery,0,2025-10-29 00:00:00,2025-10-30 22:00:00
SHP-60452,Humira (Adalimumab),Bangalore,Chennai,Delhivery,0,2025-12-17 00:00:00,2025-12-19 05:00:00
SHP-27622,Amoxicillin,Bangalore,Bangalore,Shadowfax,0,2025-07-21 00:00:00,2025-07-24 00:00:00
SHP-56351,Humira (Adalimumab),Mumbai,Bangalore,Delhivery,0,2025-06-24 00:00:00,2025-06-24 20:00:00
SHP-42014,Insulin Glargine,Hyderabad,Delhi,Shadowfax,0,2025-10-23 00:00:00,2025-10-25 14:00:00
SHP-67927,Insulin Glargine,Delhi,Delhi,FedEx,0,2025-11-21 00:00:00,2025-11-22 08:00:00
SHP-14653,Humira (Adalimumab),Chennai,Bangalore,FedEx,0,15/04/2025 00:00,2025-04-16 06:00:00
SHP-52188,COVID-19 mRNA Vaccine,Mumbai,Mumbai,FedEx,0,2025-09-24 00:00:00,2025-09-25 01:00:00
SHP-80803,Humira (Adalimumab),Delhi,Chennai ,Shadowfax,0,24/06/2025 00:00,2025-06-26 16:00:00
SHP-16028,Humira (Adalimumab),Delhi,Chennai,Shadowfax,0,2025-12-22 00:00:00,2025-12-22 18:00:00
SHP-86698,Insulin Glargine,Chennai,Mumbai,FedEx,0,2025-06-29 00:00:00,2025-07-01 05:00:00
SHP-48731,Amoxicillin,Delhi,Mumbai,Shadowfax,0,06/02/2025 00:00,2025-02-08 04:00:00
SHP-15087,Insulin Glargine,Hyderabad,Bangalore,DHL,0,2025-11-10 00:00:00,2025-11-12 11:00:00
SHP-38661,Amoxicillin,Hyderabad,Delhi,DHL,0,10/04/2025 00:00,2025-04-12 01:00:00
SHP-64147,Insulin Glargine,Hyderabad,Mumbai,Shadowfax,0,2025-09-14 00:00:00,2025-09-16 01:00:00
SHP-92625,Humira (Adalimumab),Delhi,Delhi,Shadowfax,0,02/01/2025 00:00,2025-01-02 14:00:00
SHP-73469,Insulin Glargine,Hyderabad,Hyderabad,BlueDart,0,2025-08-22 00:00:00,2025-08-23 12:00:00
SHP-94396,Insulin Glargine,Chennai,Chennai,,1,2025-12-31 00:00:00,2026-01-02 11:00:00
SHP-12401,Insulin Glargine,Delhi,bangalore ,Delhivery,0,2025-12-02 00:00:00,2025-12-04 21:00:00
SHP-28150,Humira (Adalimumab),Bangalore,Chennai,Delhivery,1,2025-08-16 00:00:00,2025-08-18 21:00:00
SHP-23466,Humira (Adalimumab),Delhi,Bangalore,Delhivery,0,2025-10-14 00:00:00,2025-10-16 11:00:00
SHP-30151,Humira (Adalimumab),Chennai,Hyderabad,FedEx,0,17/10/2025 00:00,2025-10-17 14:00:00
SHP-60070,Humira (Adalimumab),Bangalore,Chennai,DHL,0,2025-08-06 00:00:00,2025-08-07 00:00:00
SHP-87031,Amoxicillin,Delhi,Hyderabad,FedEx,0,18/06/2025 00:00,2025-06-19 20:00:00
SHP-66626,Amoxicillin,Hyderabad,bangalore,Shadowfax,0,2025-11-16 00:00:00,2025-11-17 07:00:00
SHP-41656,COVID-19 mRNA Vaccine,Mumbai,Mumbai,BlueDart,0,28/02/2025 00:00,2025-02-28 16:00:00
SHP-96552,Humira (Adalimumab),Mumbai,Chennai,Shadowfax,0,2025-09-14 00:00:00,2025-09-16 13:00:00
SHP-58842,Amoxicillin,Hyderabad,hyderabad ,Shadowfax,0,14/02/2025 00:00,2025-02-14 23:00:00
SHP-42920,Insulin Glargine,Mumbai,Chennai,BlueDart,0,2025-12-05 00:00:00,2025-12-07 05:00:00
SHP-27494,Humira (Adalimumab),Mumbai,Chennai,Shadowfax,0,2025-02-27 00:00:00,2025-02-27 19:00:00
SHP-35104,COVID-19 mRNA Vaccine,Hyderabad,Chennai,Delhivery,1,2025-10-01 00:00:00,2025-10-01 18:00:00
SHP-60142,COVID-19 mRNA Vaccine,Hyderabad,Delhi,,0,2025-12-02 00:00:00,2025-12-02 15:00:00
SHP-39139,COVID-19 mRNA Vaccine,Delhi,hyderabad ,Shadowfax,0,2025-07-24 00:00:00,2025-07-26 07:00:00
SHP-64025,Insulin Glargine,Delhi,Hyderabad ,Delhivery,0,2025-12-02 00:00:00,2025-12-04 08:00:00
SHP-93898,Amoxicillin,Hyderabad,Chennai,,0,2025-12-12 00:00:00,2025-12-13 06:00:00
SHP-61921,Insulin Glargine,Chennai,Mumbai,DHL,0,2025-03-01 00:00:00,2025-03-02 16:00:00
SHP-83181,Humira (Adalimumab),Mumbai,Chennai,Delhivery,0,2025-05-10 00:00:00,2025-05-12 10:00:00
SHP-16434,COVID-19 mRNA Vaccine,Delhi,Delhi,FedEx,0,10/02/2025 00:00,2025-02-10 19:00:00
SHP-77010,Insulin Glargine,Mumbai,Bangalore ,BlueDart,0,2025-12-25 00:00:00,2025-12-26 11:00:00
SHP-34678,Insulin Glargine,Bangalore,Delhi,,0,2025-11-22 00:00:00,2025-11-23 04:00:00
SHP-30382,Amoxicillin,Hyderabad,Mumbai,BlueDart,0,2025-06-14 00:00:00,2025-06-16 01:00:00
SHP-69845,Amoxicillin,Chennai,Chennai,Shadowfax,0,2025-01-27 00:00:00,2025-01-29 05:00:00
SHP-86639,COVID-19 mRNA Vaccine,Bangalore,Hyderabad,Shadowfax,0,2025-07-10 00:00:00,2025-07-12 10:00:00
SHP-19691,Insulin Glargine,Bangalore,Chennai,FedEx,0,2025-05-12 00:00:00,2025-05-12 23:00:00
SHP-23723,Insulin Glargine,Bangalore,Mumbai,Delhivery,0,2025-05-12 00:00:00,2025-05-13 06:00:00
SHP-78939,Amoxicillin,Hyderabad,Hyderabad,Shadowfax,0,2025-04-04 00:00:00,2025-04-06 14:00:00
SHP-33702,Insulin Glargine,Delhi,Delhi,Delhivery,0,2025-06-15 00:00:00,2025-06-16 19:00:00
SHP-91600,Insulin Glargine,Hyderabad,Bangalore,Delhivery,1,2025-09-12 00:00:00,2025-09-13 16:00:00
SHP-92169,Insulin Glargine,Delhi,bangalore,Shadowfax,0,2025-11-20 00:00:00,2025-11-22 00:00:00
SHP-66921,Amoxicillin,Bangalore,Chennai,Shadowfax,0,2025-04-18 00:00:00,2025-04-20 21:00:00
SHP-60429,COVID-19 mRNA Vaccine,Bangalore,Delhi,FedEx,0,2025-06-11 00:00:00,2025-06-12 04:00:00
SHP-43291,Humira (Adalimumab),Chennai,Mumbai ,DHL,1,2025-05-17 00:00:00,2025-05-19 18:00:00
SHP-74508,COVID-19 mRNA Vaccine,Delhi,Bangalore,BlueDart,0,2025-01-24 00:00:00,2025-01-26 22:00:00
SHP-91603,Humira (Adalimumab),Bangalore,Delhi,Shadowfax,0,20/10/2025 00:00,2025-10-22 02:00:00
SHP-82168,Insulin Glargine,Mumbai,Chennai ,Shadowfax,0,15/09/2025 00:00,2025-09-16 04:00:00
SHP-95817,COVID-19 mRNA Vaccine,Chennai,Hyderabad,,0,23/05/2025 00:00,2025-05-25 21:00:00
SHP-12817,Humira (Adalimumab),Hyderabad,Chennai,DHL,0,2025-09-23 00:00:00,2025-09-25 15:00:00
SHP-30827,Amoxicillin,Chennai,Chennai,Shadowfax,0,2025-05-30 00:00:00,2025-05-31 12:00:00
SHP-53503,Amoxicillin,Mumbai,delhi,DHL,0,2025-08-03 00:00:00,2025-08-05 13:00:00
SHP-47595,COVID-19 mRNA Vaccine,Delhi,Bangalore,BlueDart,0,2025-07-06 00:00:00,2025-07-08 15:00:00
SHP-94447,COVID-19 mRNA Vaccine,Hyderabad,Delhi ,Delhivery,0,2025-08-11 00:00:00,2025-08-12 04:00:00
SHP-19561,Insulin Glargine,Hyderabad,Hyderabad,FedEx,0,2025-06-15 00:00:00,2025-06-15 18:00:00
SHP-87414,COVID-19 mRNA Vaccine,Delhi,Delhi,BlueDart,0,12/06/2025 00:00,2025-06-14 09:00:00
SHP-40308,Insulin Glargine,Chennai,Mumbai,DHL,0,2025-01-05 00:00:00,2025-01-06 18:00:00
SHP-69436,Insulin Glargine,Bangalore,Chennai,DHL,0,2025-04-19 00:00:00,2025-04-20 07:00:00
SHP-27067,Amoxicillin,Chennai,Bangalore,BlueDart,0,2026-01-01 00:00:00,2026-01-02 19:00:00
SHP-76064,Amoxicillin,Mumbai,Hyderabad,DHL,0,2025-02-23 00:00:00,2025-02-24 11:00:00
SHP-60464,Humira (Adalimumab),Bangalore,chennai,FedEx,0,2025-03-11 00:00:00,2025-03-12 17:00:00
SHP-19169,Amoxicillin,Chennai,Delhi,FedEx,0,2025-06-27 00:00:00,2025-06-29 17:00:00
SHP-27325,Amoxicillin,Delhi,Mumbai,DHL,0,2025-02-02 00:00:00,2025-02-04 19:00:00
SHP-48536,COVID-19 mRNA Vaccine,Mumbai,Delhi,DHL,0,11/08/2025 00:00,2025-08-13 20:00:00
SHP-22918,Amoxicillin,Mumbai,Chennai,FedEx,0,2025-03-10 00:00:00,2025-03-12 04:00:00
SHP-89400,Humira (Adalimumab),Mumbai,Hyderabad,DHL,0,2025-01-19 00:00:00,2025-01-20 21:00:00
SHP-87022,COVID-19 mRNA Vaccine,Bangalore,Bangalore,Shadowfax,0,11/02/2025 00:00,2025-02-13 16:00:00
SHP-99754,Humira (Adalimumab),Hyderabad,Chennai,Delhivery,0,2025-03-16 00:00:00,2025-03-17 13:00:00
SHP-78302,Amoxicillin,Bangalore,Hyderabad,Shadowfax,1,2025-12-15 00:00:00,2025-12-16 20:00:00
SHP-28237,Humira (Adalimumab),Chennai,Chennai ,DHL,0,07/04/2025 00:00,2025-04-08 18:00:00
SHP-22065,COVID-19 mRNA Vaccine,Hyderabad,Mumbai,DHL,0,2025-03-09 00:00:00,2025-03-11 23:00:00
SHP-89490,Insulin Glargine,Chennai,Delhi,Delhivery,0,2025-09-12 00:00:00,2025-09-13 15:00:00
SHP-43403,Humira (Adalimumab),Hyderabad,Bangalore,DHL,0,02/04/2025 00:00,2025-04-02 14:00:00
SHP-92295,Humira (Adalimumab),Bangalore,Hyderabad,Delhivery,1,2025-01-26 00:00:00,2025-01-26 17:00:00
SHP-18036,COVID-19 mRNA Vaccine,Mumbai,Bangalore,,0,2025-05-20 00:00:00,2025-05-21 21:00:00
SHP-59356,COVID-19 mRNA Vaccine,Delhi,Bangalore ,Delhivery,0,2025-10-13 00:00:00,2025-10-15 04:00:00
SHP-22899,Humira (Adalimumab),Mumbai,Bangalore,Delhivery,1,2025-07-15 00:00:00,2025-07-16 02:00:00
SHP-86352,Amoxicillin,Bangalore,Hyderabad,Shadowfax,0,2025-02-01 00:00:00,2025-02-01 22:00:00
SHP-33063,Humira (Adalimumab),Hyderabad,Hyderabad,DHL,0,2025-01-13 00:00:00,2025-01-14 06:00:00
SHP-25130,COVID-19 mRNA Vaccine,Mumbai,Bangalore ,FedEx,0,2025-10-16 00:00:00,2025-10-18 05:00:00
SHP-50932,Insulin Glargine,Bangalore,Delhi,BlueDart,0,2025-03-16 00:00:00,2025-03-16 13:00:00
SHP-99220,Insulin Glargine,Chennai,Chennai,Delhivery,0,2025-03-24 00:00:00,2025-03-25 00:00:00
SHP-87480,Amoxicillin,Delhi,bangalore,BlueDart,0,2025-10-15 00:00:00,2025-10-16 03:00:00
SHP-98174,Humira (Adalimumab),Mumbai,Mumbai,DHL,0,2025-02-24 00:00:00,2025-02-25 00:00:00
SHP-36077,Insulin Glargine,Hyderabad,Bangalore,Delhivery,0,22/03/2025 00:00,2025-03-24 07:00:00
SHP-85909,Humira (Adalimumab),Chennai,Hyderabad ,BlueDart,0,2025-12-08 00:00:00,2025-12-09 06:00:00
SHP-39709,COVID-19 mRNA Vaccine,Bangalore,Chennai,Shadowfax,0,2025-07-05 00:00:00,2025-07-06 12:00:00
SHP-30202,Insulin Glargine,Delhi,Mumbai,BlueDart,0,30/04/2025 00:00,2025-05-02 15:00:00
SHP-91969,Amoxicillin,Hyderabad,Chennai,Shadowfax,0,2025-01-24 00:00:00,2025-01-26 13:00:00
SHP-61041,COVID-19 mRNA Vaccine,Bangalore,Chennai,FedEx,0,15/12/2025 00:00,2025-12-15 20:00:00
SHP-75399,Amoxicillin,Bangalore,Mumbai,DHL,0,2025-08-09 00:00:00,2025-08-11 19:00:00
SHP-53321,COVID-19 mRNA Vaccine,Mumbai,Bangalore,BlueDart,0,2025-10-25 00:00:00,2025-10-25 15:00:00
SHP-69058,Insulin Glargine,Mumbai,bangalore,Delhivery,0,22/11/2025 00:00,2025-11-23 16:00:00
SHP-69351,Amoxicillin,Hyderabad,Bangalore ,DHL,0,2025-11-01 00:00:00,2025-11-03 02:00:00
SHP-12567,Amoxicillin,Bangalore,Delhi,BlueDart,0,2025-02-22 00:00:00,2025-02-24 22:00:00
SHP-52268,COVID-19 mRNA Vaccine,Mumbai,Bangalore,Delhivery,1,2025-06-07 00:00:00,2025-06-07 16:00:00
SHP-24143,Amoxicillin,Delhi,mumbai,Delhivery,0,2025-04-17 00:00:00,2025-04-18 00:00:00
SHP-47900,COVID-19 mRNA Vaccine,Delhi,Delhi,Delhivery,0,2025-11-05 00:00:00,2025-11-06 09:00:00
SHP-27251,COVID-19 mRNA Vaccine,Bangalore,Bangalore,Delhivery,0,2025-01-19 00:00:00,2025-01-19 21:00:00
SHP-63140,COVID-19 mRNA Vaccine,Mumbai,Delhi,BlueDart,0,2025-11-02 00:00:00,2025-11-04 16:00:00
SHP-41441,COVID-19 mRNA Vaccine,Hyderabad,Mumbai,FedEx,0,2025-06-22 00:00:00,2025-06-23 00:00:00
SHP-26435,Insulin Glargine,Hyderabad,Bangalore,Shadowfax,1,2025-06-11 00:00:00,2025-06-13 20:00:00
SHP-95491,COVID-19 mRNA Vaccine,Hyderabad,Hyderabad,Shadowfax,0,2025-09-02 00:00:00,2025-09-03 08:00:00
SHP-72493,Humira (Adalimumab),Delhi,mumbai,Shadowfax,0,2025-02-08 00:00:00,2025-02-09 20:00:00
SHP-11384,Amoxicillin,Mumbai,Chennai,FedEx,0,2025-09-30 00:00:00,2025-10-02 08:00:00
SHP-76080,Humira (Adalimumab),Mumbai,Chennai,Delhivery,0,2025-06-27 00:00:00,2025-06-28 02:00:00
SHP-48914,Insulin Glargine,Delhi,Mumbai ,Delhivery,0,2025-07-13 00:00:00,2025-07-13 18:00:00
SHP-62632,Humira (Adalimumab),Hyderabad,Chennai,DHL,0,2025-12-08 00:00:00,2025-12-11 00:00:00
SHP-91778,Amoxicillin,Hyderabad,Mumbai,Shadowfax,0,17/11/2025 00:00,2025-11-17 23:00:00
SHP-15465,Humira (Adalimumab),Bangalore,Hyderabad,Shadowfax,0,2025-07-08 00:00:00,2025-07-10 06:00:00
SHP-55435,Insulin Glargine,Chennai,Mumbai ,Delhivery,0,2025-10-30 00:00:00,2025-10-31 09:00:00
SHP-42540,COVID-19 mRNA Vaccine,Mumbai,Bangalore,Shadowfax,0,2025-12-16 00:00:00,2025-12-18 12:00:00
SHP-32427,Humira (Adalimumab),Mumbai,Bangalore,Delhivery,0,2025-05-03 00:00:00,2025-05-03 20:00:00
SHP-24963,Insulin Glargine,Mumbai,delhi,Delhivery,1,06/04/2025 00:00,2025-04-08 07:00:00
SHP-88873,Insulin Glargine,Chennai,Chennai,Delhivery,0,11/06/2025 00:00,2025-06-12 07:00:00
SHP-18746,Amoxicillin,Bangalore,Chennai,BlueDart,0,01/08/2025 00:00,2025-08-02 22:00:00
SHP-74728,Amoxicillin,Chennai,Mumbai,BlueDart,0,2025-03-10 00:00:00,2025-03-12 19:00:00
SHP-21006,Humira (Adalimumab),Hyderabad,chennai,,0,2025-04-28 00:00:00,2025-04-28 12:00:00
SHP-20873,COVID-19 mRNA Vaccine,Hyderabad,Bangalore,BlueDart,0,2025-06-15 00:00:00,2025-06-17 14:00:00
SHP-38102,Insulin Glargine,Mumbai,Hyderabad,FedEx,0,2025-04-27 00:00:00,2025-04-27 23:00:00
SHP-35061,Humira (Adalimumab),Delhi,Mumbai ,DHL,0,23/06/2025 00:00,2025-06-25 16:00:00
SHP-75563,Insulin Glargine,Mumbai,Chennai ,DHL,0,2025-07-16 00:00:00,2025-07-18 18:00:00
SHP-25572,Insulin Glargine,Delhi,Bangalore,Delhivery,0,2025-06-16 00:00:00,2025-06-16 23:00:00
SHP-96794,COVID-19 mRNA Vaccine,Chennai,Delhi,Shadowfax,0,2025-11-25 00:00:00,2025-11-25 13:00:00
SHP-54296,COVID-19 mRNA Vaccine,Hyderabad,Chennai,BlueDart,0,05/10/2025 00:00,2025-10-06 02:00:00
SHP-10036,Humira (Adalimumab),Delhi,Hyderabad,DHL,0,2025-04-15 00:00:00,2025-04-17 10:00:00
SHP-44743,COVID-19 mRNA Vaccine,Chennai,Hyderabad ,DHL,0,29/10/2025 00:00,2025-10-31 16:00:00
SHP-63690,COVID-19 mRNA Vaccine,Hyderabad,Chennai,BlueDart,0,15/04/2025 00:00,2025-04-17 21:00:00
SHP-90809,Humira (Adalimumab),Delhi,Chennai,FedEx,0,2025-04-07 00:00:00,2025-04-09 09:00:00
SHP-97180,COVID-19 mRNA Vaccine,Mumbai,Bangalore,FedEx,0,2025-05-22 00:00:00,2025-05-22 20:00:00
SHP-69458,Amoxicillin,Mumbai,Chennai,DHL,0,2025-10-02 00:00:00,2025-10-03 12:00:00
SHP-79527,Insulin Glargine,Mumbai,Delhi,FedEx,0,2025-08-03 00:00:00,2025-08-05 20:00:00
SHP-20889,Insulin Glargine,Chennai,Bangalore ,BlueDart,0,2025-02-28 00:00:00,2025-02-28 17:00:00
SHP-85447,Insulin Glargine,Mumbai,Mumbai,DHL,0,2025-12-19 00:00:00,2025-12-21 13:00:00
SHP-96669,Insulin Glargine,Bangalore,Delhi,BlueDart,0,2025-07-20 00:00:00,2025-07-22 23:00:00
SHP-32400,Humira (Adalimumab),Hyderabad,Bangalore ,FedEx,0,2025-03-20 00:00:00,2025-03-22 07:00:00
SHP-98030,Insulin Glargine,Chennai,Bangalore,BlueDart,0,2025-03-16 00:00:00,2025-03-18 01:00:00
SHP-99491,Insulin Glargine,Mumbai,Hyderabad,FedEx,0,2025-10-29 00:00:00,2025-10-30 02:00:00
SHP-56600,Insulin Glargine,Hyderabad,Bangalore,FedEx,0,2025-09-04 00:00:00,2025-09-04 14:00:00
SHP-82206,Insulin Glargine,Delhi,Delhi ,BlueDart,0,04/02/2025 00:00,2025-02-06 08:00:00
SHP-89147,Amoxicillin,Mumbai,Chennai,FedEx,0,2025-05-13 00:00:00,2025-05-14 21:00:00
SHP-82383,Insulin Glargine,Hyderabad,Delhi,Delhivery,0,2025-06-10 00:00:00,2025-06-12 23:00:00
SHP-68421,Amoxicillin,Bangalore,Mumbai ,BlueDart,0,22/06/2025 00:00,2025-06-23 00:00:00
SHP-26676,Humira (Adalimumab),Delhi,Bangalore ,Delhivery,0,2025-10-04 00:00:00,2025-10-05 00:00:00
SHP-25714,COVID-19 mRNA Vaccine,Bangalore,Bangalore ,BlueDart,0,23/02/2025 00:00,2025-02-25 06:00:00
SHP-81514,Insulin Glargine,Hyderabad,Bangalore,FedEx,0,2025-01-20 00:00:00,2025-01-20 23:00:00
SHP-85521,COVID-19 mRNA Vaccine,Bangalore,Bangalore,FedEx,0,2025-06-16 00:00:00,2025-06-16 12:00:00
SHP-55895,COVID-19 mRNA Vaccine,Hyderabad,Hyderabad ,DHL,0,2025-12-06 00:00:00,2025-12-08 13:00:00
SHP-27922,Humira (Adalimumab),Hyderabad,Hyderabad,DHL,0,2025-05-12 00:00:00,2025-05-13 10:00:00
SHP-40254,COVID-19 mRNA Vaccine,Bangalore,Chennai,Delhivery,0,2025-09-11 00:00:00,2025-09-12 12:00:00
SHP-89660,Amoxicillin,Hyderabad,Bangalore,FedEx,0,2025-11-11 00:00:00,2025-11-13 06:00:00
SHP-96120,COVID-19 mRNA Vaccine,Mumbai,mumbai ,DHL,0,2025-08-08 00:00:00,2025-08-08 14:00:00
SHP-19340,COVID-19 mRNA Vaccine,Hyderabad,Chennai ,FedEx,0,25/03/2025 00:00,2025-03-26 22:00:00
SHP-48217,COVID-19 mRNA Vaccine,Chennai,Bangalore,BlueDart,0,05/11/2025 00:00,2025-11-06 00:00:00
SHP-29883,Insulin Glargine,Hyderabad,Hyderabad,DHL,0,2025-07-23 00:00:00,2025-07-23 13:00:00
SHP-48486,Insulin Glargine,Chennai,Mumbai,Delhivery,0,2025-12-12 00:00:00,2025-12-12 13:00:00
SHP-26287,Amoxicillin,Hyderabad,Chennai,DHL,0,2025-06-21 00:00:00,2025-06-23 15:00:00
SHP-84383,Amoxicillin,Hyderabad,Mumbai,FedEx,0,2025-12-17 00:00:00,2025-12-17 19:00:00
SHP-96691,Insulin Glargine,Bangalore,Bangalore ,Shadowfax,0,2025-08-28 00:00:00,2025-08-28 23:00:00
SHP-66236,Amoxicillin,Mumbai,Delhi,,0,2025-11-22 00:00:00,2025-11-22 17:00:00
SHP-11609,Insulin Glargine,Mumbai,Mumbai,FedEx,1,2025-11-07 00:00:00,2025-11-07 18:00:00
SHP-41174,Humira (Adalimumab),Delhi,Mumbai,BlueDart,0,2025-06-06 00:00:00,2025-06-08 15:00:00
SHP-23919,COVID-19 mRNA Vaccine,Bangalore,Hyderabad,DHL,0,2025-12-14 00:00:00,2025-12-16 03:00:00
SHP-90257,COVID-19 mRNA Vaccine,Bangalore,Bangalore,Shadowfax,0,11/04/2025 00:00,2025-04-13 09:00:00
SHP-82322,Amoxicillin,Mumbai,Mumbai,BlueDart,0,2025-04-27 00:00:00,2025-04-27 14:00:00
SHP-11707,Insulin Glargine,Bangalore,Bangalore,FedEx,0,10/01/2025 00:00,2025-01-11 15:00:00
SHP-58427,Insulin Glargine,Mumbai,Hyderabad,BlueDart,0,2025-10-22 00:00:00,2025-10-23 20:00:00
SHP-14788,Amoxicillin,Bangalore,Bangalore,FedEx,0,2025-09-12 00:00:00,2025-09-14 11:00:00
SHP-16901,Insulin Glargine,Hyderabad,Hyderabad,DHL,0,2025-05-16 00:00:00,2025-05-18 23:00:00
SHP-57558,Humira (Adalimumab),Mumbai,Hyderabad ,BlueDart,0,2025-06-23 00:00:00,2025-06-23 14:00:00
SHP-75094,COVID-19 mRNA Vaccine,Mumbai,Chennai,DHL,0,2025-10-17 00:00:00,2025-10-19 19:00:00
SHP-86383,Amoxicillin,Chennai,Bangalore ,BlueDart,0,2025-08-06 00:00:00,2025-08-07 02:00:00
SHP-36582,Amoxicillin,Bangalore,Delhi,FedEx,0,27/09/2025 00:00,2025-09-29 18:00:00
SHP-66638,Insulin Glargine,Bangalore,Chennai,FedEx,0,2025-05-29 00:00:00,2025-05-30 14:00:00
SHP-94180,Amoxicillin,Mumbai,Hyderabad ,BlueDart,0,2025-04-11 00:00:00,2025-04-12 19:00:00
SHP-32434,Humira (Adalimumab),Hyderabad,Delhi,FedEx,0,2025-12-20 00:00:00,2025-12-20 18:00:00
SHP-95183,Insulin Glargine,Hyderabad,Mumbai,Delhivery,0,2025-11-19 00:00:00,2025-11-20 20:00:00
SHP-72853,Insulin Glargine,Hyderabad,Mumbai,Delhivery,0,29/05/2025 00:00,2025-05-29 18:00:00
SHP-15550,Insulin Glargine,Bangalore,Chennai,DHL,0,16/06/2025 00:00,2025-06-17 03:00:00
SHP-23558,Insulin Glargine,Chennai,Delhi,Delhivery,0,2025-06-11 00:00:00,2025-06-13 23:00:00
SHP-15840,Humira (Adalimumab),Mumbai,Bangalore,Delhivery,0,2025-09-03 00:00:00,2025-09-04 21:00:00
SHP-41229,Insulin Glargine,Delhi,Delhi,Shadowfax,0,2025-01-30 00:00:00,2025-02-01 02:00:00
SHP-33914,Amoxicillin,Chennai,chennai,Shadowfax,0,2025-12-23 00:00:00,2025-12-24 07:00:00
SHP-84143,Humira (Adalimumab),Delhi,bangalore,Shadowfax,1,15/01/2025 00:00,2025-01-16 06:00:00
SHP-50205,COVID-19 mRNA Vaccine,Chennai,Bangalore,Shadowfax,0,2025-11-23 00:00:00,2025-11-24 06:00:00
SHP-88053,COVID-19 mRNA Vaccine,Hyderabad,Mumbai,FedEx,0,2025-09-07 00:00:00,2025-09-09 12:00:00
SHP-21194,Amoxicillin,Bangalore,Delhi,DHL,0,2025-04-02 00:00:00,2025-04-03 18:00:00
SHP-17055,Amoxicillin,Delhi,Bangalore,DHL,0,2025-06-08 00:00:00,2025-06-11 00:00:00
SHP-40097,Humira (Adalimumab),Chennai,Chennai,Delhivery,1,20/10/2025 00:00,2025-10-20 13:00:00
SHP-44610,COVID-19 mRNA Vaccine,Bangalore,Mumbai,DHL,0,2025-06-29 00:00:00,2025-06-29 13:00:00
SHP-65362,COVID-19 mRNA Vaccine,Delhi,Bangalore,,0,2025-03-30 00:00:00,2025-03-31 18:00:00
SHP-35848,COVID-19 mRNA Vaccine,Mumbai,Delhi,DHL,0,2025-11-03 00:00:00,2025-11-05 18:00:00
SHP-10763,COVID-19 mRNA Vaccine,Chennai,mumbai,BlueDart,0,2025-06-04 00:00:00,2025-06-04 21:00:00
SHP-92433,COVID-19 mRNA Vaccine,Mumbai,Delhi ,BlueDart,0,05/07/2025 00:00,2025-07-06 17:00:00
SHP-51936,Insulin Glargine,Hyderabad,Delhi,DHL,0,13/05/2025 00:00,2025-05-15 03:00:00
SHP-96891,Amoxicillin,Mumbai,Delhi,FedEx,0,2025-06-11 00:00:00,2025-06-12 23:00:00
SHP-59959,Insulin Glargine,Mumbai,Mumbai,Delhivery,0,2025-03-21 00:00:00,2025-03-23 08:00:00
SHP-57313,COVID-19 mRNA Vaccine,Chennai,Bangalore ,DHL,0,2025-01-28 00:00:00,2025-01-30 14:00:00
SHP-48869,Humira (Adalimumab),Hyderabad,Hyderabad ,Delhivery,0,25/07/2025 00:00,2025-07-26 07:00:00
SHP-22608,Humira (Adalimumab),Mumbai,Bangalore,Shadowfax,0,2025-02-26 00:00:00,2025-02-26 18:00:00
SHP-36441,COVID-19 mRNA Vaccine,Bangalore,Mumbai,DHL,0,20/08/2025 00:00,2025-08-20 22:00:00
SHP-12560,COVID-19 mRNA Vaccine,Delhi,Hyderabad,FedEx,0,2025-06-06 00:00:00,2025-06-09 00:00:00
SHP-91562,Humira (Adalimumab),Mumbai,hyderabad ,Shadowfax,0,2025-11-29 00:00:00,2025-11-30 21:00:00
SHP-37061,Insulin Glargine,Hyderabad,Hyderabad,DHL,0,2025-10-23 00:00:00,2025-10-25 11:00:00
SHP-75676,Insulin Glargine,Mumbai,chennai,BlueDart,1,2025-04-17 00:00:00,2025-04-19 16:00:00
SHP-47032,COVID-19 mRNA Vaccine,Delhi,Mumbai,DHL,0,2025-05-11 00:00:00,2025-05-13 11:00:00
SHP-63616,Insulin Glargine,Hyderabad,chennai ,BlueDart,0,2025-02-10 00:00:00,2025-02-11 20:00:00
SHP-41901,Humira (Adalimumab),Chennai,Hyderabad,BlueDart,0,2025-07-17 00:00:00,2025-07-19 05:00:00
SHP-79412,Insulin Glargine,Hyderabad,Chennai ,DHL,0,2025-08-01 00:00:00,2025-08-02 00:00:00
SHP-43198,COVID-19 mRNA Vaccine,Chennai,Chennai,DHL,0,2025-10-11 00:00:00,2025-10-12 19:00:00
SHP-99170,Humira (Adalimumab),Hyderabad,Mumbai,BlueDart,0,06/03/2025 00:00,2025-03-07 18:00:00
SHP-73709,Insulin Glargine,Delhi,Delhi,Delhivery,0,31/08/2025 00:00,2025-08-31 19:00:00
SHP-68310,Amoxicillin,Delhi,chennai,Shadowfax,0,2025-09-17 00:00:00,2025-09-19 19:00:00
SHP-83878,Humira (Adalimumab),Hyderabad,Chennai,FedEx,0,29/01/2025 00:00,2025-01-31 19:00:00
SHP-61546,Humira (Adalimumab),Mumbai,Hyderabad,DHL,0,2025-12-10 00:00:00,2025-12-12 04:00:00
SHP-65545,Amoxicillin,Delhi,hyderabad,Shadowfax,0,2025-09-04 00:00:00,2025-09-06 12:00:00
SHP-43881,Amoxicillin,Chennai,Hyderabad,Shadowfax,1,25/10/2025 00:00,2025-10-25 19:00:00
SHP-79328,Humira (Adalimumab),Chennai,Bangalore,Delhivery,0,2025-03-26 00:00:00,2025-03-27 00:00:00
SHP-37213,Amoxicillin,Bangalore,Chennai,,0,2025-06-15 00:00:00,2025-06-15 12:00:00
SHP-98799,COVID-19 mRNA Vaccine,Chennai,Hyderabad ,DHL,0,2025-07-16 00:00:00,2025-07-17 09:00:00
SHP-55816,COVID-19 mRNA Vaccine,Bangalore,Mumbai,Shadowfax,0,2025-09-18 00:00:00,2025-09-20 23:00:00
SHP-98829,COVID-19 mRNA Vaccine,Hyderabad,bangalore ,DHL,0,2025-10-24 00:00:00,2025-10-26 01:00:00
SHP-31582,Humira (Adalimumab),Hyderabad,Delhi,DHL,0,2025-07-24 00:00:00,2025-07-24 20:00:00
SHP-23085,Amoxicillin,Hyderabad,Chennai,BlueDart,0,04/01/2025 00:00,2025-01-06 05:00:00
SHP-13425,Amoxicillin,Mumbai,Chennai,,0,2025-05-11 00:00:00,2025-05-12 19:00:00
SHP-97420,Insulin Glargine,Mumbai,mumbai,FedEx,0,2025-12-22 00:00:00,2025-12-22 13:00:00
SHP-36734,Insulin Glargine,Bangalore,Delhi,BlueDart,0,2025-12-01 00:00:00,2025-12-02 21:00:00
SHP-33716,Amoxicillin,Chennai,Delhi,FedEx,0,2025-03-11 00:00:00,2025-03-12 08:00:00
SHP-14702,Amoxicillin,Chennai,Bangalore,DHL,0,2025-06-19 00:00:00,2025-06-20 22:00:00
SHP-94934,Amoxicillin,Hyderabad,Chennai ,BlueDart,0,2025-03-02 00:00:00,2025-03-03 00:00:00
SHP-41191,Humira (Adalimumab),Delhi,Hyderabad,Shadowfax,0,2025-08-02 00:00:00,2025-08-03 14:00:00
SHP-73105,Amoxicillin,Mumbai,Mumbai,Shadowfax,0,2025-03-06 00:00:00,2025-03-08 14:00:00
SHP-20748,Insulin Glargine,Mumbai,Mumbai,FedEx,0,2025-12-01 00:00:00,2025-12-03 17:00:00
SHP-12236,Humira (Adalimumab),Hyderabad,Mumbai,DHL,0,2025-02-04 00:00:00,2025-02-05 08:00:00
SHP-20742,Amoxicillin,Mumbai,Mumbai,FedEx,0,2025-01-27 00:00:00,2025-01-29 07:00:00
SHP-14056,Insulin Glargine,Hyderabad,hyderabad,Delhivery,0,16/02/2025 00:00,2025-02-16 17:00:00
SHP-31360,Humira (Adalimumab),Bangalore,Hyderabad,Shadowfax,0,2025-06-19 00:00:00,2025-06-20 06:00:00
SHP-80643,Amoxicillin,Chennai,Bangalore,BlueDart,0,2025-11-15 00:00:00,2025-11-15 15:00:00
SHP-20221,Amoxicillin,Delhi,Chennai,BlueDart,0,2025-08-13 00:00:00,2025-08-13 17:00:00
SHP-76419,Amoxicillin,Chennai,Hyderabad,BlueDart,0,2025-10-01 00:00:00,2025-10-01 15:00:00
SHP-91876,Humira (Adalimumab),Chennai,Bangalore,Shadowfax,0,06/05/2025 00:00,2025-05-08 08:00:00
SHP-64102,Insulin Glargine,Bangalore,delhi ,DHL,0,2025-10-22 00:00:00,2025-10-23 14:00:00
SHP-66322,Insulin Glargine,Mumbai,Chennai,Shadowfax,0,2025-04-21 00:00:00,2025-04-21 13:00:00
SHP-86889,COVID-19 mRNA Vaccine,Delhi,Hyderabad,Shadowfax,0,2025-04-26 00:00:00,2025-04-28 03:00:00
SHP-49169,Amoxicillin,Mumbai,Delhi ,BlueDart,0,2025-07-08 00:00:00,2025-07-09 22:00:00
SHP-53182,COVID-19 mRNA Vaccine,Chennai,Bangalore,Shadowfax,0,2025-05-11 00:00:00,2025-05-11 23:00:00
SHP-31896,COVID-19 mRNA Vaccine,Hyderabad,Hyderabad,BlueDart,0,2025-01-01 00:00:00,2025-01-03 14:00:00
SHP-18041,Insulin Glargine,Chennai,Hyderabad,DHL,0,2025-12-01 00:00:00,2025-12-02 03:00:00
SHP-11659,Humira (Adalimumab),Mumbai,Delhi,Delhivery,0,30/06/2025 00:00,2025-07-01 03:00:00
SHP-66872,Humira (Adalimumab),Chennai,Hyderabad,BlueDart,0,2025-06-12 00:00:00,2025-06-12 17:00:00
SHP-11853,Insulin Glargine,Hyderabad,Mumbai,FedEx,0,2025-12-25 00:00:00,2025-12-26 22:00:00
SHP-55994,Humira (Adalimumab),Bangalore,Hyderabad,Delhivery,0,02/03/2025 00:00,2025-03-02 18:00:00
SHP-28051,COVID-19 mRNA Vaccine,Mumbai,Chennai,DHL,0,2025-10-25 00:00:00,2025-10-25 18:00:00
SHP-13295,Amoxicillin,Chennai,Delhi,Delhivery,0,27/09/2025 00:00,2025-09-28 04:00:00
SHP-59771,Insulin Glargine,Mumbai,Chennai ,BlueDart,0,2025-06-25 00:00:00,2025-06-27 13:00:00
SHP-61598,Amoxicillin,Bangalore,Bangalore,DHL,0,2025-11-21 00:00:00,2025-11-23 10:00:00
SHP-30748,Humira (Adalimumab),Chennai,Chennai,FedEx,0,2025-05-11 00:00:00,2025-05-12 20:00:00
SHP-11881,Amoxicillin,Chennai,Mumbai ,BlueDart,0,2025-07-28 00:00:00,2025-07-28 21:00:00
SHP-63371,Humira (Adalimumab),Mumbai,Mumbai,BlueDart,0,2025-04-24 00:00:00,2025-04-25 10:00:00
SHP-12429,Humira (Adalimumab),Mumbai,Chennai ,DHL,0,2025-10-15 00:00:00,2025-10-17 10:00:00
SHP-76329,COVID-19 mRNA Vaccine,Hyderabad,Bangalore ,DHL,0,2025-08-17 00:00:00,2025-08-18 07:00:00
SHP-68295,Humira (Adalimumab),Bangalore,Hyderabad,Delhivery,0,18/09/2025 00:00,2025-09-19 13:00:00
SHP-92258,COVID-19 mRNA Vaccine,Hyderabad,Mumbai,FedEx,0,2025-01-13 00:00:00,2025-01-15 19:00:00
SHP-11353,COVID-19 mRNA Vaccine,Chennai,Chennai,Delhivery,1,2025-05-19 00:00:00,2025-05-20 22:00:00
SHP-77304,COVID-19 mRNA Vaccine,Mumbai,Chennai,Delhivery,0,2025-02-03 00:00:00,2025-02-04 01:00:00
SHP-41435,Insulin Glargine,Chennai,chennai,BlueDart,0,2025-11-05 00:00:00,2025-11-05 15:00:00
SHP-61244,Insulin Glargine,Chennai,Hyderabad,DHL,0,25/03/2025 00:00,2025-03-26 07:00:00
SHP-77576,Humira (Adalimumab),Delhi,Delhi ,BlueDart,1,2025-01-22 00:00:00,2025-01-25 00:00:00
SHP-47787,COVID-19 mRNA Vaccine,Delhi,Bangalore,FedEx,1,29/09/2025 00:00,2025-09-29 21:00:00
SHP-59415,Insulin Glargine,Chennai,delhi,Delhivery,0,2025-09-07 00:00:00,2025-09-08 06:00:00
SHP-28785,COVID-19 mRNA Vaccine,Mumbai,Bangalore,FedEx,0,21/04/2025 00:00,2025-04-22 16:00:00
SHP-56350,Amoxicillin,Chennai,Bangalore,DHL,0,2025-10-09 00:00:00,2025-10-11 20:00:00
SHP-83546,Amoxicillin,Delhi,chennai,DHL,0,2025-02-21 00:00:00,2025-02-21 19:00:00
SHP-48296,Amoxicillin,Mumbai,Mumbai,Shadowfax,0,2025-03-14 00:00:00,2025-03-14 13:00:00
SHP-68853,Humira (Adalimumab),Chennai,Chennai,FedEx,0,07/01/2025 00:00,2025-01-08 05:00:00
SHP-74949,COVID-19 mRNA Vaccine,Bangalore,Hyderabad,BlueDart,0,2025-04-06 00:00:00,2025-04-07 04:00:00
SHP-39014,Amoxicillin,Bangalore,Bangalore,FedEx,0,08/08/2025 00:00,2025-08-10 09:00:00
SHP-44403,Insulin Glargine,Chennai,Mumbai,Delhivery,0,2025-06-13 00:00:00,2025-06-14 18:00:00
SHP-32819,Amoxicillin,Mumbai,Bangalore,DHL,0,2025-09-24 00:00:00,2025-09-25 11:00:00
SHP-59186,Amoxicillin,Chennai,bangalore,DHL,0,2025-08-31 00:00:00,2025-09-01 17:00:00
SHP-64450,Amoxicillin,Chennai,Chennai,FedEx,0,2025-07-17 00:00:00,2025-07-17 20:00:00
SHP-57434,Humira (Adalimumab),Delhi,Mumbai,FedEx,0,2025-07-21 00:00:00,2025-07-22 03:00:00
SHP-27352,Insulin Glargine,Bangalore,Mumbai,FedEx,0,2025-05-30 00:00:00,2025-05-31 22:00:00
SHP-12754,COVID-19 mRNA Vaccine,Delhi,Bangalore,Delhivery,0,2025-09-24 00:00:00,2025-09-26 03:00:00
SHP-32499,Insulin Glargine,Delhi,Mumbai,Delhivery,0,2025-08-22 00:00:00,2025-08-23 07:00:00
SHP-52035,COVID-19 mRNA Vaccine,Chennai,Mumbai ,BlueDart,0,2025-11-25 00:00:00,2025-11-27 06:00:00
SHP-61894,Humira (Adalimumab),Delhi,Chennai,FedEx,0,20/03/2025 00:00,2025-03-21 12:00:00
SHP-40357,Humira (Adalimumab),Bangalore,Delhi,BlueDart,0,08/11/2025 00:00,2025-11-10 19:00:00
SHP-85428,Humira (Adalimumab),Delhi,Hyderabad ,Shadowfax,0,2025-06-11 00:00:00,2025-06-13 16:00:00
SHP-21531,Humira (Adalimumab),Bangalore,Delhi,Delhivery,1,2025-11-12 00:00:00,2025-11-14 22:00:00
SHP-67142,COVID-19 mRNA Vaccine,Delhi,Mumbai,,0,2025-04-01 00:00:00,2025-04-04 00:00:00
SHP-11281,Amoxicillin,Bangalore,Bangalore ,Shadowfax,0,2025-12-05 00:00:00,2025-12-05 21:00:00
SHP-76933,COVID-19 mRNA Vaccine,Delhi,Hyderabad ,DHL,0,2025-10-07 00:00:00,2025-10-08 07:00:00
SHP-98811,Insulin Glargine,Delhi,Hyderabad,Shadowfax,0,2025-06-09 00:00:00,2025-06-11 07:00:00
SHP-53066,Humira (Adalimumab),Mumbai,bangalore,BlueDart,1,2025-08-10 00:00:00,2025-08-12 18:00:00
SHP-73323,Humira (Adalimumab),Bangalore,Hyderabad,BlueDart,0,2025-11-06 00:00:00,2025-11-07 08:00:00
SHP-78304,Insulin Glargine,Bangalore,Bangalore,Delhivery,0,2025-12-12 00:00:00,2025-12-13 03:00:00
SHP-10165,COVID-19 mRNA Vaccine,Bangalore,Hyderabad,DHL,0,25/09/2025 00:00,2025-09-27 20:00:00
SHP-49022,Amoxicillin,Hyderabad,delhi,Shadowfax,0,2025-04-24 00:00:00,2025-04-27 00:00:00
SHP-52034,Amoxicillin,Delhi,Hyderabad ,FedEx,0,10/08/2025 00:00,2025-08-10 23:00:00
SHP-30129,Insulin Glargine,Bangalore,Chennai,FedEx,0,2025-09-13 00:00:00,2025-09-13 18:00:00
SHP-18972,Amoxicillin,Hyderabad,Bangalore,Delhivery,0,2025-12-25 00:00:00,2025-12-27 14:00:00
SHP-26698,COVID-19 mRNA Vaccine,Mumbai,Hyderabad,DHL,0,2025-08-12 00:00:00,2025-08-13 21:00:00
SHP-25923,COVID-19 mRNA Vaccine,Bangalore,Bangalore,FedEx,0,2025-05-13 00:00:00,2025-05-14 11:00:00
SHP-60830,Insulin Glargine,Bangalore,Chennai,Delhivery,0,2025-02-17 00:00:00,2025-02-18 03:00:00
SHP-96595,COVID-19 mRNA Vaccine,Hyderabad,hyderabad,Delhivery,0,2025-07-21 00:00:00,2025-07-22 17:00:00
SHP-28751,Humira (Adalimumab),Delhi,Hyderabad,DHL,0,2025-11-30 00:00:00,2025-12-01 06:00:00
SHP-59762,Insulin Glargine,Mumbai,Chennai ,FedEx,1,09/03/2025 00:00,2025-03-10 17:00:00
SHP-78015,COVID-19 mRNA Vaccine,Bangalore,Chennai ,FedEx,1,27/08/2025 00:00,2025-08-28 16:00:00
SHP-99465,Insulin Glargine,Delhi,Chennai ,FedEx,0,28/04/2025 00:00,2025-04-29 02:00:00
SHP-78195,Amoxicillin,Mumbai,Bangalore,BlueDart,0,03/04/2025 00:00,2025-04-03 14:00:00
SHP-39723,COVID-19 mRNA Vaccine,Chennai,Chennai,FedEx,0,2025-07-07 00:00:00,2025-07-08 19:00:00
SHP-61010,Humira (Adalimumab),Chennai,Bangalore,Shadowfax,0,2025-12-02 00:00:00,2025-12-03 15:00:00
SHP-92071,COVID-19 mRNA Vaccine,Mumbai,Delhi,BlueDart,0,2025-02-14 00:00:00,2025-02-16 06:00:00
SHP-20808,Insulin Glargine,Hyderabad,Hyderabad,BlueDart,0,2025-09-09 00:00:00,2025-09-11 07:00:00
SHP-23442,Insulin Glargine,Mumbai,Hyderabad,BlueDart,0,2025-09-01 00:00:00,2025-09-03 20:00:00
SHP-30769,COVID-19 mRNA Vaccine,Mumbai,mumbai ,BlueDart,0,2025-04-22 00:00:00,2025-04-23 19:00:00
SHP-24653,Humira (Adalimumab),Hyderabad,Delhi ,Delhivery,0,2025-07-28 00:00:00,2025-07-30 03:00:00
SHP-67074,Humira (Adalimumab),Hyderabad,Chennai,Shadowfax,0,2025-12-01 00:00:00,2025-12-02 01:00:00
SHP-36272,Humira (Adalimumab),Delhi,Chennai,DHL,0,2025-08-25 00:00:00,2025-08-26 07:00:00
SHP-12388,Insulin Glargine,Delhi,Delhi,FedEx,0,2025-04-13 00:00:00,2025-04-15 10:00:00
SHP-73265,COVID-19 mRNA Vaccine,Hyderabad,Chennai,BlueDart,0,2025-11-24 00:00:00,2025-11-24 15:00:00
SHP-49079,Amoxicillin,Chennai,Mumbai,DHL,0,2025-07-10 00:00:00,2025-07-11 04:00:00
SHP-67606,Insulin Glargine,Chennai,Bangalore ,Delhivery,0,2025-08-21 00:00:00,2025-08-23 04:00:00
SHP-48827,Humira (Adalimumab),Mumbai,Hyderabad,DHL,0,23/06/2025 00:00,2025-06-24 19:00:00
SHP-50205,COVID-19 mRNA Vaccine,Bangalore,Delhi,BlueDart,0,2025-09-07 00:00:00,2025-09-09 05:00:00
SHP-11771,Humira (Adalimumab),Mumbai,Hyderabad ,Shadowfax,0,2025-03-12 00:00:00,2025-03-13 05:00:00
SHP-59132,Amoxicillin,Mumbai,Bangalore,DHL,0,2025-08-10 00:00:00,2025-08-11 17:00:00
SHP-86518,Humira (Adalimumab),Bangalore,Delhi,BlueDart,0,2025-07-01 00:00:00,2025-07-01 20:00:00
SHP-77560,Humira (Adalimumab),Hyderabad,Bangalore ,,0,2025-10-28 00:00:00,2025-10-30 18:00:00
SHP-26526,Amoxicillin,Chennai,Chennai,FedEx,1,2025-01-21 00:00:00,2025-01-22 12:00:00
SHP-36362,COVID-19 mRNA Vaccine,Mumbai,Chennai ,FedEx,0,2025-02-06 00:00:00,2025-02-07 15:00:00
SHP-38890,Insulin Glargine,Bangalore,Chennai,Shadowfax,0,2025-01-06 00:00:00,2025-01-07 14:00:00
SHP-75839,COVID-19 mRNA Vaccine,Delhi,Bangalore,FedEx,0,2025-01-03 00:00:00,2025-01-03 17:00:00
SHP-51620,Amoxicillin,Mumbai,bangalore,Shadowfax,0,2025-06-06 00:00:00,2025-06-06 21:00:00
SHP-90484,Humira (Adalimumab),Chennai,bangalore,Delhivery,0,2025-10-13 00:00:00,2025-10-13 21:00:00
SHP-85002,COVID-19 mRNA Vaccine,Hyderabad,Hyderabad,Delhivery,0,22/04/2025 00:00,2025-04-24 16:00:00
SHP-60297,Insulin Glargine,Mumbai,Bangalore,FedEx,0,2025-03-15 00:00:00,2025-03-17 19:00:00
SHP-97072,Amoxicillin,Mumbai,Chennai,Delhivery,0,2025-03-18 00:00:00,2025-03-18 12:00:00
SHP-39682,COVID-19 mRNA Vaccine,Bangalore,mumbai,DHL,0,2025-07-22 00:00:00,2025-07-22 16:00:00
SHP-50404,Insulin Glargine,Delhi,Bangalore ,DHL,0,29/10/2025 00:00,2025-10-30 07:00:00
SHP-49503,Amoxicillin,Delhi,Mumbai,DHL,0,2025-06-24 00:00:00,2025-06-26 04:00:00
SHP-74539,Insulin Glargine,Hyderabad,Chennai,Delhivery,0,2025-05-23 00:00:00,2025-05-25 18:00:00
SHP-97784,Amoxicillin,Chennai,Bangalore,DHL,0,2025-03-31 00:00:00,2025-03-31 12:00:00
SHP-41925,Humira (Adalimumab),Hyderabad,Hyderabad,Shadowfax,0,2025-11-16 00:00:00,2025-11-16 15:00:00
SHP-44849,COVID-19 mRNA Vaccine,Mumbai,Hyderabad,BlueDart,0,2025-03-06 00:00:00,2025-03-07 04:00:00
SHP-93253,Insulin Glargine,Mumbai,Mumbai ,FedEx,0,2025-11-03 00:00:00,2025-11-05 13:00:00
SHP-59513,Amoxicillin,Delhi,Hyderabad,Shadowfax,0,03/11/2025 00:00,2025-11-06 00:00:00
SHP-19282,Insulin Glargine,Chennai,Hyderabad,DHL,0,2025-09-18 00:00:00,2025-09-19 02:00:00
SHP-56127,Insulin Glargine,Bangalore,Hyderabad,BlueDart,0,2025-07-16 00:00:00,2025-07-17 13:00:00
SHP-20963,COVID-19 mRNA Vaccine,Chennai,Chennai,FedEx,1,2025-02-24 00:00:00,2025-02-26 09:00:00
SHP-46100,Humira (Adalimumab),Mumbai,Hyderabad,Shadowfax,0,2025-11-20 00:00:00,2025-11-22 23:00:00
SHP-39745,Insulin Glargine,Bangalore,Delhi,FedEx,0,2025-07-01 00:00:00,2025-07-02 08:00:00
SHP-66441,Amoxicillin,Chennai,Bangalore,Delhivery,0,2025-05-02 00:00:00,2025-05-04 13:00:00
SHP-25226,Amoxicillin,Chennai,Hyderabad ,,0,2025-09-06 00:00:00,2025-09-06 13:00:00
SHP-81311,Humira (Adalimumab),Bangalore,hyderabad ,Shadowfax,0,2025-12-28 00:00:00,2025-12-30 15:00:00
SHP-98016,Amoxicillin,Mumbai,Hyderabad,Shadowfax,0,2025-10-08 00:00:00,2025-10-10 13:00:00
SHP-16140,Humira (Adalimumab),Chennai,Delhi,BlueDart,0,2025-02-05 00:00:00,2025-02-06 03:00:00
SHP-65465,Amoxicillin,Bangalore,Hyderabad,BlueDart,0,2025-01-03 00:00:00,2025-01-03 18:00:00
SHP-41738,COVID-19 mRNA Vaccine,Mumbai,Hyderabad,BlueDart,0,2025-05-13 00:00:00,2025-05-13 20:00:00
SHP-94595,Insulin Glargine,Bangalore,Bangalore,FedEx,0,07/10/2025 00:00,2025-10-09 02:00:00
SHP-79420,COVID-19 mRNA Vaccine,Bangalore,Delhi,DHL,0,2025-10-25 00:00:00,2025-10-26 06:00:00
SHP-59737,Insulin Glargine,Chennai,delhi,FedEx,0,2025-05-13 00:00:00,2025-05-13 15:00:00
SHP-61396,Insulin Glargine,Mumbai,Hyderabad,,0,2025-03-23 00:00:00,2025-03-26 00:00:00
SHP-54764,Insulin Glargine,Chennai,Delhi ,Shadowfax,0,2025-10-04 00:00:00,2025-10-06 00:00:00
SHP-49709,COVID-19 mRNA Vaccine,Hyderabad,Mumbai ,FedEx,0,2025-02-04 00:00:00,2025-02-05 01:00:00
SHP-55042,Insulin Glargine,Hyderabad,Delhi ,FedEx,0,2025-06-20 00:00:00,2025-06-21 19:00:00
SHP-69151,COVID-19 mRNA Vaccine,Mumbai,Delhi ,FedEx,0,2025-05-23 00:00:00,2025-05-23 22:00:00
SHP-71155,Humira (Adalimumab),Bangalore,Delhi,Delhivery,0,2025-03-01 00:00:00,2025-03-03 10:00:00
SHP-17816,Amoxicillin,Chennai,Chennai,DHL,0,29/12/2025 00:00,2025-12-31 02:00:00
SHP-27390,Amoxicillin,Chennai,Chennai,DHL,0,2025-05-30 00:00:00,2025-05-30 17:00:00
SHP-60681,Insulin Glargine,Mumbai,chennai,FedEx,0,2025-07-10 00:00:00,2025-07-10 16:00:00
SHP-83909,COVID-19 mRNA Vaccine,Mumbai,Delhi,Delhivery,0,2025-09-05 00:00:00,2025-09-05 15:00:00
SHP-10963,Amoxicillin,Hyderabad,Mumbai,FedEx,0,2025-02-14 00:00:00,2025-02-16 05:00:00
SHP-77600,COVID-19 mRNA Vaccine,Delhi,Delhi,DHL,0,13/03/2025 00:00,2025-03-15 07:00:00
SHP-60561,COVID-19 mRNA Vaccine,Mumbai,Hyderabad ,Shadowfax,0,2025-11-11 00:00:00,2025-11-13 02:00:00
SHP-89485,Insulin Glargine,Delhi,Mumbai,Delhivery,0,2025-08-15 00:00:00,2025-08-17 06:00:00
SHP-70814,Amoxicillin,Mumbai,Chennai,Delhivery,0,2025-12-12 00:00:00,2025-12-13 05:00:00
SHP-31194,Insulin Glargine,Bangalore,Bangalore,FedEx,0,2025-01-12 00:00:00,2025-01-13 14:00:00
SHP-90780,Insulin Glargine,Bangalore,Mumbai,Shadowfax,0,2025-08-07 00:00:00,2025-08-09 12:00:00
SHP-11031,Amoxicillin,Hyderabad,Chennai,DHL,0,2025-04-01 00:00:00,2025-04-02 12:00:00
SHP-56266,Amoxicillin,Hyderabad,mumbai,BlueDart,0,2025-09-14 00:00:00,2025-09-16 19:00:00
SHP-84220,Humira (Adalimumab),Delhi,mumbai,DHL,0,2025-10-22 00:00:00,2025-10-24 17:00:00
SHP-38848,Humira (Adalimumab),Mumbai,Delhi,DHL,0,06/04/2025 00:00,2025-04-07 11:00:00
SHP-32958,COVID-19 mRNA Vaccine,Chennai,hyderabad,Shadowfax,0,17/10/2025 00:00,2025-10-17 15:00:00
SHP-97694,Amoxicillin,Hyderabad,Bangalore ,Delhivery,0,2025-09-24 00:00:00,2025-09-24 16:00:00
SHP-51749,Humira (Adalimumab),Chennai,Chennai,DHL,0,2025-11-17 00:00:00,2025-11-19 17:00:00
SHP-63020,COVID-19 mRNA Vaccine,Chennai,Mumbai ,Delhivery,0,2025-11-13 00:00:00,2025-11-15 08:00:00
SHP-70818,COVID-19 mRNA Vaccine,Mumbai,Bangalore,Shadowfax,0,2025-01-31 00:00:00,2025-02-02 14:00:00
SHP-47501,COVID-19 mRNA Vaccine,Delhi,Mumbai,Shadowfax,0,2025-02-13 00:00:00,2025-02-13 21:00:00
SHP-27239,Humira (Adalimumab),Mumbai,Hyderabad ,FedEx,0,2025-12-25 00:00:00,2025-12-26 04:00:00
SHP-83754,Amoxicillin,Hyderabad,Bangalore,BlueDart,1,2025-09-03 00:00:00,2025-09-03 20:00:00
SHP-69769,Insulin Glargine,Chennai,Chennai,Shadowfax,0,2025-09-28 00:00:00,2025-09-30 19:00:00
SHP-93794,COVID-19 mRNA Vaccine,Mumbai,Mumbai,Shadowfax,0,2025-07-13 00:00:00,2025-07-15 08:00:00
SHP-87183,Humira (Adalimumab),Mumbai,Hyderabad,Delhivery,0,2025-11-17 00:00:00,2025-11-17 18:00:00
SHP-50807,Humira (Adalimumab),Mumbai,Bangalore,Shadowfax,0,2025-07-14 00:00:00,2025-07-16 08:00:00
SHP-11077,Insulin Glargine,Hyderabad,Mumbai,DHL,0,29/04/2025 00:00,2025-05-01 14:00:00
SHP-93402,Insulin Glargine,Delhi,Mumbai ,,0,2025-11-18 00:00:00,2025-11-19 13:00:00
SHP-95434,Humira (Adalimumab),Mumbai,Chennai,FedEx,0,2025-09-16 00:00:00,2025-09-17 10:00:00
SHP-19334,Amoxicillin,Hyderabad,Hyderabad ,DHL,0,2025-09-14 00:00:00,2025-09-15 09:00:00
SHP-53043,Insulin Glargine,Chennai,Delhi,Shadowfax,0,17/11/2025 00:00,2025-11-20 00:00:00
SHP-85074,Humira (Adalimumab),Bangalore,Mumbai,BlueDart,0,2025-09-05 00:00:00,2025-09-07 13:00:00
SHP-18702,Insulin Glargine,Hyderabad,Bangalore,Shadowfax,0,2025-11-16 00:00:00,2025-11-16 21:00:00
SHP-16033,Amoxicillin,Bangalore,chennai,FedEx,0,2025-12-21 00:00:00,2025-12-23 06:00:00
SHP-51844,COVID-19 mRNA Vaccine,Mumbai,Chennai,BlueDart,0,29/08/2025 00:00,2025-08-30 18:00:00
SHP-81360,Insulin Glargine,Mumbai,Mumbai,Delhivery,0,03/12/2025 00:00,2025-12-04 19:00:00
SHP-92167,Amoxicillin,Hyderabad,Mumbai,Delhivery,0,2025-10-12 00:00:00,2025-10-14 08:00:00
SHP-66307,Humira (Adalimumab),Bangalore,Mumbai,Shadowfax,0,2025-08-06 00:00:00,2025-08-07 12:00:00
SHP-87581,Insulin Glargine,Mumbai,Delhi,Shadowfax,0,2025-08-10 00:00:00,2025-08-10 19:00:00
SHP-89495,Insulin Glargine,Chennai,Mumbai ,BlueDart,0,2025-07-08 00:00:00,2025-07-10 19:00:00
SHP-77347,Humira (Adalimumab),Delhi,Hyderabad,BlueDart,0,2025-02-28 00:00:00,2025-03-02 00:00:00
SHP-30131,COVID-19 mRNA Vaccine,Delhi,Bangalore,Shadowfax,0,2025-11-30 00:00:00,2025-12-02 09:00:00
SHP-30524,Humira (Adalimumab),Mumbai,mumbai,FedEx,0,2025-04-05 00:00:00,2025-04-05 22:00:00
SHP-60221,Insulin Glargine,Bangalore,Delhi,Delhivery,0,2025-06-10 00:00:00,2025-06-10 13:00:00
SHP-67818,Humira (Adalimumab),Mumbai,Bangalore ,BlueDart,0,2025-11-02 00:00:00,2025-11-02 18:00:00
SHP-36613,Amoxicillin,Bangalore,Chennai,FedEx,0,2025-07-30 00:00:00,2025-07-31 11:00:00
SHP-55521,Humira (Adalimumab),Chennai,Mumbai,Shadowfax,0,2025-06-16 00:00:00,2025-06-18 04:00:00
SHP-19916,Insulin Glargine,Bangalore,Bangalore,DHL,0,2025-04-03 00:00:00,2025-04-05 18:00:00
SHP-35139,Humira (Adalimumab),Mumbai,chennai,BlueDart,0,2025-06-02 00:00:00,2025-06-04 17:00:00
SHP-87964,COVID-19 mRNA Vaccine,Chennai,Delhi,DHL,1,2025-05-31 00:00:00,2025-05-31 14:00:00
SHP-10211,Humira (Adalimumab),Hyderabad,Hyderabad,FedEx,0,2025-12-29 00:00:00,2025-12-30 00:00:00
SHP-65848,COVID-19 mRNA Vaccine,Delhi,Mumbai,Delhivery,0,2025-10-22 00:00:00,2025-10-24 09:00:00
SHP-85359,Amoxicillin,Mumbai,Hyderabad,FedEx,0,2025-09-09 00:00:00,2025-09-09 23:00:00
SHP-20078,COVID-19 mRNA Vaccine,Mumbai,Delhi,Delhivery,0,2025-12-22 00:00:00,2025-12-22 23:00:00
SHP-66967,Humira (Adalimumab),Mumbai,Bangalore,FedEx,0,03/11/2025 00:00,2025-11-05 10:00:00
SHP-18279,Insulin Glargine,Chennai,Bangalore,BlueDart,0,2026-01-01 00:00:00,2026-01-02 10:00:00
SHP-33755,COVID-19 mRNA Vaccine,Hyderabad,Delhi,BlueDart,0,2025-08-19 00:00:00,2025-08-20 17:00:00
SHP-51158,Amoxicillin,Bangalore,Delhi ,DHL,0,2025-06-25 00:00:00,2025-06-26 23:00:00
SHP-98953,COVID-19 mRNA Vaccine,Hyderabad,Mumbai,FedEx,0,2025-01-06 00:00:00,2025-01-08 07:00:00
SHP-38524,COVID-19 mRNA Vaccine,Chennai,chennai ,FedEx,0,27/01/2025 00:00,2025-01-29 22:00:00
SHP-61747,COVID-19 mRNA Vaccine,Mumbai,Hyderabad,DHL,0,2025-07-18 00:00:00,2025-07-18 20:00:00
SHP-52876,Amoxicillin,Delhi,Hyderabad ,Shadowfax,0,2025-08-18 00:00:00,2025-08-20 21:00:00
SHP-59153,Humira (Adalimumab),Mumbai,Bangalore,FedEx,0,2025-07-17 00:00:00,2025-07-18 21:00:00
SHP-85566,COVID-19 mRNA Vaccine,Bangalore,Bangalore,FedEx,0,2025-03-15 00:00:00,2025-03-17 20:00:00
SHP-99231,COVID-19 mRNA Vaccine,Delhi,Mumbai,FedEx,0,2025-04-20 00:00:00,2025-04-21 03:00:00
SHP-90805,Insulin Glargine,Mumbai,Delhi,Shadowfax,0,2025-03-02 00:00:00,2025-03-04 08:00:00
SHP-88310,Amoxicillin,Delhi,Hyderabad,BlueDart,0,2025-03-22 00:00:00,2025-03-24 03:00:00
SHP-88549,COVID-19 mRNA Vaccine,Hyderabad,Mumbai,DHL,0,2025-12-03 00:00:00,2025-12-03 18:00:00
SHP-38491,Amoxicillin,Chennai,bangalore,Shadowfax,0,2025-11-01 00:00:00,2025-11-02 14:00:00
SHP-89140,COVID-19 mRNA Vaccine,Mumbai,Bangalore,Delhivery,0,22/12/2025 00:00,2025-12-24 23:00:00
SHP-46138,Humira (Adalimumab),Bangalore,Hyderabad,,0,28/01/2025 00:00,2025-01-28 19:00:00
SHP-60225,Humira (Adalimumab),Hyderabad,Bangalore ,Shadowfax,0,2025-07-27 00:00:00,2025-07-29 23:00:00
SHP-77649,COVID-19 mRNA Vaccine,Mumbai,Bangalore,Shadowfax,0,2025-02-12 00:00:00,2025-02-14 15:00:00
SHP-98413,Humira (Adalimumab),Hyderabad,Chennai,BlueDart,0,2025-09-20 00:00:00,2025-09-20 14:00:00
SHP-70895,COVID-19 mRNA Vaccine,Bangalore,Delhi ,Delhivery,0,2025-12-28 00:00:00,2025-12-30 17:00:00
SHP-84564,Humira (Adalimumab),Mumbai,Bangalore,DHL,1,2025-11-24 00:00:00,2025-11-26 20:00:00
SHP-57744,Insulin Glargine,Bangalore,Chennai,FedEx,1,2025-04-28 00:00:00,2025-04-29 20:00:00
SHP-13081,Insulin Glargine,Delhi,Mumbai ,FedEx,0,2025-11-09 00:00:00,2025-11-10 15:00:00
SHP-69101,Insulin Glargine,Bangalore,Bangalore,BlueDart,0,22/07/2025 00:00,2025-07-23 01:00:00
SHP-98580,Amoxicillin,Delhi,Mumbai,BlueDart,1,2025-12-07 00:00:00,2025-12-07 12:00:00
SHP-86085,Amoxicillin,Mumbai,Bangalore ,Delhivery,0,2025-01-12 00:00:00,2025-01-14 22:00:00
SHP-14671,Insulin Glargine,Delhi,Hyderabad,DHL,0,2025-10-28 00:00:00,2025-10-30 13:00:00
SHP-84388,Amoxicillin,Mumbai,Chennai ,DHL,0,16/10/2025 00:00,2025-10-16 21:00:00
SHP-44110,Humira (Adalimumab),Mumbai,Chennai,Shadowfax,0,2025-10-28 00:00:00,2025-10-30 02:00:00
SHP-63528,COVID-19 mRNA Vaccine,Chennai,Hyderabad,BlueDart,0,27/12/2025 00:00,2025-12-29 18:00:00
SHP-54928,COVID-19 mRNA Vaccine,Mumbai,Delhi,FedEx,0,2025-02-02 00:00:00,2025-02-03 08:00:00
SHP-16098,COVID-19 mRNA Vaccine,Delhi,Chennai,FedEx,0,2025-01-20 00:00:00,2025-01-21 13:00:00
SHP-79621,Insulin Glargine,Chennai,Mumbai,Delhivery,0,2025-09-30 00:00:00,2025-10-02 12:00:00
SHP-59341,Amoxicillin,Chennai,Chennai,FedEx,0,2025-03-02 00:00:00,2025-03-03 16:00:00
SHP-60859,Humira (Adalimumab),Mumbai,Delhi ,DHL,0,25/03/2025 00:00,2025-03-27 16:00:00
SHP-92137,Humira (Adalimumab),Bangalore,Mumbai,,0,2025-02-19 00:00:00,2025-02-20 12:00:00
SHP-16008,Insulin Glargine,Bangalore,mumbai ,BlueDart,0,07/01/2025 00:00,2025-01-09 02:00:00
SHP-22187,Humira (Adalimumab),Chennai,Hyderabad,Delhivery,0,2025-01-22 00:00:00,2025-01-24 02:00:00
SHP-50098,Humira (Adalimumab),Mumbai,Bangalore,FedEx,0,2025-06-02 00:00:00,2025-06-02 19:00:00
SHP-14497,Humira (Adalimumab),Bangalore,Hyderabad,BlueDart,0,2025-05-26 00:00:00,2025-05-26 15:00:00
SHP-79411,Humira (Adalimumab),Mumbai,Bangalore ,Shadowfax,0,2025-08-13 00:00:00,2025-08-15 08:00:00
SHP-96888,Amoxicillin,Mumbai,Hyderabad,Shadowfax,0,2025-07-13 00:00:00,2025-07-14 10:00:00
SHP-53038,Humira (Adalimumab),Chennai,Bangalore,FedEx,0,2025-06-13 00:00:00,2025-06-14 23:00:00
SHP-58919,COVID-19 mRNA Vaccine,Chennai,Chennai,FedEx,0,12/01/2025 00:00,2025-01-13 10:00:00
SHP-58192,Insulin Glargine,Hyderabad,Mumbai,FedEx,0,2025-03-28 00:00:00,2025-03-29 15:00:00
SHP-26328,Amoxicillin,Bangalore,Bangalore,DHL,0,2025-09-17 00:00:00,2025-09-18 19:00:00
SHP-45480,Humira (Adalimumab),Bangalore,Chennai,FedEx,0,2025-05-04 00:00:00,2025-05-06 19:00:00
SHP-54563,Amoxicillin,Bangalore,Delhi ,,0,16/03/2025 00:00,2025-03-16 20:00:00
SHP-22306,Humira (Adalimumab),Delhi,Hyderabad,FedEx,0,2025-10-18 00:00:00,2025-10-18 22:00:00
SHP-38354,COVID-19 mRNA Vaccine,Mumbai,Delhi,Delhivery,0,2025-08-02 00:00:00,2025-08-02 21:00:00
SHP-92528,Insulin Glargine,Chennai,Chennai,Shadowfax,0,11/03/2025 00:00,2025-03-13 06:00:00
SHP-90592,Humira (Adalimumab),Bangalore,Delhi,Delhivery,0,2025-08-05 00:00:00,2025-08-07 03:00:00
SHP-60014,Humira (Adalimumab),Hyderabad,Delhi,Shadowfax,0,2025-03-26 00:00:00,2025-03-28 05:00:00
SHP-45735,Humira (Adalimumab),Bangalore,Chennai,BlueDart,0,2025-02-06 00:00:00,2025-02-07 18:00:00
SHP-84627,Humira (Adalimumab),Mumbai,Mumbai,Shadowfax,0,2025-07-26 00:00:00,2025-07-27 18:00:00
SHP-12712,Insulin Glargine,Mumbai,Bangalore,Shadowfax,0,2025-04-24 00:00:00,2025-04-26 08:00:00
SHP-82881,Insulin Glargine,Chennai,Hyderabad,Delhivery,0,2025-07-11 00:00:00,2025-07-12 16:00:00
SHP-65178,COVID-19 mRNA Vaccine,Delhi,Bangalore,Delhivery,0,2025-09-07 00:00:00,2025-09-07 19:00:00
SHP-38185,Insulin Glargine,Chennai,hyderabad,Shadowfax,0,2025-11-13 00:00:00,2025-11-15 01:00:00
SHP-67511,Humira (Adalimumab),Bangalore,Bangalore ,Shadowfax,0,2025-06-11 00:00:00,2025-06-11 17:00:00
SHP-22215,COVID-19 mRNA Vaccine,Hyderabad,Delhi,DHL,0,2025-05-14 00:00:00,2025-05-16 09:00:00
SHP-39424,COVID-19 mRNA Vaccine,Chennai,Mumbai,BlueDart,0,2025-04-20 00:00:00,2025-04-21 12:00:00
SHP-67034,COVID-19 mRNA Vaccine,Delhi,Delhi,,1,2025-02-17 00:00:00,2025-02-18 16:00:00
SHP-74187,Humira (Adalimumab),Chennai,Mumbai,FedEx,0,2025-04-30 00:00:00,2025-05-01 23:00:00
SHP-54167,Amoxicillin,Mumbai,Chennai,Shadowfax,1,13/06/2025 00:00,2025-06-15 23:00:00
SHP-32134,Humira (Adalimumab),Bangalore,Hyderabad,Shadowfax,0,2025-06-02 00:00:00,2025-06-03 23:00:00
SHP-44745,Insulin Glargine,Bangalore,hyderabad,Shadowfax,0,2025-06-29 00:00:00,2025-06-30 07:00:00
SHP-90649,Insulin Glargine,Bangalore,Chennai,Shadowfax,0,2025-04-02 00:00:00,2025-04-04 09:00:00
SHP-59291,Humira (Adalimumab),Bangalore,Bangalore,BlueDart,0,2025-09-22 00:00:00,2025-09-23 09:00:00
SHP-83334,Humira (Adalimumab),Bangalore,Chennai,Delhivery,0,2025-07-11 00:00:00,2025-07-13 06:00:00
SHP-65139,COVID-19 mRNA Vaccine,Bangalore,Chennai ,DHL,0,2025-10-01 00:00:00,2025-10-02 02:00:00
SHP-14196,Humira (Adalimumab),Hyderabad,Mumbai,Delhivery,1,2025-03-30 00:00:00,2025-04-01 14:00:00
SHP-20157,COVID-19 mRNA Vaccine,Delhi,Chennai,Delhivery,0,2025-03-11 00:00:00,2025-03-13 00:00:00
SHP-47234,Insulin Glargine,Bangalore,Hyderabad,BlueDart,0,2025-08-04 00:00:00,2025-08-06 04:00:00
SHP-72706,COVID-19 mRNA Vaccine,Delhi,Delhi,DHL,0,2025-12-17 00:00:00,2025-12-19 20:00:00
SHP-97216,Humira (Adalimumab),Bangalore,Mumbai,Shadowfax,1,2025-05-26 00:00:00,2025-05-27 10:00:00
SHP-60662,Insulin Glargine,Chennai,Mumbai,BlueDart,0,30/07/2025 00:00,2025-08-01 12:00:00
SHP-30001,Amoxicillin,Bangalore,Bangalore ,BlueDart,0,2025-11-28 00:00:00,2025-11-30 02:00:00
SHP-21901,COVID-19 mRNA Vaccine,Mumbai,Delhi,DHL,0,2025-07-18 00:00:00,2025-07-19 03:00:00
SHP-99213,Insulin Glargine,Hyderabad,Mumbai,FedEx,0,2025-12-29 00:00:00,2025-12-29 21:00:00
SHP-65297,COVID-19 mRNA Vaccine,Chennai,Chennai ,BlueDart,1,21/09/2025 00:00,2025-09-22 06:00:00
SHP-31603,Insulin Glargine,Chennai,Mumbai,Delhivery,0,22/01/2025 00:00,2025-01-23 08:00:00
SHP-56035,Insulin Glargine,Mumbai,Mumbai ,Delhivery,0,2025-06-26 00:00:00,2025-06-28 06:00:00
SHP-37499,COVID-19 mRNA Vaccine,Bangalore,Mumbai,Shadowfax,0,2025-04-24 00:00:00,2025-04-26 09:00:00
SHP-72501,Amoxicillin,Hyderabad,Bangalore ,BlueDart,0,2025-03-29 00:00:00,2025-03-31 12:00:00
SHP-75109,Insulin Glargine,Chennai,Mumbai,Shadowfax,0,2025-06-24 00:00:00,2025-06-26 18:00:00
SHP-74292,Insulin Glargine,Hyderabad,Mumbai ,BlueDart,0,2025-11-08 00:00:00,2025-11-10 08:00:00
SHP-91679,Insulin Glargine,Chennai,Bangalore,DHL,0,22/11/2025 00:00,2025-11-24 08:00:00
SHP-54928,Amoxicillin,Bangalore,Delhi,BlueDart,0,2025-04-30 00:00:00,2025-04-30 22:00:00
SHP-65106,Amoxicillin,Chennai,Hyderabad,FedEx,0,2025-03-13 00:00:00,2025-03-13 22:00:00
SHP-40408,Humira (Adalimumab),Chennai,Bangalore ,Delhivery,0,2025-09-07 00:00:00,2025-09-08 02:00:00
SHP-61777,COVID-19 mRNA Vaccine,Delhi,Bangalore,DHL,1,01/01/2025 00:00,2025-01-03 08:00:00
SHP-45908,Amoxicillin,Bangalore,Mumbai,,1,31/08/2025 00:00,2025-09-02 18:00:00
SHP-58094,COVID-19 mRNA Vaccine,Mumbai,mumbai,Shadowfax,0,04/10/2025 00:00,2025-10-04 22:00:00
SHP-15021,Humira (Adalimumab),Mumbai,hyderabad ,DHL,0,13/03/2025 00:00,2025-03-15 04:00:00
SHP-85868,COVID-19 mRNA Vaccine,Bangalore,Mumbai,FedEx,0,2025-11-03 00:00:00,2025-11-04 21:00:00
SHP-84838,Amoxicillin,Mumbai,Chennai,Delhivery,0,06/07/2025 00:00,2025-07-08 03:00:00
SHP-57396,COVID-19 mRNA Vaccine,Bangalore,Mumbai ,BlueDart,0,2025-08-11 00:00:00,2025-08-11 20:00:00
SHP-10733,Amoxicillin,Mumbai,Mumbai,BlueDart,0,2025-06-02 00:00:00,2025-06-02 21:00:00
SHP-64770,COVID-19 mRNA Vaccine,Delhi,Chennai,BlueDart,0,27/05/2025 00:00,2025-05-27 23:00:00
SHP-69992,Amoxicillin,Mumbai,Hyderabad,DHL,0,2025-03-28 00:00:00,2025-03-30 22:00:00
SHP-62791,Amoxicillin,Chennai,Chennai,FedEx,0,12/11/2025 00:00,2025-11-14 05:00:00
SHP-84065,COVID-19 mRNA Vaccine,Bangalore,Bangalore,FedEx,0,2025-09-26 00:00:00,2025-09-26 13:00:00
SHP-49354,Humira (Adalimumab),Hyderabad,Chennai,FedEx,0,2025-03-27 00:00:00,2025-03-28 08:00:00
SHP-25143,Insulin Glargine,Hyderabad,Delhi,Delhivery,0,2025-12-28 00:00:00,2025-12-30 18:00:00
SHP-26244,Humira (Adalimumab),Bangalore,Bangalore,DHL,0,2025-11-25 00:00:00,2025-11-25 15:00:00
SHP-63984,COVID-19 mRNA Vaccine,Delhi,Mumbai,BlueDart,0,2025-09-12 00:00:00,2025-09-13 06:00:00
SHP-66531,Humira (Adalimumab),Mumbai,Bangalore ,Delhivery,0,2025-09-13 00:00:00,2025-09-14 19:00:00
SHP-33043,Amoxicillin,Delhi,Hyderabad ,FedEx,0,2025-11-05 00:00:00,2025-11-06 23:00:00
SHP-56877,Insulin Glargine,Hyderabad,Hyderabad,BlueDart,0,17/07/2025 00:00,2025-07-19 10:00:00
SHP-45091,COVID-19 mRNA Vaccine,Bangalore,Chennai,DHL,0,2025-10-14 00:00:00,2025-10-16 14:00:00
SHP-50618,COVID-19 mRNA Vaccine,Bangalore,bangalore,Shadowfax,0,2025-09-23 00:00:00,2025-09-25 19:00:00
SHP-57507,COVID-19 mRNA Vaccine,Delhi,Mumbai,FedEx,1,2025-02-28 00:00:00,2025-03-01 01:00:00
SHP-19862,Insulin Glargine,Delhi,Hyderabad,FedEx,0,2025-03-29 00:00:00,2025-03-30 14:00:00
SHP-99156,Amoxicillin,Mumbai,Mumbai,FedEx,0,2025-05-29 00:00:00,2025-06-01 00:00:00
SHP-23574,COVID-19 mRNA Vaccine,Chennai,Delhi,FedEx,0,2025-02-05 00:00:00,2025-02-05 20:00:00
SHP-13178,Humira (Adalimumab),Chennai,Hyderabad,BlueDart,0,31/10/2025 00:00,2025-10-31 14:00:00
SHP-24421,COVID-19 mRNA Vaccine,Mumbai,Chennai,DHL,0,2025-01-04 00:00:00,2025-01-04 13:00:00
SHP-14190,COVID-19 mRNA Vaccine,Chennai,Delhi,Delhivery,0,2025-09-21 00:00:00,2025-09-23 07:00:00
SHP-24487,COVID-19 mRNA Vaccine,Hyderabad,Bangalore,BlueDart,0,2025-06-14 00:00:00,2025-06-15 17:00:00
SHP-80417,COVID-19 mRNA Vaccine,Chennai,Mumbai,DHL,0,2025-04-05 00:00:00,2025-04-06 10:00:00
SHP-74583,Amoxicillin,Mumbai,Hyderabad,Delhivery,0,2025-10-31 00:00:00,2025-10-31 13:00:00
SHP-57763,Humira (Adalimumab),Chennai,Delhi ,FedEx,0,2025-04-28 00:00:00,2025-04-29 14:00:00
SHP-89073,Amoxicillin,Bangalore,Delhi,DHL,0,23/11/2025 00:00,2025-11-24 07:00:00
SHP-17837,Humira (Adalimumab),Delhi,Hyderabad ,FedEx,0,05/05/2025 00:00,2025-05-05 17:00:00
SHP-29375,COVID-19 mRNA Vaccine,Hyderabad,Bangalore ,DHL,0,2025-06-11 00:00:00,2025-06-12 09:00:00
SHP-27375,Insulin Glargine,Bangalore,Bangalore,Shadowfax,0,2025-02-17 00:00:00,2025-02-19 10:00:00
SHP-50444,Amoxicillin,Bangalore,Chennai,FedEx,0,2025-10-16 00:00:00,2025-10-17 23:00:00
SHP-45357,Insulin Glargine,Mumbai,Bangalore,FedEx,0,2025-10-13 00:00:00,2025-10-13 20:00:00
SHP-28103,Amoxicillin,Delhi,Chennai,FedEx,0,09/05/2025 00:00,2025-05-10 06:00:00
SHP-74277,COVID-19 mRNA Vaccine,Delhi,Delhi,BlueDart,0,2025-09-18 00:00:00,2025-09-20 15:00:00
SHP-27746,Amoxicillin,Hyderabad,Hyderabad ,Delhivery,0,2025-07-08 00:00:00,2025-07-08 22:00:00
SHP-17861,COVID-19 mRNA Vaccine,Mumbai,Bangalore,FedEx,0,25/02/2025 00:00,2025-02-25 20:00:00
SHP-39438,Amoxicillin,Hyderabad,Chennai,,0,2025-07-06 00:00:00,2025-07-08 23:00:00
SHP-50632,COVID-19 mRNA Vaccine,Chennai,Delhi,BlueDart,0,2025-07-29 00:00:00,2025-07-31 00:00:00
SHP-23537,COVID-19 mRNA Vaccine,Bangalore,Bangalore,,0,2025-03-04 00:00:00,2025-03-05 21:00:00
SHP-27768,Humira (Adalimumab),Hyderabad,Mumbai ,Shadowfax,0,29/08/2025 00:00,2025-08-30 22:00:00
SHP-52958,COVID-19 mRNA Vaccine,Bangalore,Delhi,DHL,0,2025-08-12 00:00:00,2025-08-12 16:00:00
SHP-28297,Humira (Adalimumab),Mumbai,Bangalore,FedEx,0,2025-03-31 00:00:00,2025-04-02 07:00:00
SHP-83582,COVID-19 mRNA Vaccine,Chennai,delhi,DHL,0,2025-04-17 00:00:00,2025-04-17 18:00:00
SHP-40474,Insulin Glargine,Mumbai,Hyderabad,BlueDart,0,2025-08-03 00:00:00,2025-08-05 04:00:00
SHP-52582,COVID-19 mRNA Vaccine,Chennai,Hyderabad,BlueDart,1,15/04/2025 00:00,2025-04-16 19:00:00
SHP-14861,Insulin Glargine,Chennai,Hyderabad ,Shadowfax,0,2025-02-28 00:00:00,2025-03-01 07:00:00
SHP-76132,Insulin Glargine,Bangalore,Mumbai,,0,2025-02-01 00:00:00,2025-02-02 11:00:00
SHP-50222,COVID-19 mRNA Vaccine,Mumbai,Hyderabad,BlueDart,0,2025-07-01 00:00:00,2025-07-01 13:00:00
SHP-73291,Insulin Glargine,Mumbai,Mumbai ,FedEx,0,2025-04-08 00:00:00,2025-04-10 20:00:00
SHP-20198,Humira (Adalimumab),Hyderabad,Hyderabad,Shadowfax,0,2025-02-14 00:00:00,2025-02-16 02:00:00
SHP-23138,Amoxicillin,Mumbai,delhi,,0,2025-04-09 00:00:00,2025-04-11 22:00:00
SHP-53025,COVID-19 mRNA Vaccine,Hyderabad,Bangalore,Shadowfax,0,2025-12-08 00:00:00,2025-12-10 11:00:00
SHP-62398,Insulin Glargine,Delhi,bangalore ,BlueDart,0,2025-04-22 00:00:00,2025-04-23 14:00:00
SHP-42380,COVID-19 mRNA Vaccine,Delhi,hyderabad,Delhivery,0,2025-02-26 00:00:00,2025-02-27 21:00:00
SHP-29036,Humira (Adalimumab),Delhi,Bangalore,,0,2025-09-28 00:00:00,2025-09-29 16:00:00
SHP-33285,COVID-19 mRNA Vaccine,Mumbai,Hyderabad,Delhivery,0,2025-11-23 00:00:00,2025-11-23 16:00:00
SHP-62463,COVID-19 mRNA Vaccine,Mumbai,Hyderabad,FedEx,0,2025-12-14 00:00:00,2025-12-14 18:00:00
SHP-71103,Insulin Glargine,Hyderabad,Chennai,DHL,0,2025-10-22 00:00:00,2025-10-23 23:00:00
SHP-47861,Humira (Adalimumab),Chennai,Chennai,DHL,0,2025-06-05 00:00:00,2025-06-07 00:00:00
SHP-11329,Amoxicillin,Hyderabad,Chennai,FedEx,0,2025-12-11 00:00:00,2025-12-13 21:00:00
SHP-47554,Amoxicillin,Delhi,Mumbai,DHL,0,2025-04-01 00:00:00,2025-04-02 11:00:00
SHP-21366,Insulin Glargine,Hyderabad,Chennai,BlueDart,1,2025-11-02 00:00:00,2025-11-04 04:00:00
SHP-33363,COVID-19 mRNA Vaccine,Chennai,Hyderabad,Delhivery,0,12/07/2025 00:00,2025-07-14 18:00:00
SHP-82209,Insulin Glargine,Mumbai,delhi,Delhivery,0,2025-05-08 00:00:00,2025-05-10 03:00:00
SHP-67495,Insulin Glargine,Hyderabad,Chennai,FedEx,0,2025-04-14 00:00:00,2025-04-16 04:00:00
SHP-60141,Insulin Glargine,Delhi,Chennai,BlueDart,0,2025-07-30 00:00:00,2025-08-01 00:00:00
SHP-34526,COVID-19 mRNA Vaccine,Delhi,Delhi,DHL,0,2025-10-17 00:00:00,2025-10-19 09:00:00
SHP-49293,Humira (Adalimumab),Mumbai,Hyderabad,Delhivery,0,2025-01-30 00:00:00,2025-02-02 00:00:00
SHP-46775,Insulin Glargine,Hyderabad,mumbai,Delhivery,0,21/02/2025 00:00,2025-02-23 20:00:00
SHP-81701,COVID-19 mRNA Vaccine,Chennai,chennai,Delhivery,0,2025-10-20 00:00:00,2025-10-21 15:00:00
SHP-30381,Humira (Adalimumab),Mumbai,Delhi ,Delhivery,0,2025-06-24 00:00:00,2025-06-24 19:00:00
SHP-30371,Insulin Glargine,Hyderabad,Hyderabad,Shadowfax,0,2025-05-16 00:00:00,2025-05-16 12:00:00
SHP-44396,Amoxicillin,Bangalore,Bangalore,FedEx,0,15/11/2025 00:00,2025-11-16 05:00:00
SHP-77220,Humira (Adalimumab),Delhi,Mumbai ,DHL,0,2025-09-08 00:00:00,2025-09-09 16:00:00
SHP-67124,Insulin Glargine,Chennai,Delhi ,DHL,0,2025-01-12 00:00:00,2025-01-14 19:00:00
SHP-40798,Humira (Adalimumab),Chennai,Delhi,FedEx,0,2025-01-11 00:00:00,2025-01-13 19:00:00
SHP-53634,Humira (Adalimumab),Chennai,Delhi,BlueDart,0,2025-09-08 00:00:00,2025-09-09 03:00:00
SHP-33697,Humira (Adalimumab),Delhi,Chennai,FedEx,0,2025-01-16 00:00:00,2025-01-18 01:00:00
SHP-29584,Humira (Adalimumab),Hyderabad,Bangalore ,Delhivery,0,2025-02-16 00:00:00,2025-02-17 06:00:00
SHP-35135,Humira (Adalimumab),Mumbai,Mumbai,Delhivery,0,08/09/2025 00:00,2025-09-10 22:00:00
SHP-29934,Humira (Adalimumab),Hyderabad,Hyderabad,FedEx,0,2025-07-31 00:00:00,2025-08-02 11:00:00
SHP-57363,Insulin Glargine,Mumbai,Hyderabad,FedEx,0,2025-03-15 00:00:00,2025-03-17 17:00:00
SHP-16000,Amoxicillin,Chennai,bangalore,DHL,1,2025-10-05 00:00:00,2025-10-08 00:00:00
SHP-47340,COVID-19 mRNA Vaccine,Hyderabad,Delhi,DHL,0,2025-10-04 00:00:00,2025-10-04 18:00:00
SHP-87685,Humira (Adalimumab),Chennai,Delhi,Shadowfax,0,2025-09-09 00:00:00,2025-09-11 10:00:00
SHP-48098,COVID-19 mRNA Vaccine,Bangalore,Delhi,,0,2025-05-04 00:00:00,2025-05-05 00:00:00
SHP-66765,Insulin Glargine,Chennai,Delhi,Delhivery,0,30/06/2025 00:00,2025-07-01 02:00:00
SHP-73802,Humira (Adalimumab),Chennai,Delhi,Shadowfax,0,2025-03-04 00:00:00,2025-03-06 16:00:00
SHP-54967,Amoxicillin,Mumbai,Bangalore,Shadowfax,0,04/02/2025 00:00,2025-02-06 23:00:00
SHP-13648,COVID-19 mRNA Vaccine,Bangalore,Chennai,BlueDart,0,2025-10-19 00:00:00,2025-10-20 08:00:00
SHP-28678,Humira (Adalimumab),Chennai,Mumbai,FedEx,0,06/11/2025 00:00,2025-11-07 02:00:00
SHP-62915,Insulin Glargine,Chennai,Delhi,DHL,0,2025-07-11 00:00:00,2025-07-11 14:00:00
SHP-19395,Amoxicillin,Bangalore,Chennai,Shadowfax,0,2025-07-17 00:00:00,2025-07-19 09:00:00
SHP-14808,COVID-19 mRNA Vaccine,Bangalore,Hyderabad,DHL,0,2025-10-13 00:00:00,2025-10-13 15:00:00
SHP-64610,COVID-19 mRNA Vaccine,Hyderabad,Bangalore,Shadowfax,0,2025-08-31 00:00:00,2025-08-31 13:00:00
SHP-62713,Humira (Adalimumab),Mumbai,chennai,Shadowfax,0,2025-10-24 00:00:00,2025-10-25 09:00:00
SHP-68662,Amoxicillin,Bangalore,Delhi ,Delhivery,0,2025-12-03 00:00:00,2025-12-03 17:00:00
SHP-48150,Amoxicillin,Bangalore,Delhi,BlueDart,0,2025-06-07 00:00:00,2025-06-08 23:00:00
SHP-80079,Amoxicillin,Delhi,Delhi ,FedEx,0,2025-09-08 00:00:00,2025-09-09 04:00:00
SHP-84110,Amoxicillin,Bangalore,chennai ,FedEx,0,2025-08-28 00:00:00,2025-08-30 07:00:00
SHP-94539,Insulin Glargine,Mumbai,Delhi ,Delhivery,0,15/04/2025 00:00,2025-04-16 12:00:00
SHP-15305,Amoxicillin,Chennai,Chennai,Delhivery,0,2025-03-31 00:00:00,2025-04-01 02:00:00
SHP-42784,COVID-19 mRNA Vaccine,Chennai,Delhi,FedEx,0,19/10/2025 00:00,2025-10-21 19:00:00
SHP-23674,COVID-19 mRNA Vaccine,Chennai,Hyderabad,FedEx,0,2025-02-16 00:00:00,2025-02-17 02:00:00
SHP-27175,Insulin Glargine,Chennai,Hyderabad,BlueDart,0,30/03/2025 00:00,2025-04-01 15:00:00
SHP-49284,COVID-19 mRNA Vaccine,Delhi,Mumbai ,Shadowfax,0,2025-05-09 00:00:00,2025-05-10 07:00:00
SHP-44192,COVID-19 mRNA Vaccine,Bangalore,Delhi,BlueDart,0,2025-03-24 00:00:00,2025-03-26 00:00:00
SHP-38098,Amoxicillin,Chennai,Delhi,FedEx,0,2025-01-07 00:00:00,2025-01-09 22:00:00
SHP-15086,COVID-19 mRNA Vaccine,Hyderabad,Chennai,Shadowfax,0,2025-04-03 00:00:00,2025-04-03 16:00:00
SHP-46505,Insulin Glargine,Chennai,Chennai,FedEx,0,2025-01-19 00:00:00,2025-01-19 18:00:00
SHP-15327,Amoxicillin,Bangalore,Delhi,BlueDart,0,2025-06-18 00:00:00,2025-06-20 08:00:00
SHP-64777,Humira (Adalimumab),Chennai,Mumbai,BlueDart,0,2025-01-27 00:00:00,2025-01-29 14:00:00
SHP-22248,Amoxicillin,Delhi,Delhi,BlueDart,0,2025-09-11 00:00:00,2025-09-13 21:00:00
SHP-35414,Insulin Glargine,Mumbai,Chennai,Shadowfax,0,2025-07-08 00:00:00,2025-07-09 12:00:00
SHP-39907,Amoxicillin,Mumbai,Delhi,DHL,0,2025-08-26 00:00:00,2025-08-28 02:00:00
SHP-80794,Amoxicillin,Bangalore,Chennai ,DHL,0,2025-03-01 00:00:00,2025-03-02 08:00:00
SHP-45210,Insulin Glargine,Mumbai,Delhi,FedEx,0,2025-03-23 00:00:00,2025-03-23 15:00:00
SHP-35175,Amoxicillin,Mumbai,Bangalore,Shadowfax,0,30/06/2025 00:00,2025-07-02 18:00:00
SHP-49750,Insulin Glargine,Hyderabad,Chennai,Delhivery,0,18/08/2025 00:00,2025-08-19 05:00:00
SHP-83147,Insulin Glargine,Bangalore,Mumbai ,DHL,0,15/03/2025 00:00,2025-03-16 18:00:00
SHP-55040,Humira (Adalimumab),Bangalore,Bangalore,Shadowfax,0,2025-06-19 00:00:00,2025-06-20 19:00:00
SHP-95123,COVID-19 mRNA Vaccine,Mumbai,Delhi,Shadowfax,0,2025-06-06 00:00:00,2025-06-08 15:00:00
SHP-49288,COVID-19 mRNA Vaccine,Mumbai,Chennai ,,0,2025-09-13 00:00:00,2025-09-13 13:00:00
SHP-61577,Amoxicillin,Mumbai,Bangalore,Shadowfax,0,2025-10-09 00:00:00,2025-10-10 12:00:00
SHP-42587,Amoxicillin,Delhi,Mumbai,Shadowfax,0,07/07/2025 00:00,2025-07-08 18:00:00
SHP-26240,Humira (Adalimumab),Chennai,Chennai,DHL,0,2025-04-04 00:00:00,2025-04-06 01:00:00
SHP-87525,Humira (Adalimumab),Delhi,Bangalore,BlueDart,0,2025-12-08 00:00:00,2025-12-10 12:00:00
SHP-57840,Humira (Adalimumab),Bangalore,Bangalore ,FedEx,0,2025-01-03 00:00:00,2025-01-03 19:00:00
SHP-36707,Insulin Glargine,Hyderabad,Bangalore,Delhivery,0,2025-09-11 00:00:00,2025-09-13 14:00:00
SHP-39922,Humira (Adalimumab),Chennai,Hyderabad,FedEx,0,2025-04-07 00:00:00,2025-04-09 23:00:00
SHP-94726,Humira (Adalimumab),Hyderabad,Delhi ,BlueDart,0,2025-12-20 00:00:00,2025-12-20 16:00:00
SHP-49626,Amoxicillin,Bangalore,Chennai,BlueDart,0,04/05/2025 00:00,2025-05-04 13:00:00
SHP-86471,Humira (Adalimumab),Bangalore,Chennai ,Shadowfax,0,2025-11-06 00:00:00,2025-11-08 07:00:00
SHP-42816,Insulin Glargine,Hyderabad,Chennai,FedEx,0,2025-01-10 00:00:00,2025-01-12 09:00:00
SHP-77227,Insulin Glargine,Hyderabad,Bangalore,BlueDart,1,2025-04-17 00:00:00,2025-04-17 22:00:00
SHP-50058,Amoxicillin,Hyderabad,delhi ,FedEx,0,2025-01-18 00:00:00,2025-01-18 15:00:00
SHP-50151,Humira (Adalimumab),Bangalore,Mumbai,BlueDart,0,29/01/2025 00:00,2025-01-29 21:00:00
SHP-35273,Humira (Adalimumab),Mumbai,Chennai ,Delhivery,0,2025-03-23 00:00:00,2025-03-24 06:00:00
SHP-27349,Insulin Glargine,Hyderabad,Delhi,,0,2025-08-11 00:00:00,2025-08-11 16:00:00
SHP-87927,Humira (Adalimumab),Chennai,Delhi,FedEx,0,2025-07-07 00:00:00,2025-07-09 12:00:00
SHP-23347,Humira (Adalimumab),Bangalore,Hyderabad ,Shadowfax,0,2025-02-16 00:00:00,2025-02-18 06:00:00
SHP-36853,Humira (Adalimumab),Delhi,Chennai,FedEx,0,19/11/2025 00:00,2025-11-20 06:00:00
SHP-12933,COVID-19 mRNA Vaccine,Delhi,Bangalore,DHL,0,08/07/2025 00:00,2025-07-10 03:00:00
SHP-87701,Amoxicillin,Chennai,Delhi,FedEx,0,2025-10-12 00:00:00,2025-10-14 23:00:00
SHP-27788,COVID-19 mRNA Vaccine,Mumbai,Delhi,,0,2025-09-02 00:00:00,2025-09-03 23:00:00
SHP-53741,Amoxicillin,Hyderabad,Mumbai,Delhivery,0,2025-05-24 00:00:00,2025-05-26 17:00:00
SHP-70258,Insulin Glargine,Bangalore,Hyderabad,Delhivery,1,2025-11-24 00:00:00,2025-11-25 23:00:00
SHP-67637,Humira (Adalimumab),Hyderabad,Delhi,,0,2025-01-09 00:00:00,2025-01-11 18:00:00
SHP-92942,Amoxicillin,Bangalore,Delhi,Delhivery,0,09/04/2025 00:00,2025-04-10 06:00:00
SHP-88508,COVID-19 mRNA Vaccine,Delhi,Bangalore,FedEx,0,2025-03-10 00:00:00,2025-03-13 00:00:00
SHP-44114,Humira (Adalimumab),Hyderabad,Bangalore,Shadowfax,0,2025-09-14 00:00:00,2025-09-16 08:00:00
SHP-57132,Insulin Glargine,Chennai,Mumbai ,,0,2025-05-31 00:00:00,2025-05-31 20:00:00
SHP-49762,Amoxicillin,Mumbai,Mumbai,FedEx,0,2025-12-13 00:00:00,2025-12-15 17:00:00
SHP-92267,Amoxicillin,Chennai,Mumbai ,BlueDart,0,2025-11-24 00:00:00,2025-11-26 16:00:00
SHP-83234,Amoxicillin,Mumbai,Bangalore,BlueDart,0,2025-04-13 00:00:00,2025-04-13 21:00:00
SHP-53923,Humira (Adalimumab),Hyderabad,Bangalore,Shadowfax,0,2025-10-28 00:00:00,2025-10-30 23:00:00
SHP-79124,COVID-19 mRNA Vaccine,Hyderabad,Hyderabad,Shadowfax,0,2025-08-10 00:00:00,2025-08-12 14:00:00
SHP-66531,COVID-19 mRNA Vaccine,Mumbai,Chennai,,0,2025-08-27 00:00:00,2025-08-29 05:00:00
SHP-37993,Amoxicillin,Delhi,Chennai,Shadowfax,1,2025-02-18 00:00:00,2025-02-19 17:00:00
SHP-42117,Insulin Glargine,Bangalore,Hyderabad,Shadowfax,0,19/03/2025 00:00,2025-03-21 00:00:00
SHP-94015,Insulin Glargine,Chennai,Chennai,BlueDart,0,2025-08-20 00:00:00,2025-08-22 03:00:00
SHP-43983,COVID-19 mRNA Vaccine,Chennai,bangalore ,FedEx,0,2025-09-26 00:00:00,2025-09-26 23:00:00
SHP-94890,Insulin Glargine,Chennai,Chennai ,Shadowfax,0,2025-05-13 00:00:00,2025-05-15 03:00:00
SHP-37950,COVID-19 mRNA Vaccine,Hyderabad,Bangalore,FedEx,0,2025-10-15 00:00:00,2025-10-15 17:00:00
SHP-55359,Amoxicillin,Chennai,Hyderabad,Delhivery,0,2025-08-15 00:00:00,2025-08-17 14:00:00
SHP-51713,COVID-19 mRNA Vaccine,Bangalore,Mumbai,BlueDart,0,2025-06-28 00:00:00,2025-06-30 07:00:00
SHP-58446,COVID-19 mRNA Vaccine,Bangalore,Hyderabad,BlueDart,0,2025-09-13 00:00:00,2025-09-13 15:00:00
SHP-85285,Amoxicillin,Mumbai,Chennai,BlueDart,0,2025-11-08 00:00:00,2025-11-10 22:00:00
SHP-95910,Insulin Glargine,Hyderabad,Bangalore,DHL,0,2025-01-18 00:00:00,2025-01-20 16:00:00
SHP-37106,COVID-19 mRNA Vaccine,Bangalore,Chennai,FedEx,0,21/03/2025 00:00,2025-03-23 20:00:00
SHP-97864,COVID-19 mRNA Vaccine,Delhi,chennai,Delhivery,0,2025-12-25 00:00:00,2025-12-27 13:00:00
SHP-63345,Amoxicillin,Hyderabad,Mumbai,Shadowfax,0,2025-03-13 00:00:00,2025-03-14 14:00:00
SHP-10166,Insulin Glargine,Hyderabad,chennai,Delhivery,0,2025-08-07 00:00:00,2025-08-09 18:00:00
SHP-98931,COVID-19 mRNA Vaccine,Bangalore,mumbai,,0,2025-10-05 00:00:00,2025-10-07 14:00:00
SHP-69025,Amoxicillin,Delhi,Bangalore,BlueDart,0,2025-11-19 00:00:00,2025-11-20 11:00:00
SHP-62530,COVID-19 mRNA Vaccine,Mumbai,Bangalore,DHL,0,2025-02-22 00:00:00,2025-02-24 14:00:00
SHP-53321,Humira (Adalimumab),Bangalore,Mumbai,FedEx,0,2025-11-06 00:00:00,2025-11-07 13:00:00
SHP-63319,Amoxicillin,Delhi,Hyderabad,FedEx,0,2025-07-14 00:00:00,2025-07-16 16:00:00
SHP-82116,Insulin Glargine,Hyderabad,Bangalore,Shadowfax,0,2025-02-06 00:00:00,2025-02-07 13:00:00
SHP-12459,Insulin Glargine,Delhi,Hyderabad,,0,2025-09-11 00:00:00,2025-09-11 15:00:00
SHP-79492,Insulin Glargine,Hyderabad,Bangalore,Delhivery,0,2025-11-04 00:00:00,2025-11-06 06:00:00
SHP-92762,Insulin Glargine,Bangalore,Bangalore,Shadowfax,0,2025-07-01 00:00:00,2025-07-02 20:00:00
SHP-56875,COVID-19 mRNA Vaccine,Bangalore,Delhi,DHL,0,2025-10-28 00:00:00,2025-10-30 00:00:00
SHP-27903,COVID-19 mRNA Vaccine,Chennai,Chennai,BlueDart,0,2025-03-26 00:00:00,2025-03-28 18:00:00
SHP-36936,Insulin Glargine,Chennai,Chennai,BlueDart,0,2025-08-28 00:00:00,2025-08-29 08:00:00
SHP-47890,Insulin Glargine,Chennai,Hyderabad,DHL,0,2025-02-11 00:00:00,2025-02-11 18:00:00
SHP-24681,Insulin Glargine,Bangalore,Chennai,Shadowfax,1,2025-08-12 00:00:00,2025-08-12 13:00:00
SHP-25147,COVID-19 mRNA Vaccine,Mumbai,Hyderabad,FedEx,0,2025-03-27 00:00:00,2025-03-29 07:00:00
SHP-52115,Insulin Glargine,Bangalore,Bangalore,Delhivery,0,2025-01-07 00:00:00,2025-01-09 19:00:00
SHP-62206,Insulin Glargine,Delhi,Delhi,FedEx,0,02/04/2025 00:00,2025-04-03 05:00:00
SHP-35558,Humira (Adalimumab),Bangalore,Delhi,Delhivery,0,12/01/2025 00:00,2025-01-13 13:00:00
SHP-23921,Humira (Adalimumab),Bangalore,Bangalore,FedEx,0,2025-05-08 00:00:00,2025-05-09 04:00:00
SHP-37477,Insulin Glargine,Hyderabad,Mumbai,Shadowfax,0,2025-08-14 00:00:00,2025-08-16 18:00:00
SHP-27848,Amoxicillin,Hyderabad,mumbai,Shadowfax,0,2025-05-28 00:00:00,2025-05-30 17:00:00
SHP-83896,Insulin Glargine,Hyderabad,Chennai,DHL,0,2025-02-11 00:00:00,2025-02-13 23:00:00
SHP-32636,Humira (Adalimumab),Bangalore,Hyderabad ,FedEx,0,2025-07-08 00:00:00,2025-07-09 08:00:00
SHP-43588,Amoxicillin,Mumbai,Delhi,,0,2025-09-27 00:00:00,2025-09-27 16:00:00
SHP-42537,Amoxicillin,Delhi,Chennai,DHL,0,2025-06-11 00:00:00,2025-06-12 09:00:00
SHP-63716,Insulin Glargine,Delhi,Bangalore,DHL,0,2025-07-21 00:00:00,2025-07-21 13:00:00
SHP-89434,Humira (Adalimumab),Mumbai,Delhi ,Shadowfax,0,2025-04-29 00:00:00,2025-04-30 11:00:00
SHP-76298,Humira (Adalimumab),Mumbai,Hyderabad,Shadowfax,0,2025-08-17 00:00:00,2025-08-18 20:00:00
SHP-63763,Amoxicillin,Delhi,Hyderabad ,FedEx,0,2025-06-12 00:00:00,2025-06-14 18:00:00
SHP-15389,Insulin Glargine,Chennai,Mumbai,Shadowfax,0,28/10/2025 00:00,2025-10-30 17:00:00
SHP-54123,COVID-19 mRNA Vaccine,Hyderabad,Chennai,Shadowfax,0,2025-04-30 00:00:00,2025-05-01 08:00:00
SHP-50831,COVID-19 mRNA Vaccine,Hyderabad,Bangalore,FedEx,0,2025-01-09 00:00:00,2025-01-10 06:00:00
SHP-33787,Humira (Adalimumab),Delhi,Delhi ,DHL,0,2025-03-03 00:00:00,2025-03-03 21:00:00
SHP-49189,COVID-19 mRNA Vaccine,Mumbai,Hyderabad,FedEx,0,2025-03-03 00:00:00,2025-03-05 14:00:00
SHP-12537,Humira (Adalimumab),Chennai,delhi ,BlueDart,0,2025-08-13 00:00:00,2025-08-13 16:00:00
SHP-46911,Humira (Adalimumab),Delhi,Bangalore,FedEx,0,13/03/2025 00:00,2025-03-15 08:00:00
SHP-56498,Humira (Adalimumab),Hyderabad,Delhi,BlueDart,0,2025-12-31 00:00:00,2025-12-31 14:00:00
SHP-62291,COVID-19 mRNA Vaccine,Bangalore,Chennai,FedEx,0,2025-05-07 00:00:00,2025-05-08 20:00:00
SHP-81867,Humira (Adalimumab),Mumbai,Mumbai,BlueDart,0,2025-06-22 00:00:00,2025-06-23 17:00:00
SHP-33912,Amoxicillin,Bangalore,Delhi,BlueDart,0,2025-10-19 00:00:00,2025-10-20 12:00:00
SHP-55255,Insulin Glargine,Delhi,Mumbai,FedEx,1,2025-03-12 00:00:00,2025-03-13 06:00:00
SHP-19161,Insulin Glargine,Hyderabad,Bangalore,Shadowfax,0,2025-08-04 00:00:00,2025-08-04 14:00:00
SHP-49526,Humira (Adalimumab),Chennai,Mumbai ,Delhivery,0,2025-09-05 00:00:00,2025-09-07 01:00:00
SHP-26114,Insulin Glargine,Bangalore,Delhi,Shadowfax,0,26/05/2025 00:00,2025-05-27 12:00:00
SHP-54830,COVID-19 mRNA Vaccine,Chennai,delhi,BlueDart,0,2025-11-06 00:00:00,2025-11-08 06:00:00
SHP-72912,COVID-19 mRNA Vaccine,Hyderabad,Hyderabad,FedEx,0,20/01/2025 00:00,2025-01-21 05:00:00
SHP-44070,Insulin Glargine,Bangalore,delhi,FedEx,0,2025-10-15 00:00:00,2025-10-17 02:00:00
SHP-50928,COVID-19 mRNA Vaccine,Chennai,Mumbai,FedEx,1,2025-06-11 00:00:00,2025-06-12 21:00:00
SHP-86529,Insulin Glargine,Chennai,Hyderabad,FedEx,0,2025-03-19 00:00:00,2025-03-20 04:00:00
SHP-95360,Insulin Glargine,Bangalore,Delhi,Delhivery,0,02/03/2025 00:00,2025-03-03 15:00:00
SHP-61134,Insulin Glargine,Hyderabad,Delhi ,DHL,0,2025-01-22 00:00:00,2025-01-22 18:00:00
SHP-44600,Humira (Adalimumab),Chennai,Bangalore,,0,17/03/2025 00:00,2025-03-19 11:00:00
SHP-29160,Insulin Glargine,Delhi,Hyderabad ,Delhivery,0,2025-03-31 00:00:00,2025-04-02 04:00:00
SHP-93316,Humira (Adalimumab),Bangalore,Bangalore,Shadowfax,0,2025-10-11 00:00:00,2025-10-12 14:00:00
SHP-39990,Insulin Glargine,Mumbai,Bangalore,DHL,0,15/01/2025 00:00,2025-01-16 19:00:00
SHP-85395,Insulin Glargine,Mumbai,Bangalore,DHL,0,24/10/2025 00:00,2025-10-25 19:00:00
SHP-47892,Insulin Glargine,Hyderabad,chennai,FedEx,0,2025-02-17 00:00:00,2025-02-18 21:00:00
SHP-32767,COVID-19 mRNA Vaccine,Delhi,Bangalore,,0,2025-12-21 00:00:00,2025-12-22 08:00:00
SHP-22105,Humira (Adalimumab),Chennai,Mumbai,Shadowfax,0,2025-03-12 00:00:00,2025-03-14 02:00:00
SHP-77434,Humira (Adalimumab),Mumbai,Delhi ,FedEx,0,2025-12-11 00:00:00,2025-12-12 04:00:00
SHP-71110,Insulin Glargine,Hyderabad,Chennai,FedEx,0,12/03/2025 00:00,2025-03-14 21:00:00
SHP-18229,Insulin Glargine,Delhi,Bangalore,BlueDart,0,2025-12-22 00:00:00,2025-12-24 11:00:00
SHP-76357,COVID-19 mRNA Vaccine,Delhi,Delhi,DHL,0,2025-03-10 00:00:00,2025-03-11 06:00:00
SHP-39886,COVID-19 mRNA Vaccine,Hyderabad,Hyderabad ,Shadowfax,0,2025-06-20 00:00:00,2025-06-21 08:00:00
SHP-85020,COVID-19 mRNA Vaccine,Hyderabad,Hyderabad ,DHL,0,2025-04-08 00:00:00,2025-04-09 09:00:00
SHP-64832,Humira (Adalimumab),Chennai,Delhi ,Delhivery,0,08/05/2025 00:00,2025-05-10 17:00:00
SHP-83329,Humira (Adalimumab),Hyderabad,Mumbai,BlueDart,0,2025-05-14 00:00:00,2025-05-15 22:00:00
SHP-70318,Humira (Adalimumab),Chennai,Delhi,FedEx,0,2025-11-11 00:00:00,2025-11-12 21:00:00
SHP-58021,Insulin Glargine,Chennai,Delhi,BlueDart,0,06/03/2025 00:00,2025-03-08 17:00:00
SHP-56344,Humira (Adalimumab),Bangalore,Chennai,FedEx,0,2025-01-14 00:00:00,2025-01-16 13:00:00
SHP-52666,Amoxicillin,Delhi,Hyderabad,BlueDart,0,2025-11-04 00:00:00,2025-11-06 15:00:00
SHP-72396,Amoxicillin,Delhi,Hyderabad ,FedEx,1,2025-04-03 00:00:00,2025-04-05 05:00:00
SHP-76531,COVID-19 mRNA Vaccine,Delhi,Bangalore,DHL,0,2025-03-23 00:00:00,2025-03-24 07:00:00
SHP-71477,Humira (Adalimumab),Bangalore,Delhi ,DHL,0,2025-06-01 00:00:00,2025-06-03 11:00:00
SHP-26360,Amoxicillin,Chennai,Delhi ,DHL,0,2025-06-24 00:00:00,2025-06-25 03:00:00
SHP-55795,COVID-19 mRNA Vaccine,Chennai,Mumbai ,DHL,0,2025-03-31 00:00:00,2025-04-02 12:00:00
SHP-34522,Humira (Adalimumab),Hyderabad,Hyderabad,BlueDart,0,2025-04-28 00:00:00,2025-04-30 22:00:00
SHP-52487,Insulin Glargine,Bangalore,Mumbai ,FedEx,1,2025-10-28 00:00:00,2025-10-30 01:00:00
SHP-79925,Amoxicillin,Hyderabad,Chennai,DHL,0,22/09/2025 00:00,2025-09-23 03:00:00
SHP-83009,Insulin Glargine,Bangalore,Bangalore,BlueDart,0,2025-12-02 00:00:00,2025-12-04 12:00:00
SHP-86748,Humira (Adalimumab),Hyderabad,mumbai ,FedEx,0,2025-08-22 00:00:00,2025-08-24 13:00:00
SHP-50315,Amoxicillin,Mumbai,Hyderabad,,0,2025-05-30 00:00:00,2025-06-01 12:00:00
SHP-31922,Humira (Adalimumab),Delhi,Chennai,DHL,0,2025-12-21 00:00:00,2025-12-22 12:00:00
SHP-44563,Insulin Glargine,Delhi,Delhi,,0,2025-08-05 00:00:00,2025-08-06 02:00:00
SHP-33351,Amoxicillin,Chennai,Chennai,BlueDart,0,2025-05-30 00:00:00,2025-05-30 15:00:00
SHP-97221,Insulin Glargine,Mumbai,Mumbai,,0,2025-01-04 00:00:00,2025-01-04 16:00:00
SHP-86880,Humira (Adalimumab),Delhi,Hyderabad,Shadowfax,0,25/02/2025 00:00,2025-02-27 20:00:00
SHP-22505,Humira (Adalimumab),Chennai,Mumbai,FedEx,0,17/03/2025 00:00,2025-03-18 15:00:00
SHP-62144,Insulin Glargine,Mumbai,Delhi,DHL,0,2025-08-16 00:00:00,2025-08-16 20:00:00
SHP-11991,Amoxicillin,Delhi,Delhi,Shadowfax,0,2025-05-01 00:00:00,2025-05-03 08:00:00
SHP-64201,Insulin Glargine,Hyderabad,Hyderabad,,0,2025-08-16 00:00:00,2025-08-17 21:00:00
SHP-30671,Humira (Adalimumab),Bangalore,Bangalore,BlueDart,0,2025-07-13 00:00:00,2025-07-14 08:00:00
SHP-74877,Insulin Glargine,Mumbai,Chennai,Shadowfax,0,2025-05-16 00:00:00,2025-05-19 00:00:00
SHP-66066,Humira (Adalimumab),Chennai,chennai,Shadowfax,0,2025-09-26 00:00:00,2025-09-27 18:00:00
SHP-49490,Insulin Glargine,Mumbai,Delhi,FedEx,0,2025-05-26 00:00:00,2025-05-27 06:00:00
SHP-60653,Amoxicillin,Chennai,Mumbai,BlueDart,0,30/11/2025 00:00,2025-12-02 01:00:00
SHP-37657,Amoxicillin,Mumbai,Mumbai,Shadowfax,0,2025-11-27 00:00:00,2025-11-29 03:00:00
SHP-81376,Insulin Glargine,Chennai,bangalore,Delhivery,0,2025-01-25 00:00:00,2025-01-27 04:00:00
SHP-59022,Insulin Glargine,Delhi,Mumbai,Delhivery,0,2025-03-02 00:00:00,2025-03-02 20:00:00
SHP-82628,Amoxicillin,Hyderabad,Chennai,Shadowfax,0,2025-06-20 00:00:00,2025-06-21 20:00:00
SHP-71656,Humira (Adalimumab),Delhi,Mumbai,FedEx,0,2025-11-20 00:00:00,2025-11-21 01:00:00
SHP-75133,Amoxicillin,Hyderabad,Bangalore,BlueDart,0,2025-09-21 00:00:00,2025-09-22 18:00:00
SHP-80666,Humira (Adalimumab),Delhi,Chennai,Delhivery,0,22/03/2025 00:00,2025-03-23 22:00:00
SHP-34882,Insulin Glargine,Delhi,Mumbai,Shadowfax,0,2025-02-10 00:00:00,2025-02-11 21:00:00
SHP-51097,Insulin Glargine,Mumbai,Chennai,Shadowfax,0,2025-09-10 00:00:00,2025-09-11 15:00:00
SHP-53330,Humira (Adalimumab),Bangalore,Delhi,DHL,0,2025-06-30 00:00:00,2025-07-02 13:00:00
SHP-51398,Insulin Glargine,Chennai,Delhi ,,0,2025-12-12 00:00:00,2025-12-13 06:00:00
SHP-14369,Humira (Adalimumab),Chennai,Delhi,,0,2025-08-06 00:00:00,2025-08-08 22:00:00
SHP-84669,COVID-19 mRNA Vaccine,Chennai,Mumbai ,Delhivery,0,2025-07-25 00:00:00,2025-07-26 22:00:00
SHP-76604,Amoxicillin,Hyderabad,Bangalore,DHL,0,2025-10-05 00:00:00,2025-10-07 19:00:00
SHP-68025,COVID-19 mRNA Vaccine,Chennai,Chennai,,0,17/07/2025 00:00,2025-07-17 23:00:00
SHP-71274,Humira (Adalimumab),Chennai,Hyderabad ,Delhivery,0,2025-08-31 00:00:00,2025-09-01 06:00:00
SHP-40020,Amoxicillin,Mumbai,Delhi,FedEx,0,2025-04-03 00:00:00,2025-04-05 05:00:00
SHP-65550,Humira (Adalimumab),Delhi,Delhi,Shadowfax,0,2025-10-17 00:00:00,2025-10-19 20:00:00
SHP-77800,Amoxicillin,Chennai,Hyderabad,FedEx,0,2025-04-04 00:00:00,2025-04-04 13:00:00
SHP-75854,Amoxicillin,Bangalore,Hyderabad,Shadowfax,0,2025-02-15 00:00:00,2025-02-16 06:00:00
SHP-46741,Amoxicillin,Chennai,Mumbai,DHL,1,2025-09-21 00:00:00,2025-09-22 15:00:00
SHP-32577,Amoxicillin,Hyderabad,Chennai,FedEx,0,04/03/2025 00:00,2025-03-06 10:00:00
SHP-70129,Humira (Adalimumab),Hyderabad,Delhi ,FedEx,0,2025-08-10 00:00:00,2025-08-11 02:00:00
SHP-78331,Amoxicillin,Hyderabad,Bangalore,BlueDart,0,2025-06-09 00:00:00,2025-06-09 21:00:00
SHP-21414,Amoxicillin,Chennai,Mumbai,FedEx,0,2025-03-26 00:00:00,2025-03-26 23:00:00
SHP-54630,COVID-19 mRNA Vaccine,Mumbai,Mumbai,BlueDart,0,2025-04-15 00:00:00,2025-04-16 12:00:00
SHP-41556,Insulin Glargine,Bangalore,Bangalore,Shadowfax,0,2025-09-24 00:00:00,2025-09-26 06:00:00
SHP-51961,Insulin Glargine,Chennai,Bangalore,Shadowfax,0,2025-10-13 00:00:00,2025-10-14 04:00:00
SHP-76664,COVID-19 mRNA Vaccine,Mumbai,Bangalore,Shadowfax,0,2025-04-28 00:00:00,2025-04-30 22:00:00
SHP-26614,COVID-19 mRNA Vaccine,Mumbai,Hyderabad,BlueDart,0,2025-07-16 00:00:00,2025-07-17 17:00:00
SHP-32341,Humira (Adalimumab),Chennai,delhi,Shadowfax,0,2025-11-01 00:00:00,2025-11-02 02:00:00
SHP-62281,Humira (Adalimumab),Chennai,Hyderabad,Delhivery,0,2025-05-27 00:00:00,2025-05-29 19:00:00
SHP-86100,Humira (Adalimumab),Mumbai,Delhi,,0,2025-08-01 00:00:00,2025-08-03 14:00:00
SHP-31960,COVID-19 mRNA Vaccine,Mumbai,Hyderabad,BlueDart,0,08/12/2025 00:00,2025-12-10 01:00:00
SHP-70262,COVID-19 mRNA Vaccine,Mumbai,chennai,Shadowfax,0,2025-11-24 00:00:00,2025-11-26 22:00:00
SHP-79386,Amoxicillin,Chennai,Delhi,Delhivery,0,2025-06-05 00:00:00,2025-06-07 08:00:00
SHP-85799,Humira (Adalimumab),Mumbai,Mumbai,FedEx,0,2025-10-20 00:00:00,2025-10-22 23:00:00
SHP-60587,Humira (Adalimumab),Hyderabad,Delhi,,0,2025-03-29 00:00:00,2025-03-31 00:00:00
SHP-56853,Humira (Adalimumab),Chennai,Delhi,Shadowfax,0,2025-08-12 00:00:00,2025-08-14 23:00:00
SHP-16773,Insulin Glargine,Hyderabad,Delhi,Delhivery,0,2025-02-06 00:00:00,2025-02-06 15:00:00
SHP-88157,Amoxicillin,Delhi,Chennai,BlueDart,0,2025-05-11 00:00:00,2025-05-13 13:00:00
SHP-15569,Humira (Adalimumab),Chennai,Hyderabad,Shadowfax,0,2025-11-18 00:00:00,2025-11-20 14:00:00
SHP-30203,Humira (Adalimumab),Delhi,Mumbai,FedEx,0,12/07/2025 00:00,2025-07-12 22:00:00
SHP-15076,Humira (Adalimumab),Mumbai,Hyderabad,FedEx,0,25/01/2025 00:00,2025-01-27 07:00:00
SHP-57057,Insulin Glargine,Mumbai,Hyderabad,FedEx,0,2025-08-15 00:00:00,2025-08-15 15:00:00
SHP-67018,Insulin Glargine,Bangalore,Bangalore,Shadowfax,0,18/10/2025 00:00,2025-10-19 20:00:00
SHP-75927,COVID-19 mRNA Vaccine,Mumbai,Chennai,DHL,0,09/12/2025 00:00,2025-12-09 20:00:00
SHP-89185,Amoxicillin,Delhi,Bangalore ,DHL,0,2025-05-21 00:00:00,2025-05-22 22:00:00
SHP-49465,COVID-19 mRNA Vaccine,Mumbai,Chennai,DHL,0,2025-08-13 00:00:00,2025-08-15 00:00:00
SHP-50819,Amoxicillin,Chennai,Hyderabad,Delhivery,0,2025-10-21 00:00:00,2025-10-23 09:00:00
SHP-75336,Insulin Glargine,Mumbai,Hyderabad,,0,2025-07-30 00:00:00,2025-07-30 16:00:00
SHP-43538,Humira (Adalimumab),Bangalore,Chennai,FedEx,0,2025-09-11 00:00:00,2025-09-12 18:00:00
SHP-54874,COVID-19 mRNA Vaccine,Mumbai,Hyderabad ,Delhivery,0,2025-01-09 00:00:00,2025-01-11 09:00:00
SHP-61028,Humira (Adalimumab),Delhi,Hyderabad,,0,2025-06-05 00:00:00,2025-06-07 06:00:00
SHP-92523,COVID-19 mRNA Vaccine,Delhi,Mumbai,BlueDart,0,30/08/2025 00:00,2025-08-30 17:00:00
SHP-50775,Insulin Glargine,Mumbai,Bangalore,Delhivery,0,20/04/2025 00:00,2025-04-22 16:00:00
SHP-22905,Insulin Glargine,Delhi,Bangalore ,Delhivery,1,2025-11-03 00:00:00,2025-11-04 11:00:00
SHP-84858,Insulin Glargine,Delhi,bangalore ,Shadowfax,0,2025-04-22 00:00:00,2025-04-24 14:00:00
SHP-54774,COVID-19 mRNA Vaccine,Bangalore,delhi,Delhivery,0,2025-09-10 00:00:00,2025-09-12 19:00:00
SHP-27481,Amoxicillin,Chennai,Mumbai,Shadowfax,0,2025-12-21 00:00:00,2025-12-22 15:00:00
SHP-71203,COVID-19 mRNA Vaccine,Bangalore,Bangalore,BlueDart,0,2025-06-09 00:00:00,2025-06-09 23:00:00
SHP-67756,Amoxicillin,Hyderabad,Bangalore,FedEx,0,2025-11-17 00:00:00,2025-11-18 01:00:00
SHP-43258,COVID-19 mRNA Vaccine,Bangalore,Mumbai,FedEx,0,2025-08-18 00:00:00,2025-08-19 10:00:00
SHP-41997,COVID-19 mRNA Vaccine,Mumbai,hyderabad ,DHL,0,2025-07-03 00:00:00,2025-07-04 15:00:00
SHP-75009,Insulin Glargine,Chennai,Bangalore,DHL,0,05/11/2025 00:00,2025-11-05 23:00:00
SHP-36111,Humira (Adalimumab),Mumbai,hyderabad,BlueDart,0,2025-12-31 00:00:00,2026-01-02 03:00:00
SHP-49179,Humira (Adalimumab),Hyderabad,Bangalore,FedEx,0,13/03/2025 00:00,2025-03-15 16:00:00
SHP-59148,Amoxicillin,Chennai,Chennai,DHL,0,2025-05-30 00:00:00,2025-05-30 21:00:00
SHP-21232,Humira (Adalimumab),Delhi,Delhi,Delhivery,0,2025-04-20 00:00:00,2025-04-22 11:00:00
SHP-74570,COVID-19 mRNA Vaccine,Bangalore,bangalore,Shadowfax,0,23/05/2025 00:00,2025-05-24 02:00:00
SHP-54211,COVID-19 mRNA Vaccine,Mumbai,Chennai,DHL,0,2025-01-26 00:00:00,2025-01-28 17:00:00
SHP-76481,Insulin Glargine,Hyderabad,Mumbai,BlueDart,0,2025-12-13 00:00:00,2025-12-14 01:00:00
SHP-35718,Insulin Glargine,Delhi,Chennai,FedEx,0,2025-05-03 00:00:00,2025-05-04 00:00:00
SHP-58473,Humira (Adalimumab),Bangalore,Mumbai,BlueDart,0,2025-11-28 00:00:00,2025-11-28 12:00:00
SHP-97493,Amoxicillin,Delhi,Bangalore,Shadowfax,0,2025-11-18 00:00:00,2025-11-19 02:00:00
SHP-99403,Humira (Adalimumab),Bangalore,Mumbai,Shadowfax,0,2025-10-23 00:00:00,2025-10-24 05:00:00
SHP-11775,Humira (Adalimumab),Chennai,Chennai,BlueDart,0,2025-02-28 00:00:00,2025-03-01 09:00:00
SHP-49558,Humira (Adalimumab),Delhi,Delhi ,DHL,0,2025-01-18 00:00:00,2025-01-20 11:00:00
SHP-19014,Humira (Adalimumab),Delhi,Hyderabad,DHL,0,2025-03-10 00:00:00,2025-03-11 09:00:00
SHP-16180,COVID-19 mRNA Vaccine,Delhi,Hyderabad,FedEx,0,2025-12-01 00:00:00,2025-12-03 14:00:00
SHP-39670,Amoxicillin,Chennai,Delhi,FedEx,0,2025-02-17 00:00:00,2025-02-19 01:00:00
SHP-49540,COVID-19 mRNA Vaccine,Hyderabad,Hyderabad,Delhivery,0,2025-12-20 00:00:00,2025-12-21 09:00:00
SHP-10000,Amoxicillin,Bangalore,bangalore,Delhivery,0,2025-06-13 00:00:00,2025-06-14 21:00:00
SHP-90034,Insulin Glargine,Delhi,Bangalore,FedEx,0,01/08/2025 00:00,2025-08-02 12:00:00
SHP-71247,Humira (Adalimumab),Chennai,Chennai,Delhivery,0,2025-06-22 00:00:00,2025-06-24 05:00:00
SHP-87493,COVID-19 mRNA Vaccine,Hyderabad,Chennai,BlueDart,0,06/03/2025 00:00,2025-03-06 13:00:00
SHP-82069,Amoxicillin,Bangalore,mumbai,DHL,0,2025-01-02 00:00:00,2025-01-04 08:00:00
SHP-49760,Insulin Glargine,Chennai,Chennai,Delhivery,0,2025-04-26 00:00:00,2025-04-28 05:00:00
SHP-59069,Insulin Glargine,Bangalore,Bangalore,,0,2025-05-03 00:00:00,2025-05-05 17:00:00
SHP-78076,Humira (Adalimumab),Delhi,Chennai ,,0,07/03/2025 00:00,2025-03-08 12:00:00
SHP-94727,Amoxicillin,Hyderabad,Hyderabad,,0,2025-03-26 00:00:00,2025-03-28 01:00:00
SHP-58877,COVID-19 mRNA Vaccine,Chennai,Mumbai,FedEx,0,2025-01-22 00:00:00,2025-01-23 21:00:00
SHP-76155,Humira (Adalimumab),Hyderabad,Mumbai ,BlueDart,0,2025-09-15 00:00:00,2025-09-16 06:00:00
SHP-68356,COVID-19 mRNA Vaccine,Delhi,Bangalore,Shadowfax,0,2025-02-19 00:00:00,2025-02-20 00:00:00
SHP-20984,Insulin Glargine,Hyderabad,Chennai,BlueDart,0,2025-11-28 00:00:00,2025-11-29 20:00:00
SHP-88422,COVID-19 mRNA Vaccine,Hyderabad,Hyderabad,DHL,0,2025-02-09 00:00:00,2025-02-11 10:00:00
SHP-44355,COVID-19 mRNA Vaccine,Mumbai,Chennai,BlueDart,0,2025-05-14 00:00:00,2025-05-15 18:00:00
SHP-51042,Humira (Adalimumab),Hyderabad,Delhi,BlueDart,0,2025-06-04 00:00:00,2025-06-05 04:00:00
SHP-84158,COVID-19 mRNA Vaccine,Bangalore,Chennai,,0,2025-01-15 00:00:00,2025-01-15 15:00:00
SHP-38585,Humira (Adalimumab),Chennai,bangalore,FedEx,0,2025-11-20 00:00:00,2025-11-21 14:00:00
SHP-60732,Insulin Glargine,Mumbai,Chennai,Shadowfax,0,2025-12-10 00:00:00,2025-12-11 11:00:00
SHP-43323,Humira (Adalimumab),Chennai,Mumbai,Delhivery,0,2025-12-06 00:00:00,2025-12-08 19:00:00
SHP-93977,Humira (Adalimumab),Chennai,Hyderabad ,FedEx,0,2025-05-19 00:00:00,2025-05-21 05:00:00
SHP-28058,Amoxicillin,Delhi,Bangalore,BlueDart,0,2025-10-21 00:00:00,2025-10-22 10:00:00
SHP-25987,COVID-19 mRNA Vaccine,Delhi,Delhi,Delhivery,0,2025-02-17 00:00:00,2025-02-18 19:00:00
SHP-90105,Insulin Glargine,Mumbai,Hyderabad ,DHL,0,2025-01-08 00:00:00,2025-01-08 22:00:00
SHP-38150,Humira (Adalimumab),Delhi,Hyderabad,FedEx,0,08/12/2025 00:00,2025-12-09 03:00:00
SHP-75328,Insulin Glargine,Delhi,Mumbai,Shadowfax,0,23/11/2025 00:00,2025-11-24 14:00:00
SHP-80418,Amoxicillin,Delhi,Mumbai,FedEx,0,2025-11-06 00:00:00,2025-11-08 12:00:00
SHP-74563,COVID-19 mRNA Vaccine,Chennai,Mumbai ,FedEx,0,2025-06-30 00:00:00,2025-07-02 23:00:00
SHP-61499,Humira (Adalimumab),Mumbai,Bangalore,Delhivery,0,2025-11-10 00:00:00,2025-11-11 10:00:00
SHP-31925,COVID-19 mRNA Vaccine,Chennai,Chennai,DHL,0,2025-07-21 00:00:00,2025-07-23 10:00:00
SHP-14889,Amoxicillin,Bangalore,Hyderabad,,0,2025-10-17 00:00:00,2025-10-19 21:00:00
SHP-78674,Amoxicillin,Chennai,Chennai ,FedEx,0,2025-01-21 00:00:00,2025-01-21 23:00:00
SHP-34471,Insulin Glargine,Bangalore,Chennai,,0,2025-11-04 00:00:00,2025-11-06 06:00:00
SHP-97245,Humira (Adalimumab),Hyderabad,Mumbai ,Delhivery,0,28/03/2025 00:00,2025-03-28 16:00:00
SHP-71849,Insulin Glargine,Hyderabad,Chennai,Delhivery,0,2025-04-17 00:00:00,2025-04-18 00:00:00
SHP-81878,Amoxicillin,Bangalore,Hyderabad,Shadowfax,0,2025-02-13 00:00:00,2025-02-15 01:00:00
SHP-82022,COVID-19 mRNA Vaccine,Bangalore,Hyderabad,DHL,0,15/07/2025 00:00,2025-07-15 19:00:00
SHP-81875,Insulin Glargine,Chennai,Delhi,Shadowfax,0,2025-10-11 00:00:00,2025-10-11 23:00:00
SHP-78161,Insulin Glargine,Bangalore,Bangalore,BlueDart,0,2025-09-14 00:00:00,2025-09-15 07:00:00
SHP-40493,COVID-19 mRNA Vaccine,Mumbai,Chennai,Delhivery,0,2025-08-06 00:00:00,2025-08-08 14:00:00
SHP-70787,Insulin Glargine,Hyderabad,Bangalore,FedEx,0,2025-04-02 00:00:00,2025-04-03 22:00:00
SHP-19476,COVID-19 mRNA Vaccine,Hyderabad,Bangalore ,Delhivery,0,2025-05-05 00:00:00,2025-05-07 07:00:00
SHP-52259,Humira (Adalimumab),Bangalore,Bangalore,BlueDart,0,2025-03-29 00:00:00,2025-03-30 13:00:00
SHP-97972,COVID-19 mRNA Vaccine,Delhi,Bangalore,FedEx,0,16/01/2025 00:00,2025-01-18 03:00:00
SHP-21264,Humira (Adalimumab),Delhi,Hyderabad,DHL,0,2025-06-21 00:00:00,2025-06-22 20:00:00
SHP-65159,COVID-19 mRNA Vaccine,Bangalore,Chennai,DHL,0,2025-07-24 00:00:00,2025-07-26 07:00:00
SHP-18303,Amoxicillin,Mumbai,delhi,Delhivery,0,2025-10-12 00:00:00,2025-10-14 14:00:00
SHP-26519,Amoxicillin,Delhi,Bangalore,FedEx,0,2025-04-16 00:00:00,2025-04-18 16:00:00
SHP-62963,Humira (Adalimumab),Bangalore,Delhi ,FedEx,0,2025-11-09 00:00:00,2025-11-11 15:00:00
SHP-54658,Humira (Adalimumab),Mumbai,Hyderabad,Shadowfax,0,08/10/2025 00:00,2025-10-08 21:00:00
SHP-14937,Amoxicillin,Mumbai,Hyderabad,BlueDart,0,2025-02-23 00:00:00,2025-02-24 14:00:00
SHP-64096,Humira (Adalimumab),Chennai,Mumbai,DHL,0,18/12/2025 00:00,2025-12-19 18:00:00
SHP-73271,COVID-19 mRNA Vaccine,Mumbai,Bangalore,Delhivery,1,2025-09-15 00:00:00,2025-09-16 07:00:00
SHP-70123,COVID-19 mRNA Vaccine,Delhi,Mumbai ,FedEx,0,2025-07-20 00:00:00,2025-07-20 19:00:00
SHP-42823,Amoxicillin,Delhi,Delhi,DHL,0,2025-12-22 00:00:00,2025-12-24 07:00:00
SHP-94559,Insulin Glargine,Bangalore,Chennai,Delhivery,0,2025-04-15 00:00:00,2025-04-17 12:00:00
SHP-29389,COVID-19 mRNA Vaccine,Bangalore,Mumbai,,0,2025-06-22 00:00:00,2025-06-22 12:00:00
SHP-55251,Humira (Adalimumab),Mumbai,Hyderabad,Delhivery,0,2025-04-09 00:00:00,2025-04-11 08:00:00
SHP-73739,Insulin Glargine,Hyderabad,Bangalore ,DHL,0,21/06/2025 00:00,2025-06-22 14:00:00
SHP-59091,Insulin Glargine,Chennai,Delhi,Shadowfax,1,2025-06-10 00:00:00,2025-06-12 11:00:00
SHP-63484,COVID-19 mRNA Vaccine,Hyderabad,Hyderabad,BlueDart,0,2025-06-04 00:00:00,2025-06-05 19:00:00
SHP-66160,COVID-19 mRNA Vaccine,Mumbai,Chennai,DHL,0,2025-12-05 00:00:00,2025-12-06 14:00:00
SHP-79480,Insulin Glargine,Mumbai,bangalore,BlueDart,0,2025-03-21 00:00:00,2025-03-22 11:00:00
SHP-79779,Insulin Glargine,Hyderabad,Chennai ,DHL,0,2025-08-05 00:00:00,2025-08-06 13:00:00
SHP-67104,Amoxicillin,Chennai,chennai,FedEx,0,2025-01-25 00:00:00,2025-01-26 03:00:00
SHP-58579,Humira (Adalimumab),Hyderabad,bangalore,Shadowfax,0,2025-10-09 00:00:00,2025-10-11 21:00:00
SHP-26148,Amoxicillin,Bangalore,bangalore ,Shadowfax,0,2025-04-01 00:00:00,2025-04-03 06:00:00
SHP-52921,COVID-19 mRNA Vaccine,Delhi,Chennai ,BlueDart,0,2025-02-15 00:00:00,2025-02-15 17:00:00
SHP-16280,Amoxicillin,Bangalore,Delhi,FedEx,0,18/09/2025 00:00,2025-09-19 23:00:00
SHP-41725,Amoxicillin,Delhi,Bangalore,Delhivery,1,2025-09-03 00:00:00,2025-09-05 17:00:00
SHP-66761,Amoxicillin,Mumbai,Hyderabad ,Shadowfax,0,2025-05-07 00:00:00,2025-05-08 04:00:00
SHP-28901,Amoxicillin,Chennai,Mumbai,FedEx,0,2025-12-20 00:00:00,2025-12-22 23:00:00
SHP-95127,Humira (Adalimumab),Hyderabad,Delhi,FedEx,0,2025-04-09 00:00:00,2025-04-09 22:00:00
SHP-98280,Humira (Adalimumab),Chennai,Bangalore,BlueDart,0,2025-11-25 00:00:00,2025-11-25 19:00:00
SHP-31813,Insulin Glargine,Hyderabad,Bangalore,FedEx,0,2025-06-16 00:00:00,2025-06-18 02:00:00
SHP-17947,COVID-19 mRNA Vaccine,Bangalore,Delhi,FedEx,0,2025-06-20 00:00:00,2025-06-22 23:00:00
SHP-22173,Amoxicillin,Bangalore,Mumbai,Delhivery,0,21/09/2025 00:00,2025-09-21 13:00:00
SHP-13336,Insulin Glargine,Hyderabad,Chennai,BlueDart,0,01/05/2025 00:00,2025-05-03 08:00:00
SHP-63985,Insulin Glargine,Chennai,Hyderabad,BlueDart,0,2025-09-19 00:00:00,2025-09-19 21:00:00
SHP-72044,Insulin Glargine,Hyderabad,Bangalore ,FedEx,0,2025-03-23 00:00:00,2025-03-25 18:00:00
SHP-18563,Humira (Adalimumab),Mumbai,Mumbai,Delhivery,0,2025-09-02 00:00:00,2025-09-03 22:00:00
SHP-85224,Amoxicillin,Bangalore,Hyderabad,DHL,0,2025-09-15 00:00:00,2025-09-17 12:00:00
SHP-79279,Amoxicillin,Mumbai,Delhi,Shadowfax,0,2025-12-30 00:00:00,2026-01-01 20:00:00
SHP-40190,COVID-19 mRNA Vaccine,Bangalore,Bangalore,,0,2025-10-16 00:00:00,2025-10-18 05:00:00
SHP-80340,Amoxicillin,Bangalore,Chennai,Delhivery,0,2025-03-14 00:00:00,2025-03-15 04:00:00
SHP-27887,Amoxicillin,Delhi,Delhi,Delhivery,0,2025-01-12 00:00:00,2025-01-14 00:00:00
SHP-23499,Insulin Glargine,Mumbai,Bangalore,FedEx,0,2025-04-24 00:00:00,2025-04-24 16:00:00
SHP-58697,COVID-19 mRNA Vaccine,Mumbai,Mumbai,Shadowfax,0,03/06/2025 00:00,2025-06-04 00:00:00
SHP-51848,Amoxicillin,Delhi,Hyderabad,BlueDart,0,2025-03-04 00:00:00,2025-03-04 19:00:00
SHP-27139,Humira (Adalimumab),Chennai,Hyderabad,DHL,1,2025-11-28 00:00:00,2025-11-30 17:00:00
SHP-90248,Amoxicillin,Mumbai,Bangalore,FedEx,0,2025-08-12 00:00:00,2025-08-13 02:00:00
SHP-15219,Insulin Glargine,Hyderabad,Delhi,BlueDart,0,2025-04-13 00:00:00,2025-04-14 08:00:00
SHP-53129,Humira (Adalimumab),Delhi,Chennai,BlueDart,0,2025-02-10 00:00:00,2025-02-12 06:00:00
SHP-29913,Insulin Glargine,Mumbai,Mumbai ,,0,2025-01-23 00:00:00,2025-01-24 12:00:00
SHP-43975,Amoxicillin,Chennai,Bangalore,Shadowfax,0,2025-02-04 00:00:00,2025-02-06 16:00:00
SHP-54401,Humira (Adalimumab),Mumbai,Mumbai,DHL,0,19/05/2025 00:00,2025-05-21 23:00:00
SHP-10232,COVID-19 mRNA Vaccine,Bangalore,Hyderabad,Shadowfax,0,13/07/2025 00:00,2025-07-15 05:00:00
SHP-13813,COVID-19 mRNA Vaccine,Hyderabad,Chennai,Delhivery,0,2025-09-03 00:00:00,2025-09-04 02:00:00
SHP-50374,Humira (Adalimumab),Delhi,Mumbai,DHL,0,2025-08-18 00:00:00,2025-08-19 15:00:00
SHP-35831,Humira (Adalimumab),Bangalore,Bangalore ,DHL,0,2025-10-14 00:00:00,2025-10-15 00:00:00
SHP-95067,Insulin Glargine,Chennai,Chennai,FedEx,0,2025-07-03 00:00:00,2025-07-04 16:00:00
SHP-75096,Humira (Adalimumab),Bangalore,delhi,DHL,0,2025-01-21 00:00:00,2025-01-21 16:00:00
SHP-42022,Insulin Glargine,Bangalore,Bangalore,BlueDart,0,2025-03-09 00:00:00,2025-03-11 06:00:00
SHP-28947,Amoxicillin,Chennai,mumbai,Shadowfax,0,07/10/2025 00:00,2025-10-07 22:00:00
SHP-95629,Insulin Glargine,Bangalore,Chennai,Shadowfax,0,2025-06-01 00:00:00,2025-06-02 03:00:00
SHP-10160,Humira (Adalimumab),Delhi,Bangalore ,FedEx,0,2025-04-20 00:00:00,2025-04-21 06:00:00
SHP-21979,Humira (Adalimumab),Mumbai,Chennai,DHL,0,2025-12-29 00:00:00,2025-12-29 20:00:00
SHP-60209,Amoxicillin,Bangalore,Chennai,Delhivery,1,2025-03-18 00:00:00,2025-03-19 17:00:00
SHP-22177,Humira (Adalimumab),Delhi,Chennai ,BlueDart,0,2025-09-13 00:00:00,2025-09-15 14:00:00
SHP-87780,Humira (Adalimumab),Mumbai,Mumbai,FedEx,0,22/08/2025 00:00,2025-08-23 03:00:00
SHP-41987,COVID-19 mRNA Vaccine,Mumbai,Bangalore,DHL,0,2025-03-22 00:00:00,2025-03-22 14:00:00
SHP-58077,COVID-19 mRNA Vaccine,Bangalore,Hyderabad,Delhivery,0,2025-10-26 00:00:00,2025-10-28 01:00:00
SHP-51670,Amoxicillin,Delhi,Hyderabad,DHL,0,2025-10-27 00:00:00,2025-10-28 21:00:00
SHP-12235,Insulin Glargine,Bangalore,mumbai,FedEx,0,2025-02-09 00:00:00,2025-02-10 07:00:00
SHP-35823,COVID-19 mRNA Vaccine,Chennai,Mumbai,Delhivery,0,2025-03-06 00:00:00,2025-03-08 12:00:00
SHP-16979,Insulin Glargine,Mumbai,Chennai,Delhivery,0,2025-12-02 00:00:00,2025-12-03 00:00:00
SHP-75113,Humira (Adalimumab),Bangalore,Bangalore,Delhivery,0,2025-03-26 00:00:00,2025-03-27 20:00:00
SHP-43852,COVID-19 mRNA Vaccine,Mumbai,Bangalore,Delhivery,0,2025-03-24 00:00:00,2025-03-24 16:00:00
SHP-57429,Amoxicillin,Delhi,Delhi,DHL,0,12/10/2025 00:00,2025-10-13 00:00:00
SHP-99464,Amoxicillin,Hyderabad,Delhi ,Delhivery,0,2025-10-01 00:00:00,2025-10-01 20:00:00
SHP-78997,Amoxicillin,Bangalore,Hyderabad,DHL,1,2025-02-11 00:00:00,2025-02-12 16:00:00
SHP-46759,COVID-19 mRNA Vaccine,Bangalore,Delhi,Delhivery,0,2025-01-05 00:00:00,2025-01-07 01:00:00
SHP-89860,Insulin Glargine,Mumbai,Delhi,Delhivery,0,29/03/2025 00:00,2025-03-31 11:00:00
SHP-52090,Humira (Adalimumab),Delhi,Hyderabad ,FedEx,0,2025-08-03 00:00:00,2025-08-05 03:00:00
SHP-32278,Insulin Glargine,Chennai,Hyderabad,DHL,0,2025-07-09 00:00:00,2025-07-11 20:00:00
SHP-84528,Insulin Glargine,Delhi,Delhi,DHL,0,2025-06-19 00:00:00,2025-06-21 04:00:00
SHP-85553,Humira (Adalimumab),Bangalore,Bangalore ,Shadowfax,0,2025-10-01 00:00:00,2025-10-01 17:00:00
SHP-52726,Humira (Adalimumab),Chennai,Delhi,FedEx,0,2025-03-12 00:00:00,2025-03-12 18:00:00
SHP-54739,COVID-19 mRNA Vaccine,Delhi,chennai,DHL,0,2025-10-09 00:00:00,2025-10-11 06:00:00
SHP-30192,COVID-19 mRNA Vaccine,Hyderabad,chennai,FedEx,0,2025-08-01 00:00:00,2025-08-02 02:00:00
SHP-63205,COVID-19 mRNA Vaccine,Mumbai,Chennai,FedEx,0,2025-09-20 00:00:00,2025-09-22 13:00:00
SHP-87197,COVID-19 mRNA Vaccine,Delhi,Mumbai,FedEx,0,2025-03-22 00:00:00,2025-03-22 14:00:00
SHP-27846,COVID-19 mRNA Vaccine,Delhi,Chennai ,BlueDart,0,25/05/2025 00:00,2025-05-27 22:00:00
SHP-85276,Humira (Adalimumab),Hyderabad,Bangalore,DHL,0,2025-08-18 00:00:00,2025-08-19 11:00:00
SHP-24687,Insulin Glargine,Bangalore,mumbai,FedEx,0,2025-11-25 00:00:00,2025-11-26 00:00:00
SHP-89948,COVID-19 mRNA Vaccine,Mumbai,Mumbai,BlueDart,0,2025-09-18 00:00:00,2025-09-21 00:00:00
SHP-21677,COVID-19 mRNA Vaccine,Delhi,Chennai,BlueDart,0,12/07/2025 00:00,2025-07-14 21:00:00
SHP-30403,Insulin Glargine,Chennai,Delhi,Delhivery,0,2025-08-18 00:00:00,2025-08-18 17:00:00
SHP-73261,COVID-19 mRNA Vaccine,Delhi,Hyderabad,Delhivery,1,2025-01-13 00:00:00,2025-01-14 02:00:00
SHP-67482,Insulin Glargine,Mumbai,Delhi,DHL,0,2025-09-29 00:00:00,2025-10-01 15:00:00
SHP-60946,Insulin Glargine,Delhi,Delhi,Delhivery,0,2025-05-10 00:00:00,2025-05-10 19:00:00
SHP-58180,Humira (Adalimumab),Hyderabad,Mumbai,DHL,0,2025-11-04 00:00:00,2025-11-04 15:00:00
SHP-21926,Amoxicillin,Delhi,Mumbai,BlueDart,0,26/03/2025 00:00,2025-03-27 07:00:00
SHP-12310,Humira (Adalimumab),Delhi,Mumbai,BlueDart,0,08/12/2025 00:00,2025-12-09 13:00:00
SHP-77027,Amoxicillin,Chennai,Bangalore,DHL,0,2025-02-05 00:00:00,2025-02-06 16:00:00
SHP-42603,Amoxicillin,Hyderabad,Bangalore,Delhivery,1,2025-09-17 00:00:00,2025-09-18 12:00:00
SHP-36063,Amoxicillin,Hyderabad,Hyderabad,Delhivery,0,2025-05-22 00:00:00,2025-05-24 01:00:00
SHP-68538,COVID-19 mRNA Vaccine,Delhi,Mumbai,DHL,1,2025-03-15 00:00:00,2025-03-17 23:00:00
SHP-29901,Humira (Adalimumab),Chennai,Chennai ,Shadowfax,0,2025-06-17 00:00:00,2025-06-18 23:00:00
SHP-62806,Amoxicillin,Delhi,Mumbai ,Delhivery,0,2025-02-17 00:00:00,2025-02-18 16:00:00
SHP-56843,Insulin Glargine,Delhi,Bangalore,FedEx,0,29/03/2025 00:00,2025-03-31 17:00:00
SHP-96291,COVID-19 mRNA Vaccine,Mumbai,mumbai,Delhivery,0,2025-08-30 00:00:00,2025-09-01 05:00:00
SHP-17035,Humira (Adalimumab),Mumbai,Bangalore,Shadowfax,0,2025-10-01 00:00:00,2025-10-01 20:00:00
SHP-42825,Amoxicillin,Chennai,Mumbai,,0,2025-09-26 00:00:00,2025-09-26 15:00:00
SHP-85468,Insulin Glargine,Bangalore,Chennai ,BlueDart,1,2025-01-16 00:00:00,2025-01-17 19:00:00
SHP-67032,Humira (Adalimumab),Mumbai,Hyderabad,BlueDart,0,2025-07-26 00:00:00,2025-07-28 21:00:00
SHP-13270,Humira (Adalimumab),Bangalore,Chennai,Delhivery,0,2025-12-09 00:00:00,2025-12-09 14:00:00
SHP-33815,COVID-19 mRNA Vaccine,Hyderabad,Bangalore,BlueDart,0,2025-06-16 00:00:00,2025-06-17 11:00:00
SHP-83771,Humira (Adalimumab),Mumbai,Delhi,Shadowfax,0,2025-04-24 00:00:00,2025-04-24 12:00:00
SHP-32410,COVID-19 mRNA Vaccine,Mumbai,Chennai ,Shadowfax,0,2025-02-28 00:00:00,2025-03-01 22:00:00
SHP-91689,Amoxicillin,Chennai,Mumbai,Delhivery,0,2025-08-29 00:00:00,2025-08-31 13:00:00
SHP-70364,COVID-19 mRNA Vaccine,Bangalore,Hyderabad,FedEx,0,2025-01-04 00:00:00,2025-01-05 14:00:00
SHP-65019,Insulin Glargine,Mumbai,Mumbai,Delhivery,0,25/10/2025 00:00,2025-10-26 20:00:00
SHP-80482,COVID-19 mRNA Vaccine,Mumbai,Mumbai,BlueDart,1,16/12/2025 00:00,2025-12-17 03:00:00
SHP-34465,Insulin Glargine,Chennai,Chennai,Delhivery,0,2025-02-12 00:00:00,2025-02-14 03:00:00
SHP-58712,COVID-19 mRNA Vaccine,Chennai,Hyderabad ,Shadowfax,0,2025-01-06 00:00:00,2025-01-07 04:00:00
SHP-44261,Humira (Adalimumab),Bangalore,Delhi,Delhivery,0,2025-03-06 00:00:00,2025-03-07 08:00:00
SHP-67534,Amoxicillin,Hyderabad,Mumbai,Delhivery,0,2025-10-17 00:00:00,2025-10-18 12:00:00
SHP-45539,Insulin Glargine,Hyderabad,Hyderabad ,FedEx,0,28/04/2025 00:00,2025-04-29 12:00:00
SHP-14596,COVID-19 mRNA Vaccine,Delhi,Delhi,Shadowfax,0,2025-08-21 00:00:00,2025-08-22 09:00:00
SHP-84836,COVID-19 mRNA Vaccine,Mumbai,Mumbai,DHL,0,2025-07-16 00:00:00,2025-07-18 13:00:00
SHP-95278,COVID-19 mRNA Vaccine,Bangalore,Hyderabad ,DHL,0,2025-09-18 00:00:00,2025-09-18 16:00:00
SHP-12388,Humira (Adalimumab),Mumbai,Chennai,Shadowfax,0,2025-08-02 00:00:00,2025-08-04 21:00:00
SHP-30067,Humira (Adalimumab),Bangalore,Mumbai ,DHL,0,2025-05-25 00:00:00,2025-05-26 08:00:00
SHP-48131,Insulin Glargine,Bangalore,mumbai,BlueDart,1,19/06/2025 00:00,2025-06-20 23:00:00
SHP-19731,Insulin Glargine,Bangalore,Hyderabad ,DHL,0,2025-01-31 00:00:00,2025-01-31 21:00:00
SHP-75096,Humira (Adalimumab),Mumbai,Mumbai,BlueDart,0,2025-01-23 00:00:00,2025-01-25 16:00:00
SHP-45925,Insulin Glargine,Chennai,Delhi,,0,2025-09-23 00:00:00,2025-09-25 00:00:00
SHP-47291,Amoxicillin,Mumbai,Mumbai,DHL,0,2025-06-17 00:00:00,2025-06-19 16:00:00
SHP-87809,Amoxicillin,Bangalore,Bangalore ,DHL,0,2025-09-25 00:00:00,2025-09-26 05:00:00
SHP-48236,Humira (Adalimumab),Delhi,Delhi,BlueDart,0,2025-10-03 00:00:00,2025-10-04 08:00:00
SHP-81116,Insulin Glargine,Hyderabad,Hyderabad,BlueDart,0,2025-01-27 00:00:00,2025-01-29 21:00:00
SHP-26823,COVID-19 mRNA Vaccine,Bangalore,Delhi,Delhivery,0,2025-01-31 00:00:00,2025-02-02 11:00:00
SHP-34322,Amoxicillin,Delhi,Bangalore,FedEx,1,2025-01-07 00:00:00,2025-01-09 22:00:00
SHP-21114,Humira (Adalimumab),Chennai,bangalore,DHL,1,28/03/2025 00:00,2025-03-30 01:00:00
SHP-32331,Insulin Glargine,Bangalore,Mumbai,FedEx,1,01/03/2025 00:00,2025-03-02 06:00:00
SHP-66917,Humira (Adalimumab),Delhi,Mumbai ,FedEx,0,2025-01-02 00:00:00,2025-01-04 22:00:00
SHP-81506,COVID-19 mRNA Vaccine,Bangalore,Chennai,DHL,0,2025-07-30 00:00:00,2025-08-01 15:00:00
SHP-47422,Amoxicillin,Mumbai,Delhi,BlueDart,0,2025-06-18 00:00:00,2025-06-19 01:00:00
SHP-71330,Humira (Adalimumab),Delhi,Chennai ,Delhivery,0,2025-12-07 00:00:00,2025-12-07 23:00:00
SHP-20437,Humira (Adalimumab),Mumbai,Bangalore,Shadowfax,0,2025-02-24 00:00:00,2025-02-25 23:00:00
SHP-43344,Humira (Adalimumab),Mumbai,Mumbai,DHL,1,2025-05-17 00:00:00,2025-05-18 17:00:00
SHP-39152,COVID-19 mRNA Vaccine,Delhi,Mumbai,DHL,0,2025-04-01 00:00:00,2025-04-02 06:00:00
SHP-39377,Humira (Adalimumab),Hyderabad,Mumbai,Shadowfax,0,2025-03-20 00:00:00,2025-03-21 05:00:00
SHP-21018,COVID-19 mRNA Vaccine,Delhi,hyderabad,FedEx,0,2025-12-08 00:00:00,2025-12-08 18:00:00
SHP-51419,COVID-19 mRNA Vaccine,Hyderabad,Bangalore,,0,14/03/2025 00:00,2025-03-16 00:00:00
SHP-96199,COVID-19 mRNA Vaccine,Bangalore,Mumbai,FedEx,0,22/01/2025 00:00,2025-01-24 22:00:00
SHP-81304,Amoxicillin,Bangalore,Bangalore ,Shadowfax,0,2025-09-06 00:00:00,2025-09-08 15:00:00
SHP-46130,Amoxicillin,Delhi,Mumbai ,Shadowfax,0,22/02/2025 00:00,2025-02-23 23:00:00
SHP-92053,Humira (Adalimumab),Bangalore,Delhi,Delhivery,0,2025-11-14 00:00:00,2025-11-14 14:00:00
SHP-68345,Humira (Adalimumab),Chennai,Bangalore ,Shadowfax,0,17/02/2025 00:00,2025-02-18 23:00:00
SHP-70370,Amoxicillin,Mumbai,Chennai,Shadowfax,0,2025-08-07 00:00:00,2025-08-08 14:00:00
SHP-81463,Insulin Glargine,Mumbai,hyderabad,Delhivery,1,2025-03-24 00:00:00,2025-03-24 20:00:00
SHP-56639,Amoxicillin,Hyderabad,Chennai,DHL,0,2025-04-13 00:00:00,2025-04-13 18:00:00
SHP-32170,COVID-19 mRNA Vaccine,Bangalore,Bangalore,,0,2025-11-16 00:00:00,2025-11-18 17:00:00
SHP-76044,Amoxicillin,Hyderabad,Mumbai ,DHL,0,2025-11-01 00:00:00,2025-11-02 19:00:00
SHP-49940,COVID-19 mRNA Vaccine,Mumbai,Bangalore,DHL,0,2025-02-21 00:00:00,2025-02-23 19:00:00
SHP-73337,Humira (Adalimumab),Mumbai,Hyderabad,FedEx,0,2025-02-20 00:00:00,2025-02-20 16:00:00
SHP-92632,Insulin Glargine,Bangalore,Bangalore,DHL,0,2025-01-13 00:00:00,2025-01-14 23:00:00
SHP-23723,Humira (Adalimumab),Chennai,Mumbai,Delhivery,0,05/02/2025 00:00,2025-02-05 15:00:00
SHP-49077,COVID-19 mRNA Vaccine,Chennai,Chennai,FedEx,0,11/07/2025 00:00,2025-07-12 12:00:00
SHP-86936,COVID-19 mRNA Vaccine,Bangalore,delhi ,BlueDart,0,11/07/2025 00:00,2025-07-11 13:00:00
SHP-49525,COVID-19 mRNA Vaccine,Bangalore,Chennai,DHL,0,2025-11-13 00:00:00,2025-11-13 21:00:00
SHP-48426,Insulin Glargine,Hyderabad,Mumbai,Shadowfax,0,2025-08-27 00:00:00,2025-08-28 08:00:00
SHP-93726,Amoxicillin,Bangalore,Mumbai,FedEx,1,2025-11-21 00:00:00,2025-11-22 09:00:00
SHP-17902,Humira (Adalimumab),Chennai,Hyderabad,BlueDart,0,28/01/2025 00:00,2025-01-29 13:00:00
SHP-36621,Humira (Adalimumab),Bangalore,Bangalore,Shadowfax,0,2025-10-25 00:00:00,2025-10-27 01:00:00
SHP-75499,Amoxicillin,Hyderabad,Bangalore,BlueDart,0,2025-02-17 00:00:00,2025-02-17 15:00:00
SHP-95422,Humira (Adalimumab),Hyderabad,Chennai,DHL,0,2025-02-18 00:00:00,2025-02-20 14:00:00
SHP-55080,Insulin Glargine,Hyderabad,Delhi,Shadowfax,0,2025-11-12 00:00:00,2025-11-13 13:00:00
SHP-58940,Humira (Adalimumab),Hyderabad,Delhi,DHL,0,2025-05-26 00:00:00,2025-05-26 14:00:00
SHP-52675,COVID-19 mRNA Vaccine,Delhi,Hyderabad,Shadowfax,0,27/10/2025 00:00,2025-10-29 12:00:00
SHP-26878,Amoxicillin,Bangalore,Mumbai ,FedEx,0,2025-09-10 00:00:00,2025-09-10 16:00:00
SHP-94703,Insulin Glargine,Mumbai,Hyderabad,Delhivery,0,2025-11-20 00:00:00,2025-11-21 23:00:00
SHP-93532,Amoxicillin,Bangalore,Bangalore,Delhivery,0,2025-08-19 00:00:00,2025-08-20 15:00:00
SHP-79799,Insulin Glargine,Delhi,Mumbai,BlueDart,0,2025-06-22 00:00:00,2025-06-23 12:00:00
SHP-76505,COVID-19 mRNA Vaccine,Hyderabad,Hyderabad,Shadowfax,0,20/05/2025 00:00,2025-05-23 00:00:00
SHP-93360,Amoxicillin,Delhi,Chennai ,DHL,0,22/08/2025 00:00,2025-08-23 14:00:00
SHP-57723,Humira (Adalimumab),Chennai,Bangalore,FedEx,0,28/02/2025 00:00,2025-03-01 15:00:00
SHP-13430,Insulin Glargine,Chennai,Delhi,FedEx,0,17/11/2025 00:00,2025-11-19 21:00:00
SHP-95190,Amoxicillin,Bangalore,Hyderabad,FedEx,0,14/09/2025 00:00,2025-09-14 12:00:00
SHP-97943,Humira (Adalimumab),Bangalore,Bangalore ,Delhivery,0,2025-08-11 00:00:00,2025-08-13 01:00:00
SHP-93247,Amoxicillin,Mumbai,Bangalore,DHL,0,03/09/2025 00:00,2025-09-05 07:00:00
SHP-13929,Amoxicillin,Mumbai,Delhi,FedEx,0,11/05/2025 00:00,2025-05-13 00:00:00
SHP-46753,Amoxicillin,Chennai,delhi,FedEx,0,2025-06-14 00:00:00,2025-06-15 00:00:00
SHP-21883,Insulin Glargine,Hyderabad,Delhi,BlueDart,0,04/09/2025 00:00,2025-09-06 17:00:00
SHP-34824,Humira (Adalimumab),Delhi,hyderabad,Shadowfax,0,12/08/2025 00:00,2025-08-12 16:00:00
SHP-33213,COVID-19 mRNA Vaccine,Mumbai,Delhi,Shadowfax,0,2025-05-30 00:00:00,2025-06-02 00:00:00
SHP-51346,Insulin Glargine,Mumbai,Chennai ,Shadowfax,0,2025-11-11 00:00:00,2025-11-12 06:00:00
SHP-66869,Insulin Glargine,Hyderabad,Bangalore,BlueDart,0,06/06/2025 00:00,2025-06-07 09:00:00
SHP-81032,Insulin Glargine,Hyderabad,Delhi,Delhivery,0,2025-05-22 00:00:00,2025-05-23 15:00:00
SHP-67887,COVID-19 mRNA Vaccine,Bangalore,Bangalore,BlueDart,0,2025-12-01 00:00:00,2025-12-03 05:00:00
SHP-33892,Humira (Adalimumab),Delhi,Mumbai,FedEx,0,2025-07-06 00:00:00,2025-07-08 16:00:00
SHP-51010,Humira (Adalimumab),Hyderabad,Mumbai,DHL,0,2025-12-03 00:00:00,2025-12-04 02:00:00
SHP-28921,Humira (Adalimumab),Mumbai,Delhi ,FedEx,0,2025-04-04 00:00:00,2025-04-04 19:00:00
SHP-77418,Amoxicillin,Mumbai,Bangalore,FedEx,0,2025-11-24 00:00:00,2025-11-25 14:00:00
SHP-52390,Amoxicillin,Chennai,Mumbai ,DHL,0,2025-10-03 00:00:00,2025-10-03 15:00:00
SHP-15078,Amoxicillin,Hyderabad,Delhi,Shadowfax,0,02/09/2025 00:00,2025-09-02 22:00:00
SHP-15810,COVID-19 mRNA Vaccine,Bangalore,Bangalore,,0,2025-02-05 00:00:00,2025-02-06 19:00:00
SHP-29348,Amoxicillin,Delhi,Delhi ,Delhivery,0,17/11/2025 00:00,2025-11-19 21:00:00
SHP-73536,COVID-19 mRNA Vaccine,Bangalore,bangalore,FedEx,0,2025-12-30 00:00:00,2025-12-31 00:00:00
SHP-57342,Humira (Adalimumab),Mumbai,Mumbai ,FedEx,0,2025-03-26 00:00:00,2025-03-26 16:00:00
SHP-82357,Amoxicillin,Bangalore,Delhi,Delhivery,0,2025-07-13 00:00:00,2025-07-15 03:00:00
SHP-86150,Amoxicillin,Mumbai,Mumbai ,BlueDart,1,2025-04-04 00:00:00,2025-04-06 21:00:00
SHP-39542,Insulin Glargine,Mumbai,Delhi,FedEx,0,2025-05-19 00:00:00,2025-05-20 18:00:00
SHP-87033,COVID-19 mRNA Vaccine,Mumbai,Hyderabad,Delhivery,0,2025-08-24 00:00:00,2025-08-26 22:00:00
SHP-67643,Humira (Adalimumab),Mumbai,Mumbai,FedEx,0,2025-02-09 00:00:00,2025-02-09 17:00:00
SHP-29844,Insulin Glargine,Mumbai,Mumbai ,Shadowfax,0,2025-12-31 00:00:00,2026-01-02 15:00:00
SHP-94370,Insulin Glargine,Chennai,Chennai,Shadowfax,0,2025-11-26 00:00:00,2025-11-27 11:00:00
SHP-66170,Humira (Adalimumab),Bangalore,Mumbai,FedEx,0,2025-07-10 00:00:00,2025-07-12 15:00:00
SHP-31231,Insulin Glargine,Chennai,Bangalore ,FedEx,0,12/05/2025 00:00,2025-05-14 14:00:00
SHP-16184,COVID-19 mRNA Vaccine,Chennai,Delhi,Shadowfax,0,18/09/2025 00:00,2025-09-18 19:00:00
SHP-88804,COVID-19 mRNA Vaccine,Hyderabad,Hyderabad,FedEx,0,28/06/2025 00:00,2025-06-29 20:00:00
SHP-93952,Amoxicillin,Hyderabad,Bangalore,BlueDart,0,2025-08-17 00:00:00,2025-08-18 17:00:00
SHP-76035,Insulin Glargine,Hyderabad,Bangalore,BlueDart,0,09/10/2025 00:00,2025-10-11 05:00:00
SHP-63014,Amoxicillin,Delhi,Bangalore ,DHL,0,2025-12-20 00:00:00,2025-12-21 16:00:00
SHP-10389,Insulin Glargine,Hyderabad,Bangalore ,BlueDart,0,2025-02-15 00:00:00,2025-02-17 22:00:00
SHP-13633,COVID-19 mRNA Vaccine,Bangalore,Hyderabad,FedEx,0,2025-03-09 00:00:00,2025-03-10 19:00:00
SHP-60891,COVID-19 mRNA Vaccine,Chennai,Chennai,FedEx,1,2025-09-17 00:00:00,2025-09-17 12:00:00
SHP-48095,COVID-19 mRNA Vaccine,Bangalore,Mumbai,Delhivery,0,2025-08-20 00:00:00,2025-08-21 17:00:00
SHP-77396,Insulin Glargine,Hyderabad,Bangalore,BlueDart,0,2025-04-01 00:00:00,2025-04-03 02:00:00
SHP-56160,COVID-19 mRNA Vaccine,Delhi,Mumbai,Shadowfax,0,2025-03-13 00:00:00,2025-03-15 20:00:00
SHP-46770,Insulin Glargine,Delhi,Mumbai,Shadowfax,0,2025-08-15 00:00:00,2025-08-15 20:00:00
SHP-21874,Amoxicillin,Chennai,Bangalore,DHL,0,21/01/2025 00:00,2025-01-23 21:00:00
SHP-28806,Insulin Glargine,Bangalore,Chennai,Delhivery,0,2025-08-03 00:00:00,2025-08-04 11:00:00
SHP-84522,Amoxicillin,Mumbai,Mumbai,Shadowfax,0,14/10/2025 00:00,2025-10-14 20:00:00
SHP-34968,Insulin Glargine,Bangalore,Delhi ,DHL,0,2025-06-01 00:00:00,2025-06-01 12:00:00
SHP-14236,Amoxicillin,Hyderabad,Mumbai ,BlueDart,0,2025-06-06 00:00:00,2025-06-06 18:00:00
SHP-88222,COVID-19 mRNA Vaccine,Mumbai,Bangalore,Delhivery,0,2025-12-19 00:00:00,2025-12-21 05:00:00
SHP-69352,Amoxicillin,Delhi,Hyderabad,Delhivery,0,2025-02-15 00:00:00,2025-02-16 09:00:00
SHP-29594,COVID-19 mRNA Vaccine,Chennai,Mumbai,FedEx,0,2025-11-18 00:00:00,2025-11-19 10:00:00
SHP-66198,COVID-19 mRNA Vaccine,Chennai,Chennai ,BlueDart,0,2025-02-01 00:00:00,2025-02-02 20:00:00
SHP-76223,Amoxicillin,Delhi,Delhi,Delhivery,0,2025-10-16 00:00:00,2025-10-18 10:00:00
SHP-78410,Insulin Glargine,Hyderabad,Delhi ,DHL,0,2025-02-28 00:00:00,2025-03-02 11:00:00
SHP-68995,Insulin Glargine,Delhi,Hyderabad,Shadowfax,0,2025-01-21 00:00:00,2025-01-23 00:00:00
SHP-38891,Humira (Adalimumab),Hyderabad,Hyderabad,BlueDart,0,2025-11-10 00:00:00,2025-11-12 18:00:00
SHP-66437,Insulin Glargine,Mumbai,Mumbai,BlueDart,0,2025-05-23 00:00:00,2025-05-24 18:00:00
SHP-27588,Humira (Adalimumab),Delhi,Bangalore ,Delhivery,0,08/11/2025 00:00,2025-11-10 18:00:00
SHP-64323,Insulin Glargine,Hyderabad,Chennai,Delhivery,0,10/04/2025 00:00,2025-04-12 14:00:00
SHP-14807,Insulin Glargine,Mumbai,Delhi,Delhivery,0,2025-01-17 00:00:00,2025-01-17 13:00:00
SHP-19145,COVID-19 mRNA Vaccine,Delhi,Hyderabad,DHL,0,2025-08-23 00:00:00,2025-08-24 18:00:00
SHP-28860,Humira (Adalimumab),Chennai,Chennai,FedEx,0,2025-04-27 00:00:00,2025-04-28 20:00:00
SHP-71629,Insulin Glargine,Delhi,Bangalore ,Delhivery,0,2025-05-28 00:00:00,2025-05-28 18:00:00
SHP-82808,Humira (Adalimumab),Bangalore,Delhi,FedEx,0,2025-09-27 00:00:00,2025-09-28 15:00:00
SHP-81060,COVID-19 mRNA Vaccine,Delhi,Delhi,FedEx,0,2025-03-10 00:00:00,2025-03-12 06:00:00
SHP-59504,COVID-19 mRNA Vaccine,Bangalore,Bangalore,BlueDart,1,01/08/2025 00:00,2025-08-02 10:00:00
SHP-17562,Humira (Adalimumab),Mumbai,Delhi,Shadowfax,0,2025-09-15 00:00:00,2025-09-16 14:00:00
SHP-51576,COVID-19 mRNA Vaccine,Delhi,bangalore,Shadowfax,0,2025-08-31 00:00:00,2025-09-01 03:00:00
SHP-92843,Amoxicillin,Mumbai,Delhi,DHL,0,2025-08-21 00:00:00,2025-08-23 08:00:00
SHP-11585,Amoxicillin,Mumbai,mumbai,DHL,0,26/04/2025 00:00,2025-04-27 09:00:00
SHP-64431,COVID-19 mRNA Vaccine,Hyderabad,Bangalore ,Shadowfax,0,2025-05-28 00:00:00,2025-05-28 21:00:00
SHP-53253,Amoxicillin,Mumbai,Chennai,Shadowfax,0,2025-07-07 00:00:00,2025-07-08 18:00:00
SHP-56817,Insulin Glargine,Mumbai,Mumbai,,0,2025-08-24 00:00:00,2025-08-26 01:00:00
SHP-86828,Humira (Adalimumab),Delhi,Chennai,BlueDart,0,2025-11-11 00:00:00,2025-11-12 00:00:00
SHP-47017,Insulin Glargine,Delhi,Delhi ,Shadowfax,0,2025-10-23 00:00:00,2025-10-24 02:00:00
SHP-64657,Humira (Adalimumab),Chennai,Chennai,Delhivery,0,2025-03-10 00:00:00,2025-03-12 00:00:00
SHP-52088,COVID-19 mRNA Vaccine,Hyderabad,Mumbai ,Delhivery,0,2025-10-30 00:00:00,2025-10-31 01:00:00
SHP-61862,Insulin Glargine,Mumbai,Bangalore,BlueDart,0,2025-03-25 00:00:00,2025-03-26 15:00:00
SHP-75004,COVID-19 mRNA Vaccine,Hyderabad,Hyderabad,FedEx,0,2025-11-17 00:00:00,2025-11-18 02:00:00
SHP-38895,COVID-19 mRNA Vaccine,Bangalore,Chennai,Shadowfax,0,2025-08-27 00:00:00,2025-08-29 00:00:00
SHP-29453,Humira (Adalimumab),Mumbai,Hyderabad,DHL,0,2025-12-18 00:00:00,2025-12-19 23:00:00
SHP-12843,Humira (Adalimumab),Hyderabad,Chennai ,Delhivery,0,2025-08-28 00:00:00,2025-08-29 05:00:00
SHP-71422,Humira (Adalimumab),Chennai,chennai,,0,2025-01-06 00:00:00,2025-01-06 22:00:00
SHP-61160,Insulin Glargine,Chennai,Bangalore,Delhivery,1,2025-07-31 00:00:00,2025-08-02 00:00:00
SHP-93497,Amoxicillin,Mumbai,Delhi,FedEx,0,2025-01-08 00:00:00,2025-01-09 07:00:00
SHP-87411,Humira (Adalimumab),Bangalore,Mumbai ,Shadowfax,0,2025-07-06 00:00:00,2025-07-08 17:00:00
SHP-46383,Humira (Adalimumab),Chennai,Mumbai,Shadowfax,0,2025-08-10 00:00:00,2025-08-12 21:00:00
SHP-33757,Insulin Glargine,Chennai,Mumbai ,Shadowfax,0,2025-09-14 00:00:00,2025-09-16 09:00:00
SHP-72575,Humira (Adalimumab),Bangalore,Delhi,BlueDart,0,18/10/2025 00:00,2025-10-20 12:00:00
SHP-86799,Insulin Glargine,Hyderabad,Hyderabad,FedEx,0,2025-07-13 00:00:00,2025-07-15 18:00:00
SHP-37991,COVID-19 mRNA Vaccine,Chennai,Mumbai,DHL,0,2025-05-04 00:00:00,2025-05-06 06:00:00
SHP-10668,Humira (Adalimumab),Delhi,Hyderabad,DHL,0,2025-05-11 00:00:00,2025-05-12 01:00:00
SHP-27706,Humira (Adalimumab),Chennai,Delhi,Shadowfax,0,2025-05-23 00:00:00,2025-05-25 22:00:00
SHP-27559,COVID-19 mRNA Vaccine,Hyderabad,delhi,DHL,0,2025-01-11 00:00:00,2025-01-11 17:00:00
SHP-71346,COVID-19 mRNA Vaccine,Hyderabad,Bangalore,Delhivery,0,2025-07-21 00:00:00,2025-07-22 18:00:00
SHP-71600,COVID-19 mRNA Vaccine,Mumbai,Mumbai,FedEx,0,2025-11-13 00:00:00,2025-11-13 23:00:00
SHP-38944,Humira (Adalimumab),Delhi,Bangalore,FedEx,0,2025-01-26 00:00:00,2025-01-26 19:00:00
SHP-89309,Amoxicillin,Hyderabad,Mumbai ,FedEx,1,2025-04-21 00:00:00,2025-04-21 23:00:00
SHP-22685,Amoxicillin,Bangalore,Delhi ,Delhivery,0,02/05/2025 00:00,2025-05-03 09:00:00
SHP-93190,Amoxicillin,Delhi,Delhi,,0,22/04/2025 00:00,2025-04-24 20:00:00
SHP-43777,Humira (Adalimumab),Delhi,Chennai,Delhivery,0,2025-07-20 00:00:00,2025-07-22 07:00:00
SHP-94484,COVID-19 mRNA Vaccine,Bangalore,chennai,FedEx,0,2025-07-18 00:00:00,2025-07-18 16:00:00
SHP-52689,Humira (Adalimumab),Chennai,Delhi,FedEx,0,2025-01-14 00:00:00,2025-01-16 14:00:00
SHP-40789,COVID-19 mRNA Vaccine,Bangalore,Delhi,FedEx,0,2025-04-24 00:00:00,2025-04-26 11:00:00
SHP-73741,Humira (Adalimumab),Bangalore,Hyderabad ,DHL,0,29/01/2025 00:00,2025-01-29 18:00:00
SHP-65861,Humira (Adalimumab),Chennai,Hyderabad,BlueDart,0,2025-07-10 00:00:00,2025-07-12 14:00:00
SHP-76910,COVID-19 mRNA Vaccine,Chennai,Bangalore,Delhivery,0,2025-09-12 00:00:00,2025-09-12 13:00:00
SHP-41887,Amoxicillin,Chennai,Chennai,FedEx,0,2025-07-31 00:00:00,2025-08-01 01:00:00
SHP-31576,COVID-19 mRNA Vaccine,Chennai,Chennai ,Shadowfax,0,2025-10-11 00:00:00,2025-10-13 09:00:00
SHP-37750,Insulin Glargine,Chennai,delhi,BlueDart,0,2025-03-26 00:00:00,2025-03-26 15:00:00
SHP-88119,Insulin Glargine,Bangalore,Delhi,Shadowfax,0,2025-02-15 00:00:00,2025-02-17 09:00:00
SHP-37723,COVID-19 mRNA Vaccine,Mumbai,bangalore ,,0,2025-01-21 00:00:00,2025-01-22 20:00:00
SHP-16714,Humira (Adalimumab),Mumbai,Chennai,FedEx,0,2025-08-22 00:00:00,2025-08-23 08:00:00
SHP-33696,Insulin Glargine,Hyderabad,Hyderabad ,BlueDart,0,2025-07-31 00:00:00,2025-08-03 00:00:00
SHP-68246,Insulin Glargine,Mumbai,Mumbai,BlueDart,0,2025-11-28 00:00:00,2025-11-28 14:00:00
SHP-68346,Humira (Adalimumab),Mumbai,bangalore,FedEx,0,2025-11-04 00:00:00,2025-11-05 02:00:00
SHP-97736,Humira (Adalimumab),Bangalore,Mumbai,Shadowfax,0,2025-12-30 00:00:00,2025-12-31 09:00:00
SHP-27214,Amoxicillin,Chennai,Hyderabad,Shadowfax,0,2025-09-18 00:00:00,2025-09-20 12:00:00
SHP-22704,Humira (Adalimumab),Chennai,Hyderabad,DHL,0,2025-02-09 00:00:00,2025-02-11 08:00:00
SHP-57222,COVID-19 mRNA Vaccine,Bangalore,Mumbai,Shadowfax,0,2025-09-06 00:00:00,2025-09-08 00:00:00
SHP-55598,COVID-19 mRNA Vaccine,Mumbai,Bangalore ,Shadowfax,0,2025-02-05 00:00:00,2025-02-05 16:00:00
SHP-13679,Amoxicillin,Bangalore,Mumbai,BlueDart,0,13/07/2025 00:00,2025-07-15 14:00:00
SHP-97443,Insulin Glargine,Hyderabad,Bangalore,DHL,0,2025-12-14 00:00:00,2025-12-15 04:00:00
SHP-66575,Insulin Glargine,Chennai,Bangalore,FedEx,0,2025-07-12 00:00:00,2025-07-13 03:00:00
SHP-28955,Humira (Adalimumab),Delhi,Delhi,FedEx,0,30/01/2025 00:00,2025-01-30 16:00:00
SHP-13019,COVID-19 mRNA Vaccine,Hyderabad,Chennai,Delhivery,0,2025-08-29 00:00:00,2025-08-31 13:00:00
SHP-73560,Insulin Glargine,Hyderabad,chennai,DHL,0,2025-08-02 00:00:00,2025-08-04 00:00:00
SHP-85327,Amoxicillin,Bangalore,Hyderabad,BlueDart,0,2025-04-18 00:00:00,2025-04-20 07:00:00
SHP-49364,Amoxicillin,Mumbai,Delhi,Delhivery,0,2025-12-20 00:00:00,2025-12-21 00:00:00
SHP-41661,COVID-19 mRNA Vaccine,Chennai,Chennai,Delhivery,0,09/12/2025 00:00,2025-12-11 07:00:00
SHP-35532,Amoxicillin,Delhi,Bangalore,FedEx,0,2025-09-19 00:00:00,2025-09-19 23:00:00
SHP-62073,Amoxicillin,Hyderabad,Bangalore ,Shadowfax,0,2025-05-02 00:00:00,2025-05-03 07:00:00
SHP-33741,COVID-19 mRNA Vaccine,Delhi,Mumbai,BlueDart,0,2025-09-15 00:00:00,2025-09-17 03:00:00
SHP-39361,Humira (Adalimumab),Mumbai,Mumbai ,DHL,0,2025-11-09 00:00:00,2025-11-10 12:00:00
SHP-74623,Humira (Adalimumab),Mumbai,Bangalore ,Delhivery,0,2025-09-25 00:00:00,2025-09-25 19:00:00
SHP-21651,Amoxicillin,Delhi,Bangalore,BlueDart,0,2025-11-20 00:00:00,2025-11-21 07:00:00
SHP-47195,Humira (Adalimumab),Chennai,Mumbai,FedEx,0,2025-08-27 00:00:00,2025-08-28 21:00:00
SHP-69674,Humira (Adalimumab),Mumbai,Chennai,Delhivery,0,2025-01-08 00:00:00,2025-01-09 00:00:00
SHP-24319,Amoxicillin,Delhi,Hyderabad ,Delhivery,0,01/10/2025 00:00,2025-10-03 04:00:00
SHP-68320,Humira (Adalimumab),Hyderabad,Mumbai,FedEx,0,2025-05-28 00:00:00,2025-05-28 19:00:00
SHP-44216,Amoxicillin,Delhi,Chennai,FedEx,0,2025-11-29 00:00:00,2025-11-30 16:00:00
SHP-60160,Insulin Glargine,Delhi,Chennai,FedEx,0,09/05/2025 00:00,2025-05-10 18:00:00
SHP-69615,COVID-19 mRNA Vaccine,Bangalore,chennai,BlueDart,0,2025-02-07 00:00:00,2025-02-09 18:00:00
SHP-81804,COVID-19 mRNA Vaccine,Mumbai,Delhi,BlueDart,0,2025-06-16 00:00:00,2025-06-17 06:00:00
SHP-83876,Humira (Adalimumab),Chennai,Delhi,BlueDart,0,03/07/2025 00:00,2025-07-05 15:00:00
SHP-85595,Humira (Adalimumab),Chennai,Chennai,Shadowfax,0,2025-09-16 00:00:00,2025-09-16 17:00:00
SHP-16970,Humira (Adalimumab),Bangalore,Bangalore,Delhivery,0,2025-05-20 00:00:00,2025-05-21 14:00:00
SHP-72194,COVID-19 mRNA Vaccine,Chennai,Delhi,BlueDart,0,2025-06-10 00:00:00,2025-06-11 05:00:00
SHP-65109,Insulin Glargine,Delhi,Mumbai,Shadowfax,0,2025-01-07 00:00:00,2025-01-07 20:00:00
SHP-90936,Insulin Glargine,Bangalore,Delhi,Delhivery,0,2025-08-08 00:00:00,2025-08-08 13:00:00
SHP-10593,COVID-19 mRNA Vaccine,Hyderabad,Bangalore,BlueDart,0,2025-12-21 00:00:00,2025-12-23 01:00:00
SHP-84622,Insulin Glargine,Mumbai,Hyderabad,FedEx,0,2025-09-02 00:00:00,2025-09-02 16:00:00
SHP-47987,COVID-19 mRNA Vaccine,Mumbai,Delhi,DHL,0,13/06/2025 00:00,2025-06-13 20:00:00
SHP-38375,Insulin Glargine,Mumbai,Chennai ,BlueDart,0,01/06/2025 00:00,2025-06-03 09:00:00
SHP-92758,Amoxicillin,Delhi,Chennai,DHL,0,2025-07-18 00:00:00,2025-07-19 12:00:00
SHP-91571,Amoxicillin,Hyderabad,Chennai,,0,25/10/2025 00:00,2025-10-25 18:00:00
SHP-80069,COVID-19 mRNA Vaccine,Bangalore,Hyderabad,FedEx,0,25/05/2025 00:00,2025-05-25 18:00:00
SHP-13276,Insulin Glargine,Bangalore,Bangalore,DHL,0,2025-03-25 00:00:00,2025-03-25 15:00:00
SHP-57509,Humira (Adalimumab),Mumbai,Mumbai,Shadowfax,0,2025-06-17 00:00:00,2025-06-19 20:00:00
SHP-78057,Insulin Glargine,Hyderabad,Bangalore,FedEx,0,2025-05-03 00:00:00,2025-05-04 05:00:00
SHP-61362,Amoxicillin,Hyderabad,Hyderabad,DHL,0,2025-10-12 00:00:00,2025-10-13 22:00:00
SHP-55025,Amoxicillin,Hyderabad,Chennai,DHL,0,2025-04-11 00:00:00,2025-04-12 01:00:00
SHP-73609,Insulin Glargine,Chennai,Bangalore,FedEx,0,2025-07-11 00:00:00,2025-07-13 03:00:00
SHP-76151,Insulin Glargine,Chennai,Mumbai,FedEx,0,2025-10-27 00:00:00,2025-10-30 00:00:00
SHP-14859,Humira (Adalimumab),Mumbai,Chennai,FedEx,0,2025-02-18 00:00:00,2025-02-20 01:00:00
SHP-82583,Humira (Adalimumab),Hyderabad,Mumbai,Delhivery,0,2025-07-31 00:00:00,2025-08-02 23:00:00
SHP-66750,Insulin Glargine,Hyderabad,Delhi,Shadowfax,1,2025-01-26 00:00:00,2025-01-26 17:00:00
SHP-20974,Insulin Glargine,Bangalore,mumbai,BlueDart,0,23/05/2025 00:00,2025-05-26 00:00:00
SHP-52477,Insulin Glargine,Bangalore,Chennai,DHL,0,2025-10-12 00:00:00,2025-10-12 16:00:00
SHP-18630,Insulin Glargine,Mumbai,Delhi,,0,2025-06-02 00:00:00,2025-06-02 13:00:00
SHP-17103,COVID-19 mRNA Vaccine,Hyderabad,Chennai,FedEx,1,2025-01-22 00:00:00,2025-01-24 18:00:00
SHP-67257,Insulin Glargine,Mumbai,Chennai,Shadowfax,0,2025-11-14 00:00:00,2025-11-14 19:00:00
SHP-77894,Humira (Adalimumab),Bangalore,delhi,Shadowfax,0,2025-02-10 00:00:00,2025-02-12 15:00:00
SHP-55772,Amoxicillin,Bangalore,Mumbai,Delhivery,0,2025-11-28 00:00:00,2025-11-28 18:00:00
SHP-34272,COVID-19 mRNA Vaccine,Chennai,Hyderabad,FedEx,0,2025-02-23 00:00:00,2025-02-24 07:00:00
SHP-76487,Insulin Glargine,Mumbai,Hyderabad,DHL,0,2025-09-24 00:00:00,2025-09-24 20:00:00
SHP-25170,Amoxicillin,Mumbai,Hyderabad ,Delhivery,0,14/12/2025 00:00,2025-12-15 05:00:00
SHP-89111,COVID-19 mRNA Vaccine,Hyderabad,Hyderabad,FedEx,0,2025-02-21 00:00:00,2025-02-21 17:00:00
SHP-37842,Amoxicillin,Hyderabad,Bangalore,,0,14/03/2025 00:00,2025-03-16 05:00:00
SHP-11824,Insulin Glargine,Chennai,Hyderabad,BlueDart,0,2025-04-06 00:00:00,2025-04-07 02:00:00
SHP-92264,Insulin Glargine,Delhi,delhi ,FedEx,0,2025-01-23 00:00:00,2025-01-24 05:00:00
SHP-76494,Humira (Adalimumab),Delhi,Hyderabad,DHL,0,2025-08-05 00:00:00,2025-08-06 17:00:00
SHP-30282,Insulin Glargine,Delhi,Chennai,DHL,0,2025-06-24 00:00:00,2025-06-26 21:00:00
SHP-59063,Insulin Glargine,Mumbai,Hyderabad,FedEx,0,2025-05-25 00:00:00,2025-05-26 08:00:00
SHP-27222,COVID-19 mRNA Vaccine,Mumbai,Mumbai,Delhivery,0,2025-05-19 00:00:00,2025-05-20 15:00:00
SHP-17341,Humira (Adalimumab),Bangalore,delhi,Shadowfax,0,17/07/2025 00:00,2025-07-18 23:00:00
SHP-67420,COVID-19 mRNA Vaccine,Mumbai,Delhi,FedEx,0,2025-07-19 00:00:00,2025-07-20 19:00:00
SHP-47649,Amoxicillin,Mumbai,Bangalore,DHL,0,2025-10-15 00:00:00,2025-10-16 12:00:00
SHP-58747,Insulin Glargine,Mumbai,Chennai,BlueDart,0,2025-12-17 00:00:00,2025-12-19 00:00:00
SHP-82411,Amoxicillin,Chennai,Delhi,DHL,0,2025-06-28 00:00:00,2025-06-29 00:00:00
SHP-94444,COVID-19 mRNA Vaccine,Mumbai,Mumbai,,0,2025-01-22 00:00:00,2025-01-24 06:00:00
SHP-31900,Insulin Glargine,Hyderabad,Hyderabad,DHL,0,2025-04-08 00:00:00,2025-04-09 05:00:00
SHP-92267,Insulin Glargine,Hyderabad,Delhi,Shadowfax,0,2025-02-02 00:00:00,2025-02-02 18:00:00
SHP-99194,COVID-19 mRNA Vaccine,Bangalore,mumbai,FedEx,0,2025-01-12 00:00:00,2025-01-13 18:00:00
SHP-76769,COVID-19 mRNA Vaccine,Chennai,Hyderabad,DHL,1,17/10/2025 00:00,2025-10-17 17:00:00
SHP-85809,COVID-19 mRNA Vaccine,Hyderabad,Bangalore,Delhivery,0,2025-05-11 00:00:00,2025-05-11 17:00:00
SHP-91535,COVID-19 mRNA Vaccine,Chennai,Delhi,Delhivery,0,2025-02-02 00:00:00,2025-02-02 21:00:00
SHP-40798,COVID-19 mRNA Vaccine,Chennai,Delhi,DHL,0,19/08/2025 00:00,2025-08-21 04:00:00
SHP-34519,Insulin Glargine,Bangalore,Mumbai,DHL,0,2025-01-06 00:00:00,2025-01-07 22:00:00
SHP-19694,COVID-19 mRNA Vaccine,Chennai,chennai,BlueDart,0,2025-07-22 00:00:00,2025-07-24 15:00:00
SHP-56457,Insulin Glargine,Mumbai,Bangalore,,0,2025-07-05 00:00:00,2025-07-07 15:00:00
SHP-80939,Insulin Glargine,Chennai,Chennai,BlueDart,1,2025-06-20 00:00:00,2025-06-22 16:00:00
SHP-33406,COVID-19 mRNA Vaccine,Bangalore,Delhi,BlueDart,0,2025-09-15 00:00:00,2025-09-17 09:00:00
SHP-86914,COVID-19 mRNA Vaccine,Bangalore,Chennai,BlueDart,1,2025-07-23 00:00:00,2025-07-23 18:00:00
SHP-89002,Humira (Adalimumab),Bangalore,Hyderabad,BlueDart,0,2025-11-02 00:00:00,2025-11-04 17:00:00
SHP-28765,Insulin Glargine,Hyderabad,Bangalore,FedEx,0,2025-06-16 00:00:00,2025-06-17 06:00:00
SHP-77523,COVID-19 mRNA Vaccine,Mumbai,Chennai,Delhivery,0,2025-01-29 00:00:00,2025-01-29 20:00:00
SHP-94050,COVID-19 mRNA Vaccine,Hyderabad,Hyderabad,,0,15/07/2025 00:00,2025-07-17 03:00:00
SHP-32146,COVID-19 mRNA Vaccine,Delhi,Mumbai,,0,2025-05-26 00:00:00,2025-05-26 18:00:00
SHP-84069,Humira (Adalimumab),Mumbai,Chennai,BlueDart,1,2025-10-20 00:00:00,2025-10-22 16:00:00
SHP-53676,Humira (Adalimumab),Chennai,Bangalore,Delhivery,1,2025-11-08 00:00:00,2025-11-09 16:00:00
SHP-60248,Amoxicillin,Bangalore,Hyderabad ,DHL,1,2025-03-25 00:00:00,2025-03-27 05:00:00
SHP-43222,Insulin Glargine,Delhi,chennai,DHL,0,2025-09-17 00:00:00,2025-09-19 08:00:00
SHP-14425,Amoxicillin,Mumbai,Mumbai ,Delhivery,1,2025-03-01 00:00:00,2025-03-02 08:00:00
SHP-21637,COVID-19 mRNA Vaccine,Hyderabad,Chennai,BlueDart,0,2025-07-30 00:00:00,2025-07-31 07:00:00
SHP-75063,Humira (Adalimumab),Bangalore,Hyderabad,FedEx,0,2025-10-24 00:00:00,2025-10-26 10:00:00
SHP-89086,Humira (Adalimumab),Hyderabad,chennai,Delhivery,0,03/06/2025 00:00,2025-06-05 13:00:00
SHP-68102,Amoxicillin,Mumbai,Bangalore,Shadowfax,0,2025-11-25 00:00:00,2025-11-27 04:00:00
SHP-33534,Humira (Adalimumab),Mumbai,Delhi,FedEx,1,2025-08-09 00:00:00,2025-08-10 15:00:00
SHP-97619,COVID-19 mRNA Vaccine,Delhi,Hyderabad ,Shadowfax,1,2025-05-20 00:00:00,2025-05-22 09:00:00
SHP-39373,Humira (Adalimumab),Chennai,Hyderabad,Delhivery,0,2025-02-08 00:00:00,2025-02-09 01:00:00
SHP-38236,Amoxicillin,Hyderabad,Hyderabad,BlueDart,0,2025-06-23 00:00:00,2025-06-25 05:00:00
SHP-87146,COVID-19 mRNA Vaccine,Delhi,Hyderabad,Shadowfax,0,2025-04-19 00:00:00,2025-04-21 03:00:00
SHP-23895,Amoxicillin,Bangalore,Chennai ,Delhivery,0,2025-01-05 00:00:00,2025-01-05 23:00:00
SHP-77815,Humira (Adalimumab),Chennai,Bangalore,FedEx,0,2025-10-24 00:00:00,2025-10-26 21:00:00
SHP-70173,Amoxicillin,Delhi,Mumbai,BlueDart,0,2025-11-11 00:00:00,2025-11-13 10:00:00
SHP-41942,Amoxicillin,Hyderabad,Bangalore,Shadowfax,0,2025-08-31 00:00:00,2025-08-31 20:00:00
SHP-85794,Insulin Glargine,Mumbai,Hyderabad ,Delhivery,0,2025-10-05 00:00:00,2025-10-05 19:00:00
SHP-26072,Humira (Adalimumab),Bangalore,Chennai,BlueDart,0,2025-07-13 00:00:00,2025-07-15 15:00:00
SHP-80779,Humira (Adalimumab),Hyderabad,Chennai,BlueDart,0,29/07/2025 00:00,2025-07-30 19:00:00
SHP-43855,Amoxicillin,Chennai,Hyderabad,DHL,0,2025-06-11 00:00:00,2025-06-12 13:00:00
SHP-61262,Insulin Glargine,Chennai,Chennai,BlueDart,0,2025-01-23 00:00:00,2025-01-25 04:00:00
SHP-24021,Humira (Adalimumab),Mumbai,hyderabad,Delhivery,0,2025-04-03 00:00:00,2025-04-04 16:00:00
SHP-49504,COVID-19 mRNA Vaccine,Mumbai,Bangalore ,FedEx,0,2025-06-10 00:00:00,2025-06-11 18:00:00
SHP-61282,Amoxicillin,Bangalore,delhi,DHL,0,2025-06-14 00:00:00,2025-06-15 01:00:00
SHP-30298,Humira (Adalimumab),Bangalore,Chennai,Delhivery,0,2025-06-17 00:00:00,2025-06-18 15:00:00
SHP-45103,COVID-19 mRNA Vaccine,Mumbai,Hyderabad,Delhivery,0,2025-06-19 00:00:00,2025-06-21 22:00:00
SHP-11598,Humira (Adalimumab),Mumbai,Hyderabad,Delhivery,0,2025-07-01 00:00:00,2025-07-03 09:00:00
SHP-53753,COVID-19 mRNA Vaccine,Chennai,Chennai,Shadowfax,0,02/04/2025 00:00,2025-04-04 15:00:00
SHP-28989,Amoxicillin,Mumbai,Mumbai,Shadowfax,0,2025-10-24 00:00:00,2025-10-25 15:00:00
SHP-59465,Humira (Adalimumab),Delhi,Hyderabad,FedEx,0,2025-11-12 00:00:00,2025-11-13 05:00:00
SHP-37976,Humira (Adalimumab),Hyderabad,Chennai ,Delhivery,0,2025-02-16 00:00:00,2025-02-18 14:00:00
SHP-10261,Insulin Glargine,Mumbai,Hyderabad ,,0,2025-04-26 00:00:00,2025-04-26 15:00:00
SHP-43326,Amoxicillin,Bangalore,Mumbai,Shadowfax,0,2025-02-01 00:00:00,2025-02-03 22:00:00
SHP-52231,COVID-19 mRNA Vaccine,Delhi,Delhi,Shadowfax,0,2025-01-21 00:00:00,2025-01-21 19:00:00
SHP-52979,Humira (Adalimumab),Bangalore,Mumbai,FedEx,0,22/09/2025 00:00,2025-09-23 07:00:00
SHP-61522,Humira (Adalimumab),Delhi,Bangalore,,0,2025-04-27 00:00:00,2025-04-28 14:00:00
SHP-89136,COVID-19 mRNA Vaccine,Mumbai,Chennai,Delhivery,0,2025-04-15 00:00:00,2025-04-17 16:00:00
SHP-87854,Amoxicillin,Hyderabad,Mumbai,DHL,0,2025-09-21 00:00:00,2025-09-22 08:00:00
SHP-23237,Insulin Glargine,Bangalore,Delhi,Delhivery,0,2025-06-21 00:00:00,2025-06-21 13:00:00
SHP-83990,Insulin Glargine,Delhi,hyderabad,Shadowfax,1,2025-12-16 00:00:00,2025-12-17 08:00:00
SHP-44792,Humira (Adalimumab),Chennai,Chennai ,Shadowfax,0,2025-12-28 00:00:00,2025-12-29 11:00:00
SHP-74721,COVID-19 mRNA Vaccine,Mumbai,Mumbai,BlueDart,0,2025-09-16 00:00:00,2025-09-18 20:00:00
SHP-95634,Humira (Adalimumab),Hyderabad,Delhi ,Delhivery,0,2025-06-15 00:00:00,2025-06-16 17:00:00
SHP-59777,COVID-19 mRNA Vaccine,Mumbai,Mumbai ,Shadowfax,1,07/08/2025 00:00,2025-08-08 10:00:00
SHP-40230,Insulin Glargine,Chennai,bangalore,Shadowfax,0,2025-07-24 00:00:00,2025-07-25 15:00:00
SHP-62974,Amoxicillin,Hyderabad,Chennai,,0,2025-07-04 00:00:00,2025-07-06 11:00:00
SHP-59596,COVID-19 mRNA Vaccine,Chennai,Hyderabad,BlueDart,0,2025-05-29 00:00:00,2025-05-30 04:00:00
SHP-71227,Insulin Glargine,Mumbai,Delhi,Delhivery,0,2025-09-29 00:00:00,2025-10-01 02:00:00
SHP-55672,Humira (Adalimumab),Delhi,Mumbai ,FedEx,0,2025-06-05 00:00:00,2025-06-07 06:00:00
SHP-56805,COVID-19 mRNA Vaccine,Mumbai,Chennai ,Delhivery,0,2025-10-29 00:00:00,2025-10-30 21:00:00
SHP-14560,Amoxicillin,Mumbai,Mumbai ,Delhivery,0,2025-11-07 00:00:00,2025-11-08 05:00:00
SHP-27820,Humira (Adalimumab),Mumbai,Chennai,DHL,0,2025-07-31 00:00:00,2025-08-02 02:00:00
SHP-45363,Humira (Adalimumab),Bangalore,bangalore,Delhivery,0,2025-09-18 00:00:00,2025-09-19 22:00:00
SHP-73829,Insulin Glargine,Chennai,Mumbai,DHL,1,2025-09-24 00:00:00,2025-09-25 02:00:00
SHP-80805,COVID-19 mRNA Vaccine,Chennai,Bangalore ,DHL,0,2025-01-28 00:00:00,2025-01-29 22:00:00
SHP-26737,Humira (Adalimumab),Chennai,Delhi,Shadowfax,0,2025-08-10 00:00:00,2025-08-10 16:00:00
SHP-56519,Amoxicillin,Bangalore,Bangalore,FedEx,0,2025-05-11 00:00:00,2025-05-13 22:00:00
SHP-79962,COVID-19 mRNA Vaccine,Delhi,Chennai,DHL,0,2025-03-29 00:00:00,2025-03-29 22:00:00
SHP-82099,Amoxicillin,Mumbai,Delhi,BlueDart,0,18/07/2025 00:00,2025-07-19 06:00:00
SHP-32582,Humira (Adalimumab),Delhi,Mumbai ,BlueDart,0,2025-11-28 00:00:00,2025-11-30 20:00:00
SHP-38448,Amoxicillin,Bangalore,Mumbai,FedEx,0,2025-09-08 00:00:00,2025-09-09 20:00:00
SHP-25240,Insulin Glargine,Chennai,Chennai,DHL,0,2025-02-24 00:00:00,2025-02-26 11:00:00
SHP-86308,Amoxicillin,Mumbai,Hyderabad,FedEx,0,2025-01-04 00:00:00,2025-01-06 23:00:00
SHP-35861,COVID-19 mRNA Vaccine,Hyderabad,Hyderabad,Shadowfax,0,14/04/2025 00:00,2025-04-14 19:00:00
SHP-24765,Amoxicillin,Hyderabad,Mumbai,BlueDart,0,2025-04-12 00:00:00,2025-04-14 18:00:00
SHP-71278,Amoxicillin,Delhi,Chennai,Delhivery,0,2025-06-19 00:00:00,2025-06-19 16:00:00
SHP-68698,Insulin Glargine,Chennai,Hyderabad,BlueDart,0,2025-06-08 00:00:00,2025-06-10 20:00:00
SHP-44857,Amoxicillin,Hyderabad,Bangalore,DHL,0,2025-04-15 00:00:00,2025-04-16 14:00:00
SHP-84651,Amoxicillin,Delhi,Mumbai,FedEx,0,2025-05-16 00:00:00,2025-05-18 17:00:00
SHP-93166,Humira (Adalimumab),Bangalore,bangalore,BlueDart,0,2025-12-15 00:00:00,2025-12-17 19:00:00
SHP-62726,Humira (Adalimumab),Delhi,Chennai,Delhivery,0,2025-06-01 00:00:00,2025-06-01 20:00:00
SHP-71810,COVID-19 mRNA Vaccine,Delhi,Bangalore,Delhivery,0,30/10/2025 00:00,2025-10-31 16:00:00
SHP-78291,Humira (Adalimumab),Delhi,hyderabad,FedEx,0,2025-08-13 00:00:00,2025-08-15 02:00:00
SHP-98778,Humira (Adalimumab),Mumbai,Hyderabad,FedEx,0,31/03/2025 00:00,2025-04-01 02:00:00
SHP-92804,Humira (Adalimumab),Delhi,Delhi,BlueDart,1,2025-09-20 00:00:00,2025-09-23 00:00:00
SHP-54591,Humira (Adalimumab),Delhi,Mumbai ,DHL,0,2025-11-23 00:00:00,2025-11-25 03:00:00
SHP-20528,Insulin Glargine,Mumbai,Chennai,Shadowfax,0,24/04/2025 00:00,2025-04-25 17:00:00
SHP-18617,Humira (Adalimumab),Mumbai,mumbai,Delhivery,0,2025-10-14 00:00:00,2025-10-15 12:00:00
SHP-31583,Insulin Glargine,Bangalore,Bangalore,FedEx,0,2025-02-02 00:00:00,2025-02-03 07:00:00
SHP-82336,Insulin Glargine,Chennai,Chennai ,Shadowfax,0,31/03/2025 00:00,2025-03-31 14:00:00
SHP-39591,Humira (Adalimumab),Hyderabad,Chennai,Shadowfax,0,2025-02-10 00:00:00,2025-02-12 21:00:00
SHP-35596,Amoxicillin,Hyderabad,Hyderabad ,Shadowfax,0,2025-02-28 00:00:00,2025-03-01 03:00:00
SHP-27899,Insulin Glargine,Delhi,Bangalore,DHL,0,2025-02-01 00:00:00,2025-02-03 20:00:00
SHP-67823,Amoxicillin,Bangalore,Hyderabad,FedEx,0,2025-09-13 00:00:00,2025-09-13 17:00:00
SHP-89224,Amoxicillin,Delhi,Hyderabad,Delhivery,0,2025-11-30 00:00:00,2025-11-30 16:00:00
SHP-18232,Humira (Adalimumab),Hyderabad,Delhi,FedEx,0,03/08/2025 00:00,2025-08-05 04:00:00
SHP-62528,COVID-19 mRNA Vaccine,Mumbai,Hyderabad,BlueDart,0,20/12/2025 00:00,2025-12-20 15:00:00
SHP-24738,Humira (Adalimumab),Chennai,Mumbai ,Delhivery,0,2025-05-06 00:00:00,2025-05-08 18:00:00
SHP-23814,COVID-19 mRNA Vaccine,Bangalore,Chennai,FedEx,0,2025-11-09 00:00:00,2025-11-10 20:00:00
SHP-50137,COVID-19 mRNA Vaccine,Mumbai,Hyderabad,Delhivery,0,2025-02-12 00:00:00,2025-02-12 21:00:00
SHP-22770,Humira (Adalimumab),Chennai,Mumbai,BlueDart,0,17/05/2025 00:00,2025-05-19 14:00:00
SHP-40938,Humira (Adalimumab),Bangalore,Bangalore ,Delhivery,0,2025-10-20 00:00:00,2025-10-20 19:00:00
SHP-75153,COVID-19 mRNA Vaccine,Bangalore,Chennai,,0,11/11/2025 00:00,2025-11-13 14:00:00
SHP-91640,Humira (Adalimumab),Hyderabad,Bangalore ,DHL,0,29/01/2025 00:00,2025-01-31 13:00:00
SHP-42827,COVID-19 mRNA Vaccine,Mumbai,Mumbai ,BlueDart,0,2025-08-24 00:00:00,2025-08-26 07:00:00
SHP-36429,Amoxicillin,Bangalore,Bangalore,Delhivery,0,2025-07-14 00:00:00,2025-07-16 01:00:00
SHP-16683,Humira (Adalimumab),Bangalore,Bangalore,BlueDart,0,22/11/2025 00:00,2025-11-22 21:00:00
SHP-70734,Amoxicillin,Chennai,Bangalore,Shadowfax,0,2025-05-04 00:00:00,2025-05-04 20:00:00
SHP-73002,Insulin Glargine,Hyderabad,Hyderabad,DHL,0,2025-12-20 00:00:00,2025-12-21 07:00:00
SHP-97468,Amoxicillin,Delhi,hyderabad ,BlueDart,0,2025-05-20 00:00:00,2025-05-22 07:00:00
SHP-18902,Amoxicillin,Hyderabad,Hyderabad,Shadowfax,0,2025-10-01 00:00:00,2025-10-02 15:00:00
SHP-43572,COVID-19 mRNA Vaccine,Delhi,Chennai,Shadowfax,0,2025-11-14 00:00:00,2025-11-16 19:00:00
SHP-39612,Amoxicillin,Mumbai,Mumbai,Shadowfax,0,20/07/2025 00:00,2025-07-20 14:00:00
SHP-10299,Humira (Adalimumab),Mumbai,Hyderabad ,Delhivery,0,2025-03-18 00:00:00,2025-03-20 02:00:00
SHP-30695,COVID-19 mRNA Vaccine,Bangalore,Bangalore,FedEx,0,2025-02-26 00:00:00,2025-02-28 23:00:00
SHP-80205,Insulin Glargine,Mumbai,Bangalore,BlueDart,0,2025-10-21 00:00:00,2025-10-23 18:00:00
SHP-21825,Humira (Adalimumab),Bangalore,Bangalore,FedEx,0,2025-06-14 00:00:00,2025-06-16 19:00:00
SHP-95658,Insulin Glargine,Hyderabad,Bangalore ,Shadowfax,0,2025-05-11 00:00:00,2025-05-13 16:00:00
SHP-63795,Amoxicillin,Mumbai,Delhi,FedEx,0,2025-11-09 00:00:00,2025-11-09 21:00:00
SHP-25284,Humira (Adalimumab),Hyderabad,Chennai,Shadowfax,0,2025-11-29 00:00:00,2025-11-29 20:00:00
SHP-81226,Humira (Adalimumab),Hyderabad,Mumbai,Shadowfax,0,2025-02-24 00:00:00,2025-02-26 18:00:00
SHP-77880,Insulin Glargine,Mumbai,Mumbai,DHL,0,25/02/2025 00:00,2025-02-26 12:00:00
SHP-44833,Humira (Adalimumab),Hyderabad,Hyderabad ,DHL,0,2025-10-08 00:00:00,2025-10-09 09:00:00
SHP-24635,Humira (Adalimumab),Mumbai,Delhi,FedEx,0,2025-02-20 00:00:00,2025-02-21 14:00:00
SHP-56011,Humira (Adalimumab),Mumbai,Mumbai ,BlueDart,0,2025-04-05 00:00:00,2025-04-06 20:00:00
SHP-84658,Amoxicillin,Mumbai,Chennai,FedEx,0,2025-01-24 00:00:00,2025-01-25 17:00:00
SHP-61991,Insulin Glargine,Delhi,Bangalore,BlueDart,0,2025-07-08 00:00:00,2025-07-10 13:00:00
SHP-93436,Humira (Adalimumab),Hyderabad,Hyderabad,FedEx,0,2025-10-19 00:00:00,2025-10-20 19:00:00
SHP-63727,COVID-19 mRNA Vaccine,Chennai,Chennai,Delhivery,0,2025-10-16 00:00:00,2025-10-17 09:00:00
SHP-58321,COVID-19 mRNA Vaccine,Mumbai,Mumbai,Delhivery,1,2025-03-20 00:00:00,2025-03-21 19:00:00
SHP-77028,COVID-19 mRNA Vaccine,Hyderabad,Delhi,BlueDart,0,2025-01-13 00:00:00,2025-01-15 07:00:00
SHP-28452,COVID-19 mRNA Vaccine,Bangalore,Hyderabad,DHL,0,2025-12-21 00:00:00,2025-12-23 03:00:00
SHP-19375,Amoxicillin,Mumbai,Mumbai,BlueDart,0,01/07/2025 00:00,2025-07-02 16:00:00
SHP-85606,Humira (Adalimumab),Mumbai,Hyderabad ,FedEx,0,2025-12-17 00:00:00,2025-12-19 17:00:00
SHP-76297,Insulin Glargine,Chennai,Mumbai,Shadowfax,1,2025-02-21 00:00:00,2025-02-21 16:00:00
SHP-11146,Humira (Adalimumab),Delhi,Bangalore,Delhivery,0,12/04/2025 00:00,2025-04-15 00:00:00
SHP-30026,Amoxicillin,Delhi,Delhi,,0,14/05/2025 00:00,2025-05-16 07:00:00
SHP-33238,COVID-19 mRNA Vaccine,Mumbai,Bangalore,Delhivery,0,07/05/2025 00:00,2025-05-09 07:00:00
SHP-56975,Amoxicillin,Hyderabad,Mumbai,FedEx,0,2025-04-05 00:00:00,2025-04-06 04:00:00
SHP-40780,Humira (Adalimumab),Bangalore,Chennai,Delhivery,0,2025-02-16 00:00:00,2025-02-18 14:00:00
SHP-40493,Insulin Glargine,Bangalore,Bangalore,BlueDart,1,2025-12-10 00:00:00,2025-12-12 00:00:00
SHP-35131,Amoxicillin,Hyderabad,Chennai,Shadowfax,0,2025-05-05 00:00:00,2025-05-07 05:00:00
SHP-90752,Insulin Glargine,Mumbai,Mumbai,Shadowfax,0,2025-07-16 00:00:00,2025-07-18 19:00:00
SHP-52111,Amoxicillin,Bangalore,delhi,FedEx,0,2025-08-09 00:00:00,2025-08-11 19:00:00
SHP-41914,Insulin Glargine,Delhi,Chennai,Shadowfax,0,2025-10-12 00:00:00,2025-10-14 13:00:00
SHP-77557,Insulin Glargine,Hyderabad,Mumbai,FedEx,0,2025-01-17 00:00:00,2025-01-19 08:00:00
SHP-38041,COVID-19 mRNA Vaccine,Chennai,Chennai,DHL,0,2025-05-19 00:00:00,2025-05-20 04:00:00
SHP-69627,Insulin Glargine,Mumbai,Bangalore,BlueDart,1,2025-11-21 00:00:00,2025-11-21 20:00:00
SHP-56978,COVID-19 mRNA Vaccine,Hyderabad,Mumbai ,Delhivery,0,03/11/2025 00:00,2025-11-04 20:00:00
SHP-17428,Humira (Adalimumab),Bangalore,Bangalore,Delhivery,0,2025-01-30 00:00:00,2025-01-31 11:00:00
SHP-15973,Humira (Adalimumab),Mumbai,Hyderabad,Delhivery,0,2025-04-06 00:00:00,2025-04-08 19:00:00
SHP-46582,COVID-19 mRNA Vaccine,Delhi,Mumbai ,DHL,0,31/05/2025 00:00,2025-05-31 20:00:00
SHP-74653,COVID-19 mRNA Vaccine,Mumbai,Chennai ,BlueDart,1,2025-01-09 00:00:00,2025-01-11 09:00:00
SHP-34034,Amoxicillin,Mumbai,Hyderabad,Shadowfax,0,2025-06-18 00:00:00,2025-06-19 19:00:00
SHP-57912,Amoxicillin,Delhi,Bangalore,,0,2025-09-10 00:00:00,2025-09-12 18:00:00
SHP-73952,Amoxicillin,Delhi,Bangalore ,BlueDart,0,29/01/2025 00:00,2025-01-30 09:00:00
SHP-18696,Humira (Adalimumab),Mumbai,Chennai,,0,2025-12-31 00:00:00,2026-01-02 00:00:00
SHP-14458,Amoxicillin,Delhi,Hyderabad,Delhivery,0,29/12/2025 00:00,2025-12-30 08:00:00
SHP-14390,Insulin Glargine,Hyderabad,Delhi,Shadowfax,0,2025-01-26 00:00:00,2025-01-27 23:00:00
SHP-18503,Insulin Glargine,Delhi,chennai,BlueDart,0,2025-12-31 00:00:00,2026-01-01 22:00:00
SHP-66517,Amoxicillin,Delhi,Bangalore,Shadowfax,0,2025-08-27 00:00:00,2025-08-29 10:00:00
SHP-40702,Insulin Glargine,Mumbai,Mumbai ,BlueDart,1,26/04/2025 00:00,2025-04-28 09:00:00
SHP-78310,Humira (Adalimumab),Hyderabad,Hyderabad,FedEx,0,2025-02-11 00:00:00,2025-02-12 08:00:00
SHP-88253,Insulin Glargine,Chennai,Delhi ,Delhivery,0,2025-02-24 00:00:00,2025-02-24 18:00:00
SHP-73510,Humira (Adalimumab),Chennai,Mumbai,BlueDart,0,27/05/2025 00:00,2025-05-27 14:00:00
SHP-10458,COVID-19 mRNA Vaccine,Bangalore,hyderabad,DHL,0,2025-04-28 00:00:00,2025-04-29 01:00:00
SHP-34902,COVID-19 mRNA Vaccine,Delhi,Chennai,BlueDart,0,2025-11-08 00:00:00,2025-11-10 04:00:00
SHP-48232,COVID-19 mRNA Vaccine,Delhi,Chennai,FedEx,0,2025-06-11 00:00:00,2025-06-12 18:00:00
SHP-62939,COVID-19 mRNA Vaccine,Hyderabad,hyderabad ,DHL,0,2025-03-15 00:00:00,2025-03-17 12:00:00
SHP-90685,Insulin Glargine,Chennai,Delhi ,DHL,0,2025-11-06 00:00:00,2025-11-09 00:00:00
SHP-60151,Amoxicillin,Bangalore,Hyderabad ,BlueDart,0,2025-10-05 00:00:00,2025-10-07 10:00:00
SHP-54716,Insulin Glargine,Hyderabad,Mumbai,FedEx,0,2025-10-06 00:00:00,2025-10-08 15:00:00
SHP-14768,Humira (Adalimumab),Delhi,mumbai,DHL,0,05/03/2025 00:00,2025-03-06 00:00:00
SHP-29257,Insulin Glargine,Chennai,Chennai ,Delhivery,0,2025-10-18 00:00:00,2025-10-18 14:00:00
SHP-11300,Insulin Glargine,Bangalore,Hyderabad,Delhivery,0,2025-12-01 00:00:00,2025-12-02 23:00:00
SHP-77157,Humira (Adalimumab),Mumbai,chennai ,,0,2025-06-19 00:00:00,2025-06-21 17:00:00
SHP-82745,COVID-19 mRNA Vaccine,Chennai,Delhi,Shadowfax,0,2025-01-27 00:00:00,2025-01-29 02:00:00
SHP-27369,COVID-19 mRNA Vaccine,Bangalore,Mumbai,FedEx,0,15/02/2025 00:00,2025-02-15 22:00:00
SHP-49335,COVID-19 mRNA Vaccine,Hyderabad,bangalore,DHL,0,08/08/2025 00:00,2025-08-08 22:00:00
SHP-47410,Amoxicillin,Mumbai,Bangalore,Delhivery,1,2025-04-10 00:00:00,2025-04-11 19:00:00
SHP-30236,Humira (Adalimumab),Bangalore,Hyderabad,Delhivery,0,2025-05-11 00:00:00,2025-05-13 21:00:00
SHP-73772,Humira (Adalimumab),Bangalore,Hyderabad,FedEx,1,2025-03-05 00:00:00,2025-03-07 11:00:00
SHP-86500,Insulin Glargine,Delhi,Bangalore ,DHL,1,2025-04-23 00:00:00,2025-04-24 11:00:00
SHP-52915,Amoxicillin,Chennai,Hyderabad ,FedEx,0,2025-01-17 00:00:00,2025-01-18 11:00:00
SHP-38354,COVID-19 mRNA Vaccine,Delhi,Mumbai ,,0,2025-03-23 00:00:00,2025-03-24 02:00:00
SHP-48827,Amoxicillin,Mumbai,Delhi,,0,07/06/2025 00:00,2025-06-09 07:00:00
SHP-19160,Humira (Adalimumab),Bangalore,Delhi,FedEx,0,01/01/2025 00:00,2025-01-03 19:00:00
SHP-36935,Humira (Adalimumab),Delhi,chennai,FedEx,0,2025-09-07 00:00:00,2025-09-07 20:00:00
SHP-52049,Insulin Glargine,Chennai,Mumbai ,BlueDart,0,2025-10-25 00:00:00,2025-10-26 14:00:00
SHP-41345,Insulin Glargine,Mumbai,Hyderabad ,Shadowfax,1,17/06/2025 00:00,2025-06-18 05:00:00
SHP-40961,Humira (Adalimumab),Hyderabad,Hyderabad,Delhivery,0,2025-06-09 00:00:00,2025-06-10 16:00:00
SHP-46732,COVID-19 mRNA Vaccine,Delhi,Chennai,FedEx,1,2025-10-24 00:00:00,2025-10-26 10:00:00
SHP-61238,COVID-19 mRNA Vaccine,Mumbai,Chennai,Delhivery,0,28/10/2025 00:00,2025-10-29 00:00:00
SHP-26582,Amoxicillin,Hyderabad,Hyderabad,Shadowfax,0,24/06/2025 00:00,2025-06-25 23:00:00
SHP-99349,Humira (Adalimumab),Delhi,Hyderabad,FedEx,0,2025-10-02 00:00:00,2025-10-03 09:00:00
SHP-74396,Humira (Adalimumab),Mumbai,Mumbai,BlueDart,0,2025-07-30 00:00:00,2025-08-01 14:00:00
SHP-86292,COVID-19 mRNA Vaccine,Mumbai,Chennai,Delhivery,0,2025-04-28 00:00:00,2025-04-29 10:00:00
SHP-76823,COVID-19 mRNA Vaccine,Delhi,Mumbai ,BlueDart,0,2025-11-18 00:00:00,2025-11-19 06:00:00
SHP-63602,Humira (Adalimumab),Mumbai,Hyderabad,Shadowfax,1,2025-05-03 00:00:00,2025-05-05 10:00:00
SHP-25838,Insulin Glargine,Bangalore,Bangalore,Shadowfax,0,2025-05-26 00:00:00,2025-05-27 10:00:00
SHP-30198,Humira (Adalimumab),Delhi,bangalore,Delhivery,0,2025-05-28 00:00:00,2025-05-28 22:00:00
SHP-61447,Humira (Adalimumab),Mumbai,Hyderabad ,Shadowfax,0,2025-05-18 00:00:00,2025-05-19 13:00:00
SHP-15119,COVID-19 mRNA Vaccine,Hyderabad,Chennai,DHL,0,2025-10-27 00:00:00,2025-10-28 07:00:00
SHP-41124,COVID-19 mRNA Vaccine,Hyderabad,Bangalore,,0,2025-10-06 00:00:00,2025-10-07 10:00:00
SHP-95645,Insulin Glargine,Bangalore,Chennai,DHL,0,2025-05-01 00:00:00,2025-05-01 23:00:00
SHP-45759,Insulin Glargine,Delhi,Bangalore,Shadowfax,0,2025-09-24 00:00:00,2025-09-26 15:00:00
SHP-71786,Amoxicillin,Mumbai,chennai,Delhivery,0,2025-05-06 00:00:00,2025-05-08 10:00:00
SHP-58124,Humira (Adalimumab),Mumbai,Bangalore,DHL,0,11/03/2025 00:00,2025-03-11 14:00:00
SHP-64403,COVID-19 mRNA Vaccine,Hyderabad,Chennai,Shadowfax,0,06/12/2025 00:00,2025-12-08 04:00:00
SHP-44564,Insulin Glargine,Bangalore,Mumbai,FedEx,0,2025-03-28 00:00:00,2025-03-28 22:00:00
SHP-18379,Amoxicillin,Hyderabad,Chennai,FedEx,0,2025-10-12 00:00:00,2025-10-12 14:00:00
SHP-80730,Amoxicillin,Hyderabad,Mumbai,BlueDart,0,2025-10-13 00:00:00,2025-10-15 17:00:00
SHP-36155,COVID-19 mRNA Vaccine,Bangalore,Mumbai,FedEx,0,2025-08-09 00:00:00,2025-08-09 16:00:00
SHP-48657,COVID-19 mRNA Vaccine,Delhi,hyderabad,DHL,0,2025-09-06 00:00:00,2025-09-08 02:00:00
SHP-68920,Amoxicillin,Mumbai,Mumbai,FedEx,0,11/01/2025 00:00,2025-01-11 21:00:00
SHP-85109,Insulin Glargine,Delhi,Delhi,Delhivery,0,2025-04-21 00:00:00,2025-04-23 03:00:00
SHP-99623,Amoxicillin,Chennai,Mumbai ,,0,2025-04-20 00:00:00,2025-04-21 23:00:00
SHP-22744,Humira (Adalimumab),Chennai,Chennai,Delhivery,0,2025-06-06 00:00:00,2025-06-08 02:00:00
SHP-92423,Humira (Adalimumab),Chennai,Mumbai,FedEx,1,2025-11-01 00:00:00,2025-11-03 03:00:00
SHP-38157,COVID-19 mRNA Vaccine,Bangalore,Chennai,FedEx,0,2025-09-17 00:00:00,2025-09-17 20:00:00
SHP-13697,Insulin Glargine,Hyderabad,Chennai,BlueDart,0,2025-11-16 00:00:00,2025-11-16 15:00:00
SHP-78895,Insulin Glargine,Delhi,Delhi,Shadowfax,0,2025-09-23 00:00:00,2025-09-25 04:00:00
SHP-60701,Humira (Adalimumab),Mumbai,Mumbai,BlueDart,0,2025-11-02 00:00:00,2025-11-03 21:00:00
SHP-73900,Amoxicillin,Chennai,Mumbai,DHL,0,09/03/2025 00:00,2025-03-10 13:00:00
SHP-47970,COVID-19 mRNA Vaccine,Delhi,Bangalore ,Delhivery,0,2025-11-11 00:00:00,2025-11-12 12:00:00
SHP-15250,Amoxicillin,Chennai,Bangalore,FedEx,0,2025-06-08 00:00:00,2025-06-10 00:00:00
SHP-53327,Amoxicillin,Chennai,Hyderabad,Shadowfax,0,2025-02-04 00:00:00,2025-02-07 00:00:00
SHP-78147,Amoxicillin,Mumbai,Chennai,Shadowfax,0,2025-02-04 00:00:00,2025-02-04 12:00:00
SHP-97897,Insulin Glargine,Bangalore,Delhi ,FedEx,0,2025-01-02 00:00:00,2025-01-04 16:00:00
SHP-99452,Humira (Adalimumab),Hyderabad,Bangalore,BlueDart,1,2025-11-19 00:00:00,2025-11-20 09:00:00
SHP-13565,Insulin Glargine,Bangalore,Mumbai,Shadowfax,0,29/08/2025 00:00,2025-08-31 20:00:00
SHP-16401,Humira (Adalimumab),Delhi,Hyderabad,BlueDart,0,09/11/2025 00:00,2025-11-11 12:00:00
SHP-87226,COVID-19 mRNA Vaccine,Bangalore,Delhi ,FedEx,0,2025-05-30 00:00:00,2025-05-31 23:00:00
SHP-32794,COVID-19 mRNA Vaccine,Delhi,Mumbai,BlueDart,0,09/04/2025 00:00,2025-04-11 11:00:00
SHP-74310,Amoxicillin,Delhi,Mumbai,Delhivery,0,2025-01-29 00:00:00,2025-01-31 00:00:00
SHP-10737,Humira (Adalimumab),Hyderabad,Chennai,FedEx,0,2025-11-30 00:00:00,2025-11-30 20:00:00
SHP-82020,Humira (Adalimumab),Mumbai,chennai,FedEx,0,26/06/2025 00:00,2025-06-28 05:00:00
SHP-87463,Humira (Adalimumab),Hyderabad,Bangalore,Shadowfax,0,2025-03-15 00:00:00,2025-03-16 08:00:00
SHP-35596,Amoxicillin,Bangalore,Bangalore,Shadowfax,0,2025-07-29 00:00:00,2025-07-29 12:00:00
SHP-82446,Amoxicillin,Delhi,Mumbai ,Shadowfax,0,2025-12-12 00:00:00,2025-12-12 14:00:00
SHP-96905,COVID-19 mRNA Vaccine,Chennai,Mumbai ,Delhivery,0,2025-10-27 00:00:00,2025-10-27 18:00:00
SHP-94911,Insulin Glargine,Chennai,bangalore,Delhivery,0,2025-07-18 00:00:00,2025-07-18 17:00:00
SHP-86368,Humira (Adalimumab),Delhi,Bangalore ,DHL,0,2025-05-11 00:00:00,2025-05-13 04:00:00
SHP-75657,Humira (Adalimumab),Hyderabad,Mumbai,FedEx,0,2025-04-12 00:00:00,2025-04-12 19:00:00
SHP-95811,Insulin Glargine,Mumbai,Delhi,Shadowfax,0,30/11/2025 00:00,2025-11-30 20:00:00
SHP-76492,Humira (Adalimumab),Hyderabad,Mumbai,FedEx,0,2025-04-14 00:00:00,2025-04-15 03:00:00
SHP-20438,Amoxicillin,Delhi,Delhi,BlueDart,0,14/06/2025 00:00,2025-06-16 10:00:00
SHP-25437,Amoxicillin,Delhi,Delhi,,0,2025-04-20 00:00:00,2025-04-21 07:00:00
SHP-19315,Humira (Adalimumab),Mumbai,Mumbai,DHL,0,2025-09-12 00:00:00,2025-09-14 03:00:00
SHP-10805,Amoxicillin,Bangalore,Hyderabad,BlueDart,0,2025-12-18 00:00:00,2025-12-19 21:00:00
SHP-87334,Amoxicillin,Bangalore,Bangalore,FedEx,0,2025-08-05 00:00:00,2025-08-06 06:00:00
SHP-80478,Humira (Adalimumab),Mumbai,Chennai,Delhivery,0,2025-08-09 00:00:00,2025-08-11 04:00:00
SHP-99287,COVID-19 mRNA Vaccine,Bangalore,Mumbai ,Shadowfax,0,2025-08-24 00:00:00,2025-08-26 14:00:00
SHP-69362,Insulin Glargine,Chennai,Delhi,BlueDart,1,2025-11-29 00:00:00,2025-11-30 07:00:00
SHP-50725,Amoxicillin,Bangalore,Mumbai,Delhivery,0,2025-10-30 00:00:00,2025-10-31 07:00:00
SHP-44710,COVID-19 mRNA Vaccine,Bangalore,Bangalore ,FedEx,0,2025-12-28 00:00:00,2025-12-30 14:00:00
SHP-22887,Amoxicillin,Bangalore,Delhi,,0,2025-03-05 00:00:00,2025-03-06 06:00:00
SHP-64635,Amoxicillin,Chennai,Chennai,BlueDart,0,2025-11-26 00:00:00,2025-11-27 09:00:00
SHP-94168,Insulin Glargine,Bangalore,Chennai,BlueDart,0,2025-10-23 00:00:00,2025-10-25 03:00:00
SHP-90095,Amoxicillin,Chennai,Chennai,BlueDart,0,2025-11-09 00:00:00,2025-11-10 17:00:00
SHP-20329,Insulin Glargine,Mumbai,Hyderabad,DHL,1,2025-01-09 00:00:00,2025-01-09 22:00:00
SHP-26235,Insulin Glargine,Hyderabad,delhi ,Shadowfax,0,2025-08-14 00:00:00,2025-08-15 16:00:00
SHP-51420,Insulin Glargine,Mumbai,Delhi ,Delhivery,0,10/06/2025 00:00,2025-06-12 11:00:00
SHP-51963,COVID-19 mRNA Vaccine,Hyderabad,hyderabad,,0,2025-07-19 00:00:00,2025-07-21 20:00:00
SHP-88289,Humira (Adalimumab),Mumbai,Delhi ,FedEx,0,2025-07-16 00:00:00,2025-07-18 22:00:00
SHP-85475,COVID-19 mRNA Vaccine,Hyderabad,Hyderabad,Shadowfax,0,2025-11-28 00:00:00,2025-11-30 22:00:00
SHP-22399,Humira (Adalimumab),Hyderabad,Mumbai,,0,16/09/2025 00:00,2025-09-18 08:00:00
SHP-76457,Humira (Adalimumab),Delhi,bangalore ,BlueDart,0,2025-04-02 00:00:00,2025-04-04 23:00:00
SHP-85142,Insulin Glargine,Hyderabad,Chennai,FedEx,0,22/01/2025 00:00,2025-01-24 04:00:00
SHP-70937,Amoxicillin,Hyderabad,Hyderabad,Shadowfax,0,2025-09-30 00:00:00,2025-09-30 12:00:00
SHP-41829,Insulin Glargine,Delhi,Hyderabad,FedEx,0,2025-07-28 00:00:00,2025-07-28 21:00:00
SHP-54167,Amoxicillin,Bangalore,Hyderabad,BlueDart,0,2025-07-14 00:00:00,2025-07-16 08:00:00
SHP-68442,Humira (Adalimumab),Bangalore,Mumbai,Delhivery,0,2025-10-23 00:00:00,2025-10-25 18:00:00
SHP-42639,Insulin Glargine,Delhi,Hyderabad,BlueDart,0,11/01/2025 00:00,2025-01-13 08:00:00
SHP-32040,Amoxicillin,Chennai,Bangalore,Delhivery,0,2025-03-30 00:00:00,2025-04-01 12:00:00
SHP-38614,COVID-19 mRNA Vaccine,Hyderabad,Bangalore,DHL,0,2025-11-29 00:00:00,2025-11-29 19:00:00
SHP-99857,Amoxicillin,Hyderabad,Chennai,Shadowfax,0,2025-05-31 00:00:00,2025-06-01 08:00:00
SHP-26912,Insulin Glargine,Delhi,mumbai,DHL,0,2025-06-03 00:00:00,2025-06-05 20:00:00
SHP-11733,COVID-19 mRNA Vaccine,Delhi,Bangalore,BlueDart,0,2025-12-10 00:00:00,2025-12-12 04:00:00
SHP-39314,Amoxicillin,Chennai,Delhi,Shadowfax,0,2025-08-08 00:00:00,2025-08-08 22:00:00
SHP-51872,Amoxicillin,Bangalore,Delhi ,BlueDart,0,26/11/2025 00:00,2025-11-27 09:00:00
SHP-80749,Amoxicillin,Mumbai,Delhi,Shadowfax,0,2025-03-16 00:00:00,2025-03-19 00:00:00
SHP-33911,Amoxicillin,Bangalore,hyderabad,Shadowfax,0,2025-11-14 00:00:00,2025-11-15 22:00:00
SHP-50743,Amoxicillin,Hyderabad,Hyderabad ,BlueDart,0,22/06/2025 00:00,2025-06-23 19:00:00
SHP-88927,COVID-19 mRNA Vaccine,Delhi,Delhi ,BlueDart,1,2025-05-10 00:00:00,2025-05-10 21:00:00
SHP-52290,Humira (Adalimumab),Chennai,Chennai ,Shadowfax,0,2025-10-30 00:00:00,2025-10-31 12:00:00
SHP-32677,COVID-19 mRNA Vaccine,Bangalore,Chennai ,Shadowfax,1,2025-04-01 00:00:00,2025-04-02 02:00:00
SHP-68478,COVID-19 mRNA Vaccine,Chennai,Hyderabad,BlueDart,0,2025-08-28 00:00:00,2025-08-29 08:00:00
SHP-73374,COVID-19 mRNA Vaccine,Bangalore,Delhi,BlueDart,0,02/01/2025 00:00,2025-01-05 00:00:00
SHP-21323,Humira (Adalimumab),Hyderabad,Chennai ,FedEx,0,2025-05-11 00:00:00,2025-05-13 03:00:00
SHP-35730,Insulin Glargine,Mumbai,Hyderabad,FedEx,0,2025-01-21 00:00:00,2025-01-23 12:00:00
SHP-85248,Humira (Adalimumab),Chennai,Delhi ,FedEx,1,2025-05-18 00:00:00,2025-05-18 14:00:00
SHP-87909,COVID-19 mRNA Vaccine,Chennai,Mumbai,DHL,0,29/04/2025 00:00,2025-05-01 22:00:00
SHP-23609,Amoxicillin,Mumbai,Delhi,Shadowfax,0,2025-10-24 00:00:00,2025-10-26 03:00:00
SHP-82791,Amoxicillin,Chennai,Delhi,Delhivery,0,2025-06-29 00:00:00,2025-07-01 02:00:00
SHP-37011,COVID-19 mRNA Vaccine,Chennai,Bangalore,DHL,0,2025-01-22 00:00:00,2025-01-23 22:00:00
SHP-36953,Amoxicillin,Bangalore,Bangalore,Shadowfax,0,2025-10-04 00:00:00,2025-10-06 12:00:00
SHP-90904,COVID-19 mRNA Vaccine,Bangalore,Mumbai,Delhivery,0,2025-06-22 00:00:00,2025-06-22 16:00:00
SHP-95117,Amoxicillin,Mumbai,Mumbai,FedEx,0,2025-03-08 00:00:00,2025-03-10 09:00:00
SHP-49928,Humira (Adalimumab),Hyderabad,Delhi,Delhivery,0,2025-10-13 00:00:00,2025-10-14 23:00:00
SHP-71250,Insulin Glargine,Chennai,Chennai ,BlueDart,0,2025-10-28 00:00:00,2025-10-30 15:00:00
SHP-11403,Insulin Glargine,Hyderabad,mumbai,BlueDart,0,2025-04-14 00:00:00,2025-04-16 11:00:00
SHP-37804,Humira (Adalimumab),Mumbai,Delhi,Shadowfax,0,2025-02-24 00:00:00,2025-02-26 18:00:00
SHP-59727,Humira (Adalimumab),Mumbai,Hyderabad,,0,2025-11-15 00:00:00,2025-11-17 21:00:00
SHP-76028,COVID-19 mRNA Vaccine,Bangalore,Bangalore,FedEx,0,2025-06-24 00:00:00,2025-06-26 17:00:00
SHP-58601,COVID-19 mRNA Vaccine,Chennai,Chennai ,Shadowfax,0,26/12/2025 00:00,2025-12-28 08:00:00
SHP-73652,COVID-19 mRNA Vaccine,Delhi,Delhi,FedEx,0,06/11/2025 00:00,2025-11-08 12:00:00
SHP-72151,Amoxicillin,Mumbai,hyderabad ,BlueDart,0,2025-03-03 00:00:00,2025-03-04 11:00:00
SHP-42497,COVID-19 mRNA Vaccine,Chennai,Bangalore,DHL,0,2025-11-23 00:00:00,2025-11-24 16:00:00
SHP-52570,Humira (Adalimumab),Hyderabad,Hyderabad,DHL,0,2025-01-20 00:00:00,2025-01-21 18:00:00
SHP-31492,Insulin Glargine,Bangalore,Delhi,BlueDart,0,05/08/2025 00:00,2025-08-07 21:00:00
SHP-99302,Amoxicillin,Hyderabad,mumbai,Delhivery,0,2025-09-11 00:00:00,2025-09-13 01:00:00
SHP-41634,COVID-19 mRNA Vaccine,Mumbai,Bangalore,DHL,0,2025-10-20 00:00:00,2025-10-22 11:00:00
SHP-17507,Amoxicillin,Mumbai,Hyderabad ,Delhivery,0,03/01/2025 00:00,2025-01-05 23:00:00
SHP-24080,Amoxicillin,Hyderabad,Mumbai,FedEx,0,27/11/2025 00:00,2025-11-28 11:00:00
SHP-91935,COVID-19 mRNA Vaccine,Mumbai,Chennai,DHL,0,03/08/2025 00:00,2025-08-06 00:00:00
SHP-17459,Amoxicillin,Chennai,Delhi,BlueDart,0,2025-04-03 00:00:00,2025-04-05 07:00:00
SHP-90600,Insulin Glargine,Mumbai,Delhi,Delhivery,0,2025-01-23 00:00:00,2025-01-25 12:00:00
SHP-70120,Humira (Adalimumab),Bangalore,Bangalore ,FedEx,0,2025-03-13 00:00:00,2025-03-14 22:00:00
SHP-31323,Humira (Adalimumab),Chennai,Hyderabad,FedEx,0,2025-07-28 00:00:00,2025-07-30 10:00:00
SHP-21290,Insulin Glargine,Delhi,Chennai,DHL,0,2025-07-22 00:00:00,2025-07-24 16:00:00
SHP-33108,Amoxicillin,Mumbai,Bangalore,DHL,0,2025-11-22 00:00:00,2025-11-22 22:00:00
SHP-67361,COVID-19 mRNA Vaccine,Mumbai,bangalore,Shadowfax,0,2025-07-15 00:00:00,2025-07-17 11:00:00
SHP-11854,Amoxicillin,Bangalore,Hyderabad,Shadowfax,0,06/02/2025 00:00,2025-02-08 07:00:00
SHP-23899,Insulin Glargine,Bangalore,chennai,DHL,0,2025-08-10 00:00:00,2025-08-11 20:00:00
SHP-42393,Amoxicillin,Hyderabad,Hyderabad,Shadowfax,0,2025-12-07 00:00:00,2025-12-09 20:00:00
SHP-16226,Humira (Adalimumab),Hyderabad,Delhi,BlueDart,0,2025-10-14 00:00:00,2025-10-16 10:00:00
SHP-42886,Amoxicillin,Hyderabad,Mumbai,BlueDart,0,2025-11-03 00:00:00,2025-11-04 16:00:00
SHP-75325,Insulin Glargine,Bangalore,Delhi,Shadowfax,0,09/07/2025 00:00,2025-07-11 01:00:00
SHP-68157,Humira (Adalimumab),Hyderabad,delhi,DHL,0,2025-05-11 00:00:00,2025-05-13 05:00:00
SHP-29821,Amoxicillin,Hyderabad,Bangalore,BlueDart,0,2025-11-16 00:00:00,2025-11-18 04:00:00
SHP-16947,Amoxicillin,Delhi,Delhi,FedEx,0,20/01/2025 00:00,2025-01-21 14:00:00
SHP-87542,Humira (Adalimumab),Hyderabad,Chennai,DHL,0,2025-03-13 00:00:00,2025-03-15 07:00:00
SHP-67660,COVID-19 mRNA Vaccine,Mumbai,Delhi ,Delhivery,0,2025-05-06 00:00:00,2025-05-07 17:00:00
SHP-78207,Humira (Adalimumab),Bangalore,Chennai ,Delhivery,0,2025-11-15 00:00:00,2025-11-17 12:00:00
SHP-87705,COVID-19 mRNA Vaccine,Chennai,Hyderabad ,DHL,0,2025-04-14 00:00:00,2025-04-16 12:00:00
SHP-49066,Insulin Glargine,Delhi,Bangalore,Shadowfax,0,2025-10-28 00:00:00,2025-10-30 15:00:00
SHP-19586,Insulin Glargine,Bangalore,Chennai,BlueDart,0,2025-07-24 00:00:00,2025-07-25 16:00:00
SHP-12501,Humira (Adalimumab),Bangalore,delhi,BlueDart,0,2025-01-21 00:00:00,2025-01-23 12:00:00
SHP-66219,Humira (Adalimumab),Mumbai,bangalore,,0,2025-01-28 00:00:00,2025-01-29 19:00:00
SHP-35030,Insulin Glargine,Hyderabad,Bangalore ,FedEx,0,05/07/2025 00:00,2025-07-07 22:00:00
SHP-28349,COVID-19 mRNA Vaccine,Mumbai,Chennai,Shadowfax,0,2025-12-25 00:00:00,2025-12-27 20:00:00
SHP-83916,Insulin Glargine,Hyderabad,Chennai,FedEx,0,2026-01-01 00:00:00,2026-01-01 22:00:00
SHP-23507,Humira (Adalimumab),Hyderabad,mumbai,DHL,0,03/08/2025 00:00,2025-08-05 20:00:00
SHP-72184,Insulin Glargine,Bangalore,mumbai,DHL,0,2025-11-29 00:00:00,2025-11-30 06:00:00
SHP-97747,Humira (Adalimumab),Hyderabad,Bangalore,FedEx,0,2025-02-07 00:00:00,2025-02-08 13:00:00
SHP-97927,Humira (Adalimumab),Delhi,Mumbai ,Delhivery,0,09/03/2025 00:00,2025-03-11 20:00:00
SHP-18172,Insulin Glargine,Delhi,Delhi,DHL,0,01/05/2025 00:00,2025-05-02 21:00:00
SHP-99321,COVID-19 mRNA Vaccine,Delhi,hyderabad ,Shadowfax,0,2025-11-17 00:00:00,2025-11-18 04:00:00
SHP-91999,Amoxicillin,Bangalore,bangalore,FedEx,0,2025-06-07 00:00:00,2025-06-09 11:00:00
SHP-69559,Insulin Glargine,Mumbai,Hyderabad ,Delhivery,0,2025-01-03 00:00:00,2025-01-03 14:00:00
SHP-24753,Amoxicillin,Chennai,Mumbai,FedEx,0,2025-06-17 00:00:00,2025-06-20 00:00:00
SHP-43165,Insulin Glargine,Hyderabad,chennai,Delhivery,0,2025-12-17 00:00:00,2025-12-19 04:00:00
SHP-97058,Amoxicillin,Chennai,Bangalore,Delhivery,0,2025-08-04 00:00:00,2025-08-05 21:00:00
SHP-17851,COVID-19 mRNA Vaccine,Mumbai,Mumbai,Shadowfax,0,05/02/2025 00:00,2025-02-07 19:00:00
SHP-88073,COVID-19 mRNA Vaccine,Mumbai,Delhi,DHL,0,2025-04-26 00:00:00,2025-04-28 21:00:00
SHP-64751,Insulin Glargine,Bangalore,Bangalore,Delhivery,0,2025-02-05 00:00:00,2025-02-05 13:00:00
SHP-61113,Humira (Adalimumab),Delhi,Bangalore,DHL,0,17/05/2025 00:00,2025-05-19 22:00:00
SHP-22735,Amoxicillin,Delhi,Chennai,Shadowfax,0,2025-10-30 00:00:00,2025-10-30 15:00:00
SHP-75248,Humira (Adalimumab),Mumbai,Bangalore,DHL,0,2025-05-01 00:00:00,2025-05-02 02:00:00
SHP-21516,Humira (Adalimumab),Bangalore,Chennai,BlueDart,0,2025-10-12 00:00:00,2025-10-14 01:00:00
SHP-71039,Humira (Adalimumab),Bangalore,Mumbai,Delhivery,0,2025-02-19 00:00:00,2025-02-20 02:00:00
SHP-33525,COVID-19 mRNA Vaccine,Hyderabad,Delhi,Shadowfax,0,2025-01-06 00:00:00,2025-01-08 16:00:00
SHP-66449,Insulin Glargine,Delhi,Delhi,FedEx,0,28/03/2025 00:00,2025-03-29 02:00:00
SHP-49727,Insulin Glargine,Mumbai,Bangalore,Shadowfax,0,2025-01-15 00:00:00,2025-01-16 07:00:00
SHP-52937,COVID-19 mRNA Vaccine,Chennai,Bangalore,Delhivery,0,2025-07-29 00:00:00,2025-07-30 19:00:00
SHP-72540,COVID-19 mRNA Vaccine,Delhi,Mumbai,Shadowfax,0,2025-11-15 00:00:00,2025-11-16 03:00:00
SHP-97748,Insulin Glargine,Hyderabad,chennai,FedEx,0,2025-02-11 00:00:00,2025-02-13 22:00:00
SHP-72775,Humira (Adalimumab),Bangalore,Delhi,BlueDart,0,2025-08-03 00:00:00,2025-08-04 01:00:00
SHP-58265,Amoxicillin,Mumbai,Chennai,Delhivery,0,2025-06-19 00:00:00,2025-06-21 07:00:00
SHP-97768,Amoxicillin,Delhi,mumbai,Delhivery,0,2025-06-01 00:00:00,2025-06-01 19:00:00
SHP-11942,Amoxicillin,Chennai,Delhi ,Shadowfax,0,2025-11-22 00:00:00,2025-11-24 02:00:00
SHP-57179,Humira (Adalimumab),Hyderabad,Delhi,DHL,0,2025-08-28 00:00:00,2025-08-28 13:00:00
SHP-58725,Insulin Glargine,Hyderabad,Hyderabad,DHL,0,07/11/2025 00:00,2025-11-08 15:00:00
SHP-25831,COVID-19 mRNA Vaccine,Delhi,Mumbai,FedEx,0,17/03/2025 00:00,2025-03-17 15:00:00
SHP-10247,Insulin Glargine,Chennai,Mumbai,BlueDart,0,2025-03-07 00:00:00,2025-03-08 18:00:00
SHP-82656,Humira (Adalimumab),Hyderabad,Hyderabad,BlueDart,0,2025-09-17 00:00:00,2025-09-18 23:00:00
SHP-97284,COVID-19 mRNA Vaccine,Mumbai,Chennai,Shadowfax,0,2025-06-04 00:00:00,2025-06-06 01:00:00
SHP-68050,Humira (Adalimumab),Hyderabad,hyderabad,Shadowfax,0,2025-10-18 00:00:00,2025-10-19 01:00:00
SHP-12556,Amoxicillin,Chennai,Mumbai,,0,19/08/2025 00:00,2025-08-21 16:00:00
SHP-88735,Amoxicillin,Bangalore,Chennai,BlueDart,0,2025-02-16 00:00:00,2025-02-17 04:00:00
SHP-25550,Humira (Adalimumab),Bangalore,Delhi,,0,26/07/2025 00:00,2025-07-28 16:00:00
SHP-14560,COVID-19 mRNA Vaccine,Delhi,Hyderabad,BlueDart,0,2025-10-03 00:00:00,2025-10-05 15:00:00
SHP-37122,COVID-19 mRNA Vaccine,Chennai,Chennai,FedEx,0,04/08/2025 00:00,2025-08-04 17:00:00
SHP-12587,Insulin Glargine,Hyderabad,Chennai,FedEx,0,2025-02-24 00:00:00,2025-02-26 09:00:00
SHP-16490,Amoxicillin,Hyderabad,Chennai,Shadowfax,0,2025-11-21 00:00:00,2025-11-22 10:00:00
SHP-23260,Insulin Glargine,Bangalore,Hyderabad,DHL,0,02/09/2025 00:00,2025-09-04 20:00:00
SHP-52953,Insulin Glargine,Bangalore,Delhi,Delhivery,0,2025-05-04 00:00:00,2025-05-06 18:00:00
SHP-35048,Humira (Adalimumab),Mumbai,Chennai ,DHL,0,2025-11-06 00:00:00,2025-11-08 22:00:00
SHP-90349,Humira (Adalimumab),Bangalore,Hyderabad,FedEx,0,2025-12-07 00:00:00,2025-12-07 17:00:00
SHP-21257,Insulin Glargine,Mumbai,Mumbai ,FedEx,0,2025-12-18 00:00:00,2025-12-20 19:00:00
SHP-62402,Amoxicillin,Hyderabad,Hyderabad,Shadowfax,0,2025-10-14 00:00:00,2025-10-15 12:00:00
SHP-11501,Humira (Adalimumab),Mumbai,Hyderabad,Delhivery,0,2025-07-16 00:00:00,2025-07-18 08:00:00
SHP-92499,Insulin Glargine,Mumbai,Hyderabad,BlueDart,1,2025-12-20 00:00:00,2025-12-21 12:00:00
SHP-76260,Insulin Glargine,Delhi,chennai,Delhivery,1,28/05/2025 00:00,2025-05-29 15:00:00
SHP-46059,Insulin Glargine,Bangalore,Hyderabad ,Delhivery,0,2025-01-28 00:00:00,2025-01-29 17:00:00
SHP-13377,Insulin Glargine,Mumbai,Mumbai,Delhivery,1,29/05/2025 00:00,2025-05-29 22:00:00
SHP-50490,Insulin Glargine,Hyderabad,Chennai,Shadowfax,0,2025-08-05 00:00:00,2025-08-07 07:00:00
SHP-19573,Insulin Glargine,Chennai,Mumbai,FedEx,0,2025-04-29 00:00:00,2025-05-01 13:00:00
SHP-60613,Humira (Adalimumab),Mumbai,bangalore,BlueDart,0,2025-09-06 00:00:00,2025-09-08 22:00:00
SHP-11941,Amoxicillin,Bangalore,Hyderabad,Delhivery,0,27/06/2025 00:00,2025-06-29 00:00:00
SHP-86747,Insulin Glargine,Delhi,Chennai,BlueDart,0,17/11/2025 00:00,2025-11-17 20:00:00
SHP-33514,COVID-19 mRNA Vaccine,Hyderabad,Chennai,Delhivery,0,2025-03-14 00:00:00,2025-03-15 14:00:00
SHP-67906,Humira (Adalimumab),Delhi,Hyderabad,FedEx,0,2025-07-29 00:00:00,2025-07-30 04:00:00
SHP-38917,Humira (Adalimumab),Chennai,Delhi ,BlueDart,0,2025-08-14 00:00:00,2025-08-15 10:00:00
SHP-84032,Insulin Glargine,Mumbai,Delhi ,DHL,0,12/08/2025 00:00,2025-08-14 14:00:00
SHP-26989,Humira (Adalimumab),Mumbai,Mumbai,FedEx,0,2025-10-21 00:00:00,2025-10-23 03:00:00
SHP-48435,Insulin Glargine,Bangalore,hyderabad,BlueDart,0,26/09/2025 00:00,2025-09-27 22:00:00
SHP-96060,Amoxicillin,Mumbai,Hyderabad,Delhivery,0,15/09/2025 00:00,2025-09-17 11:00:00
SHP-47004,Amoxicillin,Hyderabad,Bangalore,Delhivery,0,2025-03-08 00:00:00,2025-03-09 08:00:00
SHP-24519,Humira (Adalimumab),Chennai,delhi,FedEx,0,2025-12-02 00:00:00,2025-12-03 19:00:00
SHP-57539,Humira (Adalimumab),Delhi,Delhi ,FedEx,0,2025-04-08 00:00:00,2025-04-11 00:00:00
SHP-46835,COVID-19 mRNA Vaccine,Chennai,Hyderabad,Delhivery,0,2025-10-19 00:00:00,2025-10-21 12:00:00
SHP-86100,Humira (Adalimumab),Mumbai,Mumbai,BlueDart,0,2025-02-22 00:00:00,2025-02-24 20:00:00
SHP-97788,COVID-19 mRNA Vaccine,Delhi,Hyderabad ,DHL,0,2025-05-06 00:00:00,2025-05-07 07:00:00
SHP-13157,Amoxicillin,Bangalore,Mumbai,Shadowfax,0,2025-07-02 00:00:00,2025-07-02 20:00:00
SHP-68801,Amoxicillin,Chennai,Delhi ,FedEx,0,2025-11-15 00:00:00,2025-11-17 16:00:00
SHP-33482,Insulin Glargine,Delhi,Bangalore,Delhivery,0,2025-01-15 00:00:00,2025-01-16 18:00:00
SHP-39449,Amoxicillin,Delhi,Chennai,BlueDart,0,2025-01-30 00:00:00,2025-01-31 20:00:00
SHP-38941,COVID-19 mRNA Vaccine,Delhi,Delhi,FedEx,0,2025-02-21 00:00:00,2025-02-22 00:00:00
SHP-77420,Humira (Adalimumab),Hyderabad,Mumbai,BlueDart,0,2025-08-24 00:00:00,2025-08-25 10:00:00
SHP-80148,Insulin Glargine,Chennai,Hyderabad,FedEx,0,2025-10-31 00:00:00,2025-11-01 13:00:00
SHP-41191,COVID-19 mRNA Vaccine,Delhi,delhi ,Delhivery,0,2025-04-15 00:00:00,2025-04-17 00:00:00
SHP-97080,Humira (Adalimumab),Chennai,Bangalore,BlueDart,0,2025-12-25 00:00:00,2025-12-27 19:00:00
SHP-19183,Insulin Glargine,Delhi,Mumbai,,0,2025-09-26 00:00:00,2025-09-27 12:00:00
SHP-80628,Amoxicillin,Bangalore,Hyderabad,BlueDart,0,2025-09-14 00:00:00,2025-09-16 11:00:00
SHP-18139,COVID-19 mRNA Vaccine,Bangalore,Chennai,FedEx,0,2025-07-20 00:00:00,2025-07-21 18:00:00
SHP-87527,Humira (Adalimumab),Bangalore,Mumbai,Shadowfax,0,2025-12-27 00:00:00,2025-12-27 13:00:00
SHP-96633,Insulin Glargine,Mumbai,Hyderabad,Shadowfax,0,2025-04-13 00:00:00,2025-04-14 09:00:00
SHP-98430,Insulin Glargine,Delhi,Chennai,DHL,0,2025-05-06 00:00:00,2025-05-07 19:00:00
SHP-90105,Amoxicillin,Mumbai,Hyderabad,DHL,0,2025-06-18 00:00:00,2025-06-20 02:00:00
SHP-15245,Humira (Adalimumab),Chennai,Chennai,,0,2025-01-09 00:00:00,2025-01-09 12:00:00
SHP-52347,Amoxicillin,Mumbai,Chennai,BlueDart,0,2025-10-28 00:00:00,2025-10-28 14:00:00
SHP-25198,Amoxicillin,Chennai,Chennai ,DHL,0,2025-05-12 00:00:00,2025-05-13 19:00:00
SHP-56932,Humira (Adalimumab),Chennai,Hyderabad,FedEx,0,2025-06-15 00:00:00,2025-06-16 21:00:00
SHP-88542,Humira (Adalimumab),Chennai,Chennai ,Shadowfax,0,2025-09-16 00:00:00,2025-09-18 18:00:00
SHP-40847,Humira (Adalimumab),Mumbai,Mumbai,BlueDart,0,2025-05-28 00:00:00,2025-05-30 05:00:00
SHP-10926,COVID-19 mRNA Vaccine,Delhi,Bangalore,Shadowfax,0,24/11/2025 00:00,2025-11-25 04:00:00
SHP-94787,Humira (Adalimumab),Mumbai,Bangalore,BlueDart,0,2025-08-11 00:00:00,2025-08-11 18:00:00
SHP-21129,Insulin Glargine,Delhi,Chennai,DHL,0,2025-08-05 00:00:00,2025-08-05 13:00:00
SHP-54716,Amoxicillin,Delhi,Bangalore,DHL,0,2025-05-03 00:00:00,2025-05-05 06:00:00
SHP-98484,COVID-19 mRNA Vaccine,Chennai,Bangalore ,Delhivery,0,2025-12-30 00:00:00,2026-01-01 03:00:00
SHP-63149,Humira (Adalimumab),Mumbai,Chennai,BlueDart,0,2025-01-11 00:00:00,2025-01-12 04:00:00
SHP-83820,COVID-19 mRNA Vaccine,Delhi,Chennai,FedEx,0,24/08/2025 00:00,2025-08-25 23:00:00
SHP-54182,Humira (Adalimumab),Bangalore,Mumbai,DHL,0,2025-01-12 00:00:00,2025-01-12 20:00:00
SHP-41350,COVID-19 mRNA Vaccine,Delhi,Delhi,Delhivery,0,2025-09-02 00:00:00,2025-09-04 17:00:00
SHP-94793,Amoxicillin,Bangalore,Hyderabad,DHL,0,2025-01-11 00:00:00,2025-01-13 12:00:00
SHP-35529,Amoxicillin,Mumbai,Chennai ,Shadowfax,0,01/04/2025 00:00,2025-04-03 18:00:00
SHP-42306,Insulin Glargine,Mumbai,Chennai,DHL,0,21/07/2025 00:00,2025-07-23 04:00:00
SHP-27310,Insulin Glargine,Mumbai,Bangalore,BlueDart,1,31/07/2025 00:00,2025-08-01 19:00:00
SHP-17214,Humira (Adalimumab),Delhi,Mumbai,Delhivery,0,25/05/2025 00:00,2025-05-28 00:00:00
SHP-63031,Amoxicillin,Hyderabad,Bangalore,BlueDart,0,2025-03-10 00:00:00,2025-03-11 03:00:00
SHP-61540,COVID-19 mRNA Vaccine,Delhi,Chennai ,FedEx,0,2025-08-05 00:00:00,2025-08-07 20:00:00
SHP-65780,COVID-19 mRNA Vaccine,Delhi,Chennai,FedEx,0,15/10/2025 00:00,2025-10-16 06:00:00
SHP-64146,COVID-19 mRNA Vaccine,Chennai,Bangalore,DHL,0,2025-05-30 00:00:00,2025-05-30 17:00:00
SHP-35208,Insulin Glargine,Chennai,Chennai,Delhivery,0,2025-06-03 00:00:00,2025-06-03 12:00:00
SHP-12705,COVID-19 mRNA Vaccine,Delhi,Delhi,Delhivery,0,2025-03-24 00:00:00,2025-03-25 06:00:00
SHP-36181,Insulin Glargine,Bangalore,Hyderabad,Delhivery,0,2025-06-15 00:00:00,2025-06-17 01:00:00
SHP-14145,Insulin Glargine,Chennai,hyderabad,Delhivery,0,2025-10-24 00:00:00,2025-10-26 22:00:00
SHP-20265,Humira (Adalimumab),Delhi,Hyderabad,,0,2025-11-17 00:00:00,2025-11-19 10:00:00
SHP-78098,COVID-19 mRNA Vaccine,Hyderabad,Delhi,BlueDart,0,2025-12-31 00:00:00,2026-01-02 09:00:00
SHP-64615,COVID-19 mRNA Vaccine,Bangalore,Chennai,DHL,0,2025-01-28 00:00:00,2025-01-28 20:00:00
SHP-34111,Amoxicillin,Mumbai,Bangalore ,BlueDart,0,2025-07-29 00:00:00,2025-07-30 07:00:00
SHP-36411,Humira (Adalimumab),Delhi,Mumbai,Shadowfax,0,2025-12-25 00:00:00,2025-12-26 18:00:00
SHP-88112,Amoxicillin,Delhi,Chennai,Shadowfax,1,2025-04-09 00:00:00,2025-04-11 23:00:00
SHP-44242,Humira (Adalimumab),Bangalore,Delhi ,BlueDart,0,2025-05-26 00:00:00,2025-05-28 04:00:00
SHP-31316,COVID-19 mRNA Vaccine,Chennai,Delhi,DHL,0,2025-12-20 00:00:00,2025-12-21 21:00:00
SHP-56156,Insulin Glargine,Chennai,Hyderabad ,FedEx,0,2025-06-25 00:00:00,2025-06-27 02:00:00
SHP-95621,Insulin Glargine,Chennai,Chennai,DHL,0,2025-03-04 00:00:00,2025-03-06 12:00:00
SHP-36074,Insulin Glargine,Mumbai,hyderabad,FedEx,1,2025-07-14 00:00:00,2025-07-16 17:00:00
SHP-99522,Insulin Glargine,Bangalore,Mumbai,DHL,0,2025-03-03 00:00:00,2025-03-03 23:00:00
SHP-79797,Insulin Glargine,Bangalore,Hyderabad,Delhivery,0,2025-02-28 00:00:00,2025-03-02 14:00:00
SHP-18440,Amoxicillin,Chennai,Mumbai,Delhivery,0,2025-03-11 00:00:00,2025-03-12 04:00:00
SHP-77982,Humira (Adalimumab),Chennai,Delhi,Shadowfax,0,05/12/2025 00:00,2025-12-08 00:00:00
SHP-91130,COVID-19 mRNA Vaccine,Hyderabad,Hyderabad ,Shadowfax,0,2025-09-23 00:00:00,2025-09-25 21:00:00
SHP-52992,Amoxicillin,Hyderabad,hyderabad,BlueDart,0,2025-11-05 00:00:00,2025-11-06 00:00:00
SHP-43110,Humira (Adalimumab),Delhi,Bangalore ,FedEx,0,19/08/2025 00:00,2025-08-21 12:00:00
SHP-72208,Insulin Glargine,Delhi,Delhi ,Delhivery,0,2025-08-19 00:00:00,2025-08-21 00:00:00
SHP-90279,Humira (Adalimumab),Bangalore,Bangalore,DHL,0,04/12/2025 00:00,2025-12-06 00:00:00
SHP-64797,Humira (Adalimumab),Bangalore,Mumbai ,,0,2025-05-30 00:00:00,2025-06-01 15:00:00
SHP-58372,Insulin Glargine,Mumbai,Mumbai,DHL,0,2025-04-01 00:00:00,2025-04-02 00:00:00
SHP-59563,Insulin Glargine,Mumbai,Delhi,Delhivery,1,2025-09-28 00:00:00,2025-09-29 05:00:00
SHP-97943,Insulin Glargine,Hyderabad,Mumbai ,Delhivery,0,2025-07-28 00:00:00,2025-07-30 03:00:00
SHP-29165,COVID-19 mRNA Vaccine,Delhi,Delhi,Delhivery,0,2025-06-05 00:00:00,2025-06-05 20:00:00
SHP-88699,Insulin Glargine,Hyderabad,Mumbai,Delhivery,0,2025-02-09 00:00:00,2025-02-11 05:00:00
SHP-33634,COVID-19 mRNA Vaccine,Hyderabad,Chennai ,DHL,0,2025-02-03 00:00:00,2025-02-04 06:00:00
SHP-43216,Insulin Glargine,Delhi,Hyderabad,BlueDart,0,2025-04-09 00:00:00,2025-04-10 03:00:00
SHP-82829,COVID-19 mRNA Vaccine,Mumbai,Chennai,Delhivery,0,2025-01-01 00:00:00,2025-01-02 06:00:00
SHP-34478,Humira (Adalimumab),Delhi,Delhi,Shadowfax,0,2025-08-14 00:00:00,2025-08-14 17:00:00
SHP-31432,Amoxicillin,Chennai,Delhi,BlueDart,0,2025-11-23 00:00:00,2025-11-24 08:00:00
SHP-59127,Humira (Adalimumab),Chennai,Chennai ,Shadowfax,0,04/03/2025 00:00,2025-03-06 02:00:00
SHP-46559,Humira (Adalimumab),Chennai,Hyderabad,DHL,0,14/06/2025 00:00,2025-06-16 02:00:00
SHP-64126,Insulin Glargine,Bangalore,Hyderabad,Delhivery,0,2025-03-07 00:00:00,2025-03-08 23:00:00
SHP-19614,COVID-19 mRNA Vaccine,Mumbai,Bangalore,BlueDart,0,18/09/2025 00:00,2025-09-20 05:00:00
SHP-56888,Amoxicillin,Mumbai,Mumbai ,Delhivery,0,23/11/2025 00:00,2025-11-24 09:00:00
SHP-44732,Insulin Glargine,Bangalore,Bangalore ,Delhivery,1,2025-10-27 00:00:00,2025-10-27 18:00:00
SHP-49434,Insulin Glargine,Hyderabad,Hyderabad,,0,2025-11-10 00:00:00,2025-11-10 22:00:00
SHP-15810,Insulin Glargine,Chennai,chennai ,Delhivery,0,2025-10-25 00:00:00,2025-10-26 08:00:00
SHP-56224,Humira (Adalimumab),Chennai,Mumbai,Delhivery,0,30/11/2025 00:00,2025-12-01 09:00:00
SHP-19867,COVID-19 mRNA Vaccine,Hyderabad,chennai,FedEx,0,2025-09-25 00:00:00,2025-09-27 10:00:00
SHP-14394,COVID-19 mRNA Vaccine,Delhi,Bangalore,FedEx,0,2025-04-17 00:00:00,2025-04-19 04:00:00
SHP-94772,Amoxicillin,Delhi,Delhi,BlueDart,0,2025-04-22 00:00:00,2025-04-23 11:00:00
SHP-67931,COVID-19 mRNA Vaccine,Mumbai,Chennai,BlueDart,0,14/11/2025 00:00,2025-11-15 13:00:00
SHP-78597,COVID-19 mRNA Vaccine,Bangalore,Bangalore,Delhivery,0,2025-10-30 00:00:00,2025-11-01 16:00:00
SHP-36926,Insulin Glargine,Mumbai,Bangalore ,,0,2025-11-07 00:00:00,2025-11-09 06:00:00
SHP-85419,Insulin Glargine,Delhi,Bangalore,BlueDart,0,2025-11-13 00:00:00,2025-11-14 10:00:00
SHP-39239,Humira (Adalimumab),Hyderabad,Delhi,Delhivery,0,2025-12-25 00:00:00,2025-12-26 01:00:00
SHP-32918,Insulin Glargine,Mumbai,Delhi ,Shadowfax,0,2025-03-25 00:00:00,2025-03-26 11:00:00
SHP-82733,Insulin Glargine,Chennai,Delhi,FedEx,0,27/05/2025 00:00,2025-05-29 02:00:00
SHP-77495,Insulin Glargine,Chennai,Mumbai,BlueDart,0,2025-08-07 00:00:00,2025-08-09 04:00:00
SHP-68810,Insulin Glargine,Hyderabad,Delhi,Delhivery,0,2025-01-16 00:00:00,2025-01-18 21:00:00
SHP-50098,Humira (Adalimumab),Delhi,Delhi,FedEx,0,2025-10-04 00:00:00,2025-10-06 16:00:00
SHP-50170,Insulin Glargine,Chennai,Delhi,DHL,0,2025-03-29 00:00:00,2025-03-30 18:00:00
SHP-69957,Amoxicillin,Chennai,Chennai,FedEx,0,2025-01-18 00:00:00,2025-01-19 10:00:00
SHP-62242,Amoxicillin,Bangalore,Delhi,Delhivery,0,2025-05-20 00:00:00,2025-05-21 00:00:00
SHP-28150,Amoxicillin,Mumbai,mumbai,Shadowfax,0,2025-02-25 00:00:00,2025-02-26 05:00:00
SHP-48207,Amoxicillin,Delhi,Bangalore,DHL,0,2025-01-29 00:00:00,2025-01-30 13:00:00
SHP-85403,Insulin Glargine,Mumbai,Chennai,DHL,0,2025-11-27 00:00:00,2025-11-28 06:00:00
SHP-77624,Amoxicillin,Delhi,Hyderabad,DHL,0,2025-03-14 00:00:00,2025-03-16 07:00:00
SHP-78227,Insulin Glargine,Chennai,Delhi,BlueDart,0,2025-10-22 00:00:00,2025-10-23 20:00:00
SHP-45477,Humira (Adalimumab),Bangalore,Bangalore,Delhivery,0,06/02/2025 00:00,2025-02-08 20:00:00
SHP-37082,Amoxicillin,Mumbai,bangalore,DHL,0,2025-01-22 00:00:00,2025-01-24 09:00:00
SHP-11072,COVID-19 mRNA Vaccine,Chennai,Chennai ,FedEx,0,2025-11-08 00:00:00,2025-11-08 14:00:00
SHP-49929,Amoxicillin,Delhi,Hyderabad,Shadowfax,0,2025-01-10 00:00:00,2025-01-12 05:00:00
SHP-48443,Amoxicillin,Mumbai,Mumbai,Delhivery,1,2025-07-30 00:00:00,2025-07-31 13:00:00
SHP-74490,Insulin Glargine,Mumbai,bangalore,FedEx,0,2025-11-25 00:00:00,2025-11-25 20:00:00
SHP-40908,Amoxicillin,Chennai,Bangalore ,BlueDart,0,2025-06-21 00:00:00,2025-06-22 22:00:00
SHP-17479,COVID-19 mRNA Vaccine,Mumbai,Bangalore,DHL,0,13/10/2025 00:00,2025-10-15 13:00:00
SHP-57590,Insulin Glargine,Bangalore,Bangalore,FedEx,0,15/03/2025 00:00,2025-03-16 04:00:00
SHP-42412,Insulin Glargine,Bangalore,Chennai,Delhivery,0,2025-06-20 00:00:00,2025-06-20 22:00:00
SHP-95237,Humira (Adalimumab),Chennai,Hyderabad,FedEx,0,2025-09-23 00:00:00,2025-09-25 22:00:00
SHP-81582,Humira (Adalimumab),Delhi,Bangalore,BlueDart,0,2025-12-09 00:00:00,2025-12-10 13:00:00
SHP-62235,Amoxicillin,Chennai,Mumbai,Shadowfax,1,2025-02-24 00:00:00,2025-02-25 08:00:00
SHP-19281,Humira (Adalimumab),Bangalore,Mumbai,,0,2025-06-14 00:00:00,2025-06-14 16:00:00
SHP-10350,Humira (Adalimumab),Hyderabad,Delhi ,Delhivery,0,31/05/2025 00:00,2025-06-01 16:00:00
SHP-45617,Humira (Adalimumab),Hyderabad,Bangalore ,DHL,0,2025-12-27 00:00:00,2025-12-27 21:00:00
SHP-68215,Insulin Glargine,Mumbai,Bangalore,DHL,1,2025-11-06 00:00:00,2025-11-06 19:00:00
SHP-73533,Insulin Glargine,Mumbai,Bangalore,DHL,0,2025-01-31 00:00:00,2025-02-01 13:00:00
SHP-81267,Insulin Glargine,Hyderabad,Bangalore,FedEx,0,2025-10-17 00:00:00,2025-10-18 21:00:00
SHP-96466,Humira (Adalimumab),Bangalore,Bangalore,FedEx,0,2025-04-26 00:00:00,2025-04-28 04:00:00
SHP-47269,Insulin Glargine,Mumbai,Mumbai,Shadowfax,0,12/07/2025 00:00,2025-07-14 20:00:00
SHP-68682,Humira (Adalimumab),Chennai,Hyderabad,BlueDart,0,2025-02-27 00:00:00,2025-03-01 17:00:00
SHP-68607,Insulin Glargine,Chennai,Hyderabad,Delhivery,0,04/10/2025 00:00,2025-10-05 11:00:00
SHP-92360,Insulin Glargine,Bangalore,delhi,FedEx,0,2025-06-24 00:00:00,2025-06-25 01:00:00
SHP-86604,COVID-19 mRNA Vaccine,Mumbai,Mumbai,DHL,0,2025-09-19 00:00:00,2025-09-20 06:00:00
SHP-85830,Amoxicillin,Chennai,Bangalore ,BlueDart,0,2025-05-17 00:00:00,2025-05-19 01:00:00
SHP-40266,Humira (Adalimumab),Mumbai,Hyderabad,Delhivery,0,2025-03-06 00:00:00,2025-03-08 04:00:00
SHP-63280,COVID-19 mRNA Vaccine,Mumbai,Chennai,Delhivery,1,13/04/2025 00:00,2025-04-15 17:00:00
SHP-65991,Insulin Glargine,Chennai,Chennai,Delhivery,1,2025-10-30 00:00:00,2025-11-01 09:00:00
SHP-81526,Humira (Adalimumab),Hyderabad,Chennai ,Delhivery,0,2025-05-16 00:00:00,2025-05-17 03:00:00
SHP-46556,Insulin Glargine,Chennai,Bangalore,Shadowfax,1,20/02/2025 00:00,2025-02-21 08:00:00
SHP-64268,Amoxicillin,Bangalore,bangalore,Delhivery,0,01/08/2025 00:00,2025-08-02 04:00:00
SHP-40707,COVID-19 mRNA Vaccine,Delhi,Delhi ,BlueDart,0,2025-12-20 00:00:00,2025-12-22 03:00:00
SHP-80761,Amoxicillin,Chennai,Delhi,FedEx,0,2025-01-20 00:00:00,2025-01-20 19:00:00
SHP-51254,COVID-19 mRNA Vaccine,Mumbai,Delhi ,BlueDart,0,2025-01-04 00:00:00,2025-01-05 15:00:00
SHP-99440,Insulin Glargine,Mumbai,Chennai,DHL,0,2025-02-15 00:00:00,2025-02-18 00:00:00
SHP-12608,Amoxicillin,Chennai,Bangalore,Shadowfax,0,12/03/2025 00:00,2025-03-13 10:00:00
SHP-36298,Amoxicillin,Delhi,Chennai,Shadowfax,0,2025-12-21 00:00:00,2025-12-22 07:00:00
SHP-85529,Insulin Glargine,Chennai,delhi ,DHL,0,2025-10-04 00:00:00,2025-10-04 22:00:00
SHP-99730,Amoxicillin,Delhi,Bangalore,,0,2025-01-03 00:00:00,2025-01-04 05:00:00
SHP-56482,Humira (Adalimumab),Delhi,Mumbai,BlueDart,0,12/10/2025 00:00,2025-10-14 01:00:00
SHP-42722,COVID-19 mRNA Vaccine,Bangalore,Hyderabad,DHL,0,15/01/2025 00:00,2025-01-16 12:00:00
SHP-87609,COVID-19 mRNA Vaccine,Mumbai,Hyderabad,Delhivery,1,2025-07-05 00:00:00,2025-07-05 16:00:00
SHP-46660,COVID-19 mRNA Vaccine,Mumbai,delhi,Delhivery,0,2025-07-01 00:00:00,2025-07-01 12:00:00
SHP-51394,Humira (Adalimumab),Delhi,Chennai ,FedEx,1,2025-05-11 00:00:00,2025-05-12 14:00:00
SHP-32404,COVID-19 mRNA Vaccine,Mumbai,Mumbai,BlueDart,0,2025-02-11 00:00:00,2025-02-13 21:00:00
SHP-64678,Insulin Glargine,Hyderabad,bangalore ,BlueDart,0,2025-12-20 00:00:00,2025-12-21 14:00:00
SHP-79076,Amoxicillin,Delhi,chennai,DHL,0,2025-08-28 00:00:00,2025-08-29 14:00:00
SHP-27711,Humira (Adalimumab),Mumbai,delhi,DHL,0,2025-03-19 00:00:00,2025-03-21 04:00:00
SHP-70038,COVID-19 mRNA Vaccine,Hyderabad,Chennai ,Delhivery,0,03/09/2025 00:00,2025-09-05 23:00:00
SHP-99207,Insulin Glargine,Bangalore,Delhi,BlueDart,0,2025-12-22 00:00:00,2025-12-23 15:00:00
SHP-46779,Amoxicillin,Mumbai,Hyderabad,BlueDart,0,2025-12-04 00:00:00,2025-12-04 21:00:00
SHP-25503,Amoxicillin,Hyderabad,Hyderabad,Shadowfax,0,2025-10-06 00:00:00,2025-10-08 21:00:00
SHP-15828,Humira (Adalimumab),Chennai,Chennai ,FedEx,0,2025-09-25 00:00:00,2025-09-26 15:00:00
SHP-37027,Humira (Adalimumab),Chennai,mumbai,FedEx,0,2025-05-02 00:00:00,2025-05-03 12:00:00
SHP-28398,Humira (Adalimumab),Hyderabad,Bangalore,Delhivery,0,2025-09-03 00:00:00,2025-09-05 04:00:00
SHP-13074,Insulin Glargine,Delhi,Delhi,,0,2025-01-26 00:00:00,2025-01-28 07:00:00
SHP-67440,Insulin Glargine,Delhi,Bangalore,Shadowfax,0,2025-07-02 00:00:00,2025-07-03 03:00:00
SHP-50423,Humira (Adalimumab),Mumbai,Hyderabad,BlueDart,0,2025-10-27 00:00:00,2025-10-29 07:00:00
SHP-49128,COVID-19 mRNA Vaccine,Chennai,Mumbai,DHL,0,2025-09-26 00:00:00,2025-09-26 14:00:00
SHP-44068,Amoxicillin,Delhi,Mumbai,Delhivery,0,20/07/2025 00:00,2025-07-22 05:00:00
SHP-66559,Amoxicillin,Delhi,Bangalore,FedEx,0,21/07/2025 00:00,2025-07-21 15:00:00
SHP-18631,Insulin Glargine,Chennai,Hyderabad,BlueDart,0,2025-03-30 00:00:00,2025-03-31 15:00:00
SHP-41549,Amoxicillin,Bangalore,bangalore,Delhivery,0,2025-08-12 00:00:00,2025-08-14 10:00:00
SHP-77405,COVID-19 mRNA Vaccine,Delhi,Chennai ,FedEx,0,27/06/2025 00:00,2025-06-29 17:00:00
SHP-70971,Amoxicillin,Hyderabad,Mumbai ,BlueDart,1,2025-04-15 00:00:00,2025-04-16 12:00:00
SHP-88183,Insulin Glargine,Mumbai,Mumbai,Shadowfax,1,2025-11-19 00:00:00,2025-11-20 15:00:00
SHP-35345,Insulin Glargine,Delhi,Chennai,Delhivery,0,2025-12-31 00:00:00,2026-01-02 21:00:00
SHP-22657,COVID-19 mRNA Vaccine,Delhi,Hyderabad ,BlueDart,0,2025-12-04 00:00:00,2025-12-06 14:00:00
SHP-63680,COVID-19 mRNA Vaccine,Bangalore,Mumbai,FedEx,1,26/05/2025 00:00,2025-05-26 14:00:00
SHP-95929,Amoxicillin,Hyderabad,delhi,FedEx,0,2025-03-17 00:00:00,2025-03-19 04:00:00
SHP-90010,Amoxicillin,Mumbai,Delhi ,Shadowfax,0,22/04/2025 00:00,2025-04-22 17:00:00
SHP-11365,Insulin Glargine,Delhi,Hyderabad,Delhivery,0,2025-12-11 00:00:00,2025-12-13 11:00:00
SHP-92238,COVID-19 mRNA Vaccine,Mumbai,Chennai ,Delhivery,0,2025-05-30 00:00:00,2025-05-31 18:00:00
SHP-19501,COVID-19 mRNA Vaccine,Chennai,Bangalore ,BlueDart,0,2025-05-05 00:00:00,2025-05-06 09:00:00
SHP-94603,COVID-19 mRNA Vaccine,Delhi,Hyderabad ,FedEx,0,2025-06-06 00:00:00,2025-06-07 09:00:00
SHP-26145,Amoxicillin,Delhi,Bangalore ,FedEx,0,12/07/2025 00:00,2025-07-13 19:00:00
SHP-45010,COVID-19 mRNA Vaccine,Chennai,Hyderabad,Shadowfax,0,03/10/2025 00:00,2025-10-05 12:00:00
SHP-94843,Insulin Glargine,Bangalore,Delhi,Shadowfax,0,2025-08-05 00:00:00,2025-08-07 12:00:00
SHP-37597,Insulin Glargine,Delhi,Chennai,Delhivery,0,2025-06-05 00:00:00,2025-06-07 13:00:00
SHP-56571,Amoxicillin,Mumbai,Delhi,FedEx,0,2025-09-07 00:00:00,2025-09-09 11:00:00
SHP-19334,Humira (Adalimumab),Hyderabad,Chennai,BlueDart,0,2025-12-12 00:00:00,2025-12-13 08:00:00
SHP-12445,Amoxicillin,Mumbai,Bangalore,DHL,1,2025-10-15 00:00:00,2025-10-15 20:00:00
SHP-54358,Humira (Adalimumab),Bangalore,Hyderabad,BlueDart,0,2025-05-30 00:00:00,2025-05-30 13:00:00
SHP-98759,COVID-19 mRNA Vaccine,Hyderabad,Mumbai,Shadowfax,0,2025-06-21 00:00:00,2025-06-22 12:00:00
SHP-33491,Amoxicillin,Mumbai,Mumbai,BlueDart,0,2025-01-29 00:00:00,2025-01-31 22:00:00
SHP-26050,Insulin Glargine,Mumbai,Chennai,FedEx,0,30/04/2025 00:00,2025-04-30 21:00:00
SHP-75307,COVID-19 mRNA Vaccine,Chennai,Chennai,Delhivery,0,2025-02-04 00:00:00,2025-02-04 18:00:00
SHP-70282,Insulin Glargine,Bangalore,Delhi,DHL,0,2025-02-23 00:00:00,2025-02-25 08:00:00
SHP-51302,COVID-19 mRNA Vaccine,Chennai,Mumbai,Delhivery,0,2025-12-06 00:00:00,2025-12-08 22:00:00
SHP-24386,Amoxicillin,Hyderabad,delhi,DHL,0,2025-05-04 00:00:00,2025-05-04 23:00:00
SHP-36459,Humira (Adalimumab),Chennai,Bangalore,DHL,0,2025-12-12 00:00:00,2025-12-12 22:00:00
SHP-95397,COVID-19 mRNA Vaccine,Bangalore,Mumbai,FedEx,1,2025-02-07 00:00:00,2025-02-09 09:00:00
SHP-63582,Humira (Adalimumab),Delhi,Bangalore,FedEx,0,2025-09-20 00:00:00,2025-09-21 13:00:00
SHP-50215,COVID-19 mRNA Vaccine,Delhi,Hyderabad,Shadowfax,0,2025-10-29 00:00:00,2025-10-30 04:00:00
SHP-59091,Insulin Glargine,Hyderabad,delhi,Shadowfax,0,2025-02-02 00:00:00,2025-02-03 21:00:00
SHP-17254,Insulin Glargine,Delhi,Chennai,,0,2025-02-02 00:00:00,2025-02-02 17:00:00
SHP-41592,COVID-19 mRNA Vaccine,Chennai,Mumbai,Shadowfax,0,2025-09-24 00:00:00,2025-09-24 21:00:00
SHP-93052,Humira (Adalimumab),Hyderabad,delhi,FedEx,0,29/09/2025 00:00,2025-09-30 11:00:00
SHP-93068,Amoxicillin,Bangalore,Chennai,Shadowfax,0,19/05/2025 00:00,2025-05-20 23:00:00
SHP-84096,Amoxicillin,Hyderabad,Hyderabad,DHL,0,2025-05-10 00:00:00,2025-05-12 05:00:00
SHP-47762,Insulin Glargine,Hyderabad,Mumbai,Delhivery,0,2025-12-30 00:00:00,2025-12-31 06:00:00
SHP-37415,Amoxicillin,Mumbai,bangalore ,BlueDart,1,2025-09-06 00:00:00,2025-09-08 17:00:00
SHP-58544,Insulin Glargine,Mumbai,Hyderabad,Shadowfax,0,2025-09-20 00:00:00,2025-09-22 03:00:00
SHP-97403,Amoxicillin,Hyderabad,Chennai ,FedEx,0,2025-10-11 00:00:00,2025-10-13 15:00:00
SHP-21897,COVID-19 mRNA Vaccine,Delhi,Mumbai,Delhivery,0,2025-10-11 00:00:00,2025-10-11 18:00:00
SHP-56850,Insulin Glargine,Mumbai,Mumbai,FedEx,0,2025-02-12 00:00:00,2025-02-13 22:00:00
SHP-11681,Insulin Glargine,Bangalore,Hyderabad,Shadowfax,0,2025-06-13 00:00:00,2025-06-15 13:00:00
SHP-16024,COVID-19 mRNA Vaccine,Chennai,Mumbai,DHL,0,28/12/2025 00:00,2025-12-29 10:00:00
SHP-51661,Insulin Glargine,Mumbai,Chennai,BlueDart,0,18/04/2025 00:00,2025-04-20 19:00:00
SHP-95283,Amoxicillin,Hyderabad,Hyderabad,BlueDart,0,2025-08-13 00:00:00,2025-08-14 13:00:00
SHP-92107,Amoxicillin,Delhi,Bangalore,Delhivery,0,05/11/2025 00:00,2025-11-06 05:00:00
SHP-94707,Insulin Glargine,Chennai,Hyderabad,BlueDart,1,2025-10-25 00:00:00,2025-10-25 12:00:00
SHP-13730,Amoxicillin,Mumbai,Hyderabad,DHL,0,2025-05-01 00:00:00,2025-05-04 00:00:00
SHP-99869,Humira (Adalimumab),Delhi,Bangalore,FedEx,0,2025-02-12 00:00:00,2025-02-14 19:00:00
SHP-15571,Insulin Glargine,Delhi,Chennai,DHL,1,02/03/2025 00:00,2025-03-03 07:00:00
SHP-11027,COVID-19 mRNA Vaccine,Delhi,Delhi,Delhivery,0,2025-03-18 00:00:00,2025-03-20 10:00:00
SHP-73071,Humira (Adalimumab),Hyderabad,delhi,Delhivery,0,21/02/2025 00:00,2025-02-23 17:00:00
SHP-83600,Insulin Glargine,Bangalore,Bangalore ,BlueDart,0,2025-01-30 00:00:00,2025-02-01 20:00:00
SHP-51103,COVID-19 mRNA Vaccine,Delhi,Chennai,DHL,0,2025-08-04 00:00:00,2025-08-04 21:00:00
SHP-54003,Amoxicillin,Chennai,Mumbai,FedEx,0,2025-09-15 00:00:00,2025-09-17 17:00:00
SHP-28632,COVID-19 mRNA Vaccine,Mumbai,Bangalore,DHL,0,2025-07-13 00:00:00,2025-07-14 01:00:00
SHP-29804,Humira (Adalimumab),Chennai,Delhi,FedEx,0,2025-09-04 00:00:00,2025-09-06 12:00:00
SHP-94910,Amoxicillin,Hyderabad,Chennai,FedEx,1,2025-02-06 00:00:00,2025-02-08 16:00:00
SHP-39857,Insulin Glargine,Hyderabad,hyderabad,DHL,0,2025-09-23 00:00:00,2025-09-25 05:00:00
SHP-23025,Amoxicillin,Chennai,Chennai,Shadowfax,0,2025-11-03 00:00:00,2025-11-05 05:00:00
SHP-14240,Insulin Glargine,Bangalore,Chennai,DHL,0,2025-07-12 00:00:00,2025-07-14 10:00:00
SHP-27121,Insulin Glargine,Hyderabad,Delhi,FedEx,0,2025-11-25 00:00:00,2025-11-26 00:00:00
SHP-63584,COVID-19 mRNA Vaccine,Hyderabad,Delhi,Delhivery,0,2025-05-07 00:00:00,2025-05-08 04:00:00
SHP-12437,COVID-19 mRNA Vaccine,Chennai,Mumbai,Delhivery,0,2025-08-24 00:00:00,2025-08-26 16:00:00
SHP-85462,COVID-19 mRNA Vaccine,Hyderabad,Mumbai,BlueDart,0,16/02/2025 00:00,2025-02-17 07:00:00
SHP-58643,Humira (Adalimumab),Bangalore,Bangalore,Delhivery,0,2025-03-31 00:00:00,2025-04-01 12:00:00
SHP-42945,Humira (Adalimumab),Bangalore,Hyderabad,Shadowfax,0,2025-03-09 00:00:00,2025-03-10 22:00:00
SHP-56386,COVID-19 mRNA Vaccine,Bangalore,Mumbai,FedEx,0,2025-03-06 00:00:00,2025-03-07 12:00:00
SHP-56791,Humira (Adalimumab),Mumbai,delhi ,DHL,0,2025-08-15 00:00:00,2025-08-16 12:00:00
SHP-98111,Amoxicillin,Bangalore,Chennai ,DHL,0,05/12/2025 00:00,2025-12-06 12:00:00
SHP-58596,Amoxicillin,Bangalore,Bangalore,Shadowfax,1,16/10/2025 00:00,2025-10-16 21:00:00
SHP-47128,Humira (Adalimumab),Mumbai,Mumbai,Delhivery,0,2025-04-12 00:00:00,2025-04-12 16:00:00
SHP-34115,Humira (Adalimumab),Delhi,Chennai,FedEx,1,2025-03-17 00:00:00,2025-03-17 14:00:00
SHP-18400,Amoxicillin,Hyderabad,Chennai,Delhivery,1,08/02/2025 00:00,2025-02-08 21:00:00
SHP-40239,Insulin Glargine,Bangalore,Mumbai,BlueDart,1,2025-07-26 00:00:00,2025-07-27 16:00:00
SHP-89881,Amoxicillin,Hyderabad,hyderabad,Delhivery,0,2025-07-28 00:00:00,2025-07-30 21:00:00
SHP-86489,Amoxicillin,Chennai,Hyderabad,BlueDart,1,2025-01-17 00:00:00,2025-01-17 14:00:00
SHP-41820,Humira (Adalimumab),Hyderabad,Bangalore,DHL,0,2025-09-07 00:00:00,2025-09-09 00:00:00
SHP-22815,Amoxicillin,Mumbai,hyderabad,FedEx,0,2025-05-11 00:00:00,2025-05-13 07:00:00
SHP-25334,Humira (Adalimumab),Hyderabad,Bangalore,BlueDart,0,2025-02-06 00:00:00,2025-02-08 12:00:00
SHP-21448,Humira (Adalimumab),Hyderabad,delhi,Delhivery,1,2025-10-27 00:00:00,2025-10-29 11:00:00
SHP-72578,COVID-19 mRNA Vaccine,Hyderabad,Mumbai ,Delhivery,0,2025-06-28 00:00:00,2025-06-29 09:00:00
SHP-27059,Amoxicillin,Delhi,Chennai,DHL,0,2025-03-04 00:00:00,2025-03-05 14:00:00
SHP-24890,Insulin Glargine,Delhi,Bangalore,Shadowfax,0,2025-01-13 00:00:00,2025-01-15 10:00:00
SHP-14029,COVID-19 mRNA Vaccine,Chennai,Hyderabad,Shadowfax,0,2025-03-25 00:00:00,2025-03-27 01:00:00
SHP-46637,Humira (Adalimumab),Mumbai,Bangalore,Delhivery,0,2025-04-23 00:00:00,2025-04-23 15:00:00
SHP-46202,Humira (Adalimumab),Hyderabad,Bangalore,Shadowfax,0,2025-09-04 00:00:00,2025-09-06 20:00:00
SHP-66139,Insulin Glargine,Hyderabad,Hyderabad,FedEx,0,2025-02-23 00:00:00,2025-02-24 18:00:00
SHP-74348,Humira (Adalimumab),Hyderabad,Hyderabad,Shadowfax,0,2025-01-16 00:00:00,2025-01-18 20:00:00
SHP-23521,Amoxicillin,Hyderabad,mumbai,FedEx,0,2025-06-12 00:00:00,2025-06-13 03:00:00
SHP-17445,COVID-19 mRNA Vaccine,Delhi,Chennai,Delhivery,1,31/07/2025 00:00,2025-08-01 10:00:00
SHP-82797,Humira (Adalimumab),Chennai,Mumbai,Delhivery,0,2025-06-10 00:00:00,2025-06-11 09:00:00
SHP-19209,Humira (Adalimumab),Bangalore,Mumbai,Delhivery,0,2025-11-26 00:00:00,2025-11-28 10:00:00
SHP-94215,Insulin Glargine,Mumbai,Hyderabad,DHL,0,2025-04-17 00:00:00,2025-04-19 00:00:00
SHP-34880,Amoxicillin,Hyderabad,Hyderabad ,Shadowfax,0,2025-10-13 00:00:00,2025-10-14 17:00:00
SHP-13226,Humira (Adalimumab),Chennai,Chennai,BlueDart,0,2025-04-30 00:00:00,2025-04-30 13:00:00
SHP-74556,Insulin Glargine,Bangalore,Bangalore,BlueDart,0,28/11/2025 00:00,2025-11-29 22:00:00
SHP-29931,Humira (Adalimumab),Chennai,Mumbai,Delhivery,0,2025-09-22 00:00:00,2025-09-24 16:00:00
SHP-40798,Insulin Glargine,Delhi,Chennai,Shadowfax,0,22/11/2025 00:00,2025-11-23 01:00:00
SHP-81938,Insulin Glargine,Bangalore,Mumbai,FedEx,0,2025-11-06 00:00:00,2025-11-08 09:00:00
SHP-91285,Amoxicillin,Chennai,Bangalore,BlueDart,0,2025-08-04 00:00:00,2025-08-05 05:00:00
SHP-13585,Humira (Adalimumab),Delhi,Mumbai ,Delhivery,0,2025-12-29 00:00:00,2025-12-29 18:00:00
SHP-76575,Amoxicillin,Chennai,Delhi,BlueDart,0,2025-03-08 00:00:00,2025-03-09 01:00:00
SHP-66603,Insulin Glargine,Chennai,Chennai,,0,2025-07-19 00:00:00,2025-07-20 06:00:00
SHP-18325,COVID-19 mRNA Vaccine,Bangalore,Hyderabad,,1,19/10/2025 00:00,2025-10-21 01:00:00
SHP-94426,Humira (Adalimumab),Delhi,mumbai,Delhivery,0,14/04/2025 00:00,2025-04-16 15:00:00
SHP-39225,COVID-19 mRNA Vaccine,Hyderabad,Chennai,Delhivery,0,2026-01-01 00:00:00,2026-01-02 19:00:00
SHP-31468,Humira (Adalimumab),Mumbai,Chennai ,DHL,0,2025-04-04 00:00:00,2025-04-05 10:00:00
SHP-24890,Amoxicillin,Bangalore,Mumbai,DHL,0,2025-07-09 00:00:00,2025-07-10 21:00:00
SHP-87732,Amoxicillin,Delhi,Hyderabad,DHL,0,27/03/2025 00:00,2025-03-29 19:00:00
SHP-24562,Amoxicillin,Chennai,Hyderabad,BlueDart,0,2025-10-17 00:00:00,2025-10-19 14:00:00
SHP-11447,Amoxicillin,Delhi,Mumbai,Shadowfax,0,2025-01-05 00:00:00,2025-01-06 07:00:00
SHP-64656,Amoxicillin,Mumbai,Chennai,Delhivery,0,2025-01-03 00:00:00,2025-01-05 23:00:00
SHP-84299,COVID-19 mRNA Vaccine,Mumbai,Hyderabad,DHL,0,2025-04-18 00:00:00,2025-04-21 00:00:00
SHP-39900,Amoxicillin,Hyderabad,Mumbai ,Shadowfax,0,01/12/2025 00:00,2025-12-03 08:00:00
SHP-27619,Insulin Glargine,Hyderabad,Mumbai,DHL,0,2025-08-13 00:00:00,2025-08-14 21:00:00
SHP-55924,Insulin Glargine,Mumbai,Mumbai,,0,2025-06-24 00:00:00,2025-06-24 18:00:00
SHP-54614,COVID-19 mRNA Vaccine,Bangalore,Chennai,Shadowfax,0,2025-10-31 00:00:00,2025-11-02 05:00:00
SHP-95832,Humira (Adalimumab),Bangalore,Hyderabad,DHL,0,2025-12-03 00:00:00,2025-12-05 02:00:00
SHP-11609,Insulin Glargine,Chennai,Chennai ,BlueDart,0,2025-03-10 00:00:00,2025-03-11 17:00:00
SHP-45152,Humira (Adalimumab),Hyderabad,Delhi,BlueDart,0,2025-04-01 00:00:00,2025-04-03 09:00:00
SHP-25221,COVID-19 mRNA Vaccine,Chennai,Hyderabad,BlueDart,1,19/11/2025 00:00,2025-11-21 08:00:00
SHP-15112,Humira (Adalimumab),Hyderabad,Chennai,FedEx,0,2025-09-21 00:00:00,2025-09-22 11:00:00
SHP-38278,Humira (Adalimumab),Mumbai,Hyderabad,DHL,0,2025-05-19 00:00:00,2025-05-20 00:00:00
SHP-97598,Humira (Adalimumab),Bangalore,Delhi,FedEx,0,2025-08-02 00:00:00,2025-08-03 00:00:00
SHP-32551,Humira (Adalimumab),Bangalore,Bangalore,Delhivery,0,2025-10-09 00:00:00,2025-10-10 12:00:00
SHP-71372,COVID-19 mRNA Vaccine,Mumbai,Mumbai,Shadowfax,0,2025-09-27 00:00:00,2025-09-29 19:00:00
SHP-35194,Insulin Glargine,Chennai,Chennai,Delhivery,0,2025-09-10 00:00:00,2025-09-11 10:00:00
SHP-26075,Amoxicillin,Chennai,Delhi,,0,2025-10-02 00:00:00,2025-10-03 18:00:00
SHP-64013,Humira (Adalimumab),Delhi,Delhi,BlueDart,0,27/08/2025 00:00,2025-08-28 06:00:00
SHP-52066,Insulin Glargine,Hyderabad,hyderabad,DHL,0,29/04/2025 00:00,2025-05-01 04:00:00
SHP-26280,Insulin Glargine,Chennai,Hyderabad,DHL,0,2025-04-18 00:00:00,2025-04-18 12:00:00
SHP-80442,COVID-19 mRNA Vaccine,Mumbai,Mumbai,BlueDart,0,2025-02-25 00:00:00,2025-02-25 21:00:00
SHP-50969,Insulin Glargine,Chennai,Hyderabad ,DHL,0,14/01/2025 00:00,2025-01-15 11:00:00
SHP-52827,COVID-19 mRNA Vaccine,Bangalore,Chennai,Shadowfax,0,2025-08-04 00:00:00,2025-08-05 06:00:00
SHP-76258,Humira (Adalimumab),Hyderabad,Chennai ,Shadowfax,0,22/08/2025 00:00,2025-08-22 18:00:00
SHP-36925,Humira (Adalimumab),Delhi,Chennai ,Shadowfax,0,2025-02-11 00:00:00,2025-02-12 07:00:00
SHP-65372,Amoxicillin,Hyderabad,bangalore,Delhivery,0,2025-05-01 00:00:00,2025-05-02 05:00:00
SHP-40703,Amoxicillin,Bangalore,Chennai,BlueDart,0,2025-08-01 00:00:00,2025-08-01 18:00:00
SHP-76870,Amoxicillin,Bangalore,Hyderabad,Shadowfax,0,2025-10-27 00:00:00,2025-10-28 11:00:00
SHP-33037,Insulin Glargine,Bangalore,Hyderabad,FedEx,0,28/03/2025 00:00,2025-03-31 00:00:00
SHP-84721,Humira (Adalimumab),Bangalore,chennai ,Shadowfax,0,2025-09-01 00:00:00,2025-09-02 16:00:00
SHP-42090,COVID-19 mRNA Vaccine,Mumbai,Delhi,Delhivery,0,2025-05-06 00:00:00,2025-05-07 13:00:00
SHP-72205,Amoxicillin,Delhi,delhi,FedEx,0,18/10/2025 00:00,2025-10-19 03:00:00
SHP-22965,COVID-19 mRNA Vaccine,Bangalore,Delhi,BlueDart,0,2025-02-23 00:00:00,2025-02-24 14:00:00
SHP-33478,COVID-19 mRNA Vaccine,Bangalore,Mumbai,BlueDart,0,2025-09-16 00:00:00,2025-09-16 17:00:00
SHP-47849,Amoxicillin,Chennai,Bangalore,Shadowfax,0,2025-04-01 00:00:00,2025-04-02 10:00:00
SHP-60395,Humira (Adalimumab),Delhi,Chennai,FedEx,0,2025-06-15 00:00:00,2025-06-17 03:00:00
SHP-65154,Amoxicillin,Hyderabad,Mumbai,FedEx,0,2025-06-14 00:00:00,2025-06-16 15:00:00
SHP-74113,COVID-19 mRNA Vaccine,Delhi,Delhi ,Shadowfax,1,2025-10-20 00:00:00,2025-10-21 00:00:00
SHP-35258,Amoxicillin,Delhi,Chennai,Shadowfax,0,2025-01-25 00:00:00,2025-01-27 11:00:00
SHP-93751,COVID-19 mRNA Vaccine,Delhi,Mumbai,DHL,0,2025-12-23 00:00:00,2025-12-23 13:00:00
SHP-51804,COVID-19 mRNA Vaccine,Bangalore,Hyderabad,DHL,0,13/11/2025 00:00,2025-11-13 21:00:00
SHP-95674,Amoxicillin,Bangalore,Delhi,Shadowfax,0,11/05/2025 00:00,2025-05-11 23:00:00
SHP-18634,Insulin Glargine,Mumbai,Mumbai,Delhivery,0,09/06/2025 00:00,2025-06-11 04:00:00
SHP-70467,Amoxicillin,Hyderabad,Hyderabad,DHL,0,2025-07-22 00:00:00,2025-07-22 23:00:00
SHP-10868,Insulin Glargine,Chennai,Delhi,Shadowfax,0,07/06/2025 00:00,2025-06-07 18:00:00
SHP-12540,COVID-19 mRNA Vaccine,Delhi,Bangalore ,FedEx,0,2025-09-09 00:00:00,2025-09-11 05:00:00
SHP-75875,COVID-19 mRNA Vaccine,Hyderabad,Delhi ,DHL,0,2025-02-14 00:00:00,2025-02-14 21:00:00
SHP-86360,Insulin Glargine,Hyderabad,Bangalore,Delhivery,0,12/12/2025 00:00,2025-12-12 14:00:00
SHP-92658,COVID-19 mRNA Vaccine,Mumbai,Bangalore,BlueDart,0,2025-05-15 00:00:00,2025-05-16 02:00:00
SHP-31359,Insulin Glargine,Chennai,Bangalore,FedEx,0,2025-03-24 00:00:00,2025-03-25 14:00:00
SHP-25389,Insulin Glargine,Delhi,Chennai ,Delhivery,0,2025-05-25 00:00:00,2025-05-26 06:00:00
SHP-40665,COVID-19 mRNA Vaccine,Chennai,Chennai,Delhivery,0,2025-07-23 00:00:00,2025-07-23 23:00:00
SHP-89860,Humira (Adalimumab),Mumbai,Bangalore,,0,2025-10-08 00:00:00,2025-10-09 02:00:00
SHP-73287,Insulin Glargine,Bangalore,Hyderabad ,FedEx,0,2025-10-01 00:00:00,2025-10-01 17:00:00
SHP-59280,Amoxicillin,Hyderabad,Bangalore,Delhivery,0,2025-02-17 00:00:00,2025-02-17 21:00:00
SHP-95853,Amoxicillin,Delhi,Mumbai,BlueDart,0,2025-09-10 00:00:00,2025-09-11 08:00:00
SHP-62311,COVID-19 mRNA Vaccine,Bangalore,Bangalore,DHL,0,2025-07-04 00:00:00,2025-07-05 04:00:00
SHP-57645,Humira (Adalimumab),Mumbai,Chennai,FedEx,0,2025-04-19 00:00:00,2025-04-21 03:00:00
SHP-92999,COVID-19 mRNA Vaccine,Chennai,Chennai,Delhivery,0,2025-05-07 00:00:00,2025-05-08 19:00:00
SHP-81280,Humira (Adalimumab),Hyderabad,Mumbai,Shadowfax,0,2025-02-17 00:00:00,2025-02-19 01:00:00
SHP-95453,Insulin Glargine,Delhi,Mumbai,DHL,0,2025-10-04 00:00:00,2025-10-05 23:00:00
SHP-37190,Insulin Glargine,Bangalore,Delhi,FedEx,0,2025-01-22 00:00:00,2025-01-23 09:00:00
SHP-75361,Insulin Glargine,Bangalore,Hyderabad,Shadowfax,0,2025-09-22 00:00:00,2025-09-23 09:00:00
SHP-65925,Insulin Glargine,Hyderabad,Hyderabad,Shadowfax,0,2025-05-26 00:00:00,2025-05-28 07:00:00
SHP-38109,Amoxicillin,Chennai,Hyderabad,Delhivery,0,2025-11-21 00:00:00,2025-11-23 05:00:00
SHP-37451,Amoxicillin,Mumbai,Chennai,FedEx,0,2025-12-14 00:00:00,2025-12-14 23:00:00
SHP-88068,COVID-19 mRNA Vaccine,Chennai,Hyderabad,,0,2025-03-23 00:00:00,2025-03-25 01:00:00
SHP-51718,Humira (Adalimumab),Chennai,Delhi,BlueDart,0,2025-04-24 00:00:00,2025-04-24 13:00:00
SHP-53457,Insulin Glargine,Chennai,Delhi ,Shadowfax,0,2025-02-24 00:00:00,2025-02-25 05:00:00
SHP-66899,Insulin Glargine,Hyderabad,Hyderabad,BlueDart,0,24/06/2025 00:00,2025-06-25 18:00:00
SHP-88637,Humira (Adalimumab),Hyderabad,Mumbai ,Delhivery,0,2025-01-27 00:00:00,2025-01-27 20:00:00
SHP-88676,Humira (Adalimumab),Mumbai,delhi,DHL,0,2025-11-16 00:00:00,2025-11-18 23:00:00
SHP-29813,COVID-19 mRNA Vaccine,Chennai,Mumbai,Shadowfax,0,04/01/2025 00:00,2025-01-06 08:00:00
SHP-67120,Humira (Adalimumab),Hyderabad,Chennai,DHL,0,2025-10-10 00:00:00,2025-10-12 08:00:00
SHP-66712,Insulin Glargine,Mumbai,Delhi,FedEx,0,2025-03-07 00:00:00,2025-03-09 10:00:00
SHP-24724,Insulin Glargine,Mumbai,Mumbai ,Shadowfax,0,27/09/2025 00:00,2025-09-29 15:00:00
SHP-23099,Insulin Glargine,Chennai,Hyderabad ,BlueDart,0,2025-10-02 00:00:00,2025-10-04 17:00:00
SHP-72709,Insulin Glargine,Delhi,Chennai,DHL,0,2025-04-12 00:00:00,2025-04-13 01:00:00
SHP-64299,Insulin Glargine,Chennai,Bangalore,FedEx,0,2025-02-25 00:00:00,2025-02-26 05:00:00
SHP-12566,COVID-19 mRNA Vaccine,Delhi,Bangalore,Shadowfax,0,2025-10-31 00:00:00,2025-11-02 13:00:00
SHP-77683,Insulin Glargine,Mumbai,Hyderabad,FedEx,0,2025-11-09 00:00:00,2025-11-11 10:00:00
SHP-98354,COVID-19 mRNA Vaccine,Hyderabad,Chennai,BlueDart,0,2025-01-01 00:00:00,2025-01-03 15:00:00
SHP-36404,Insulin Glargine,Bangalore,Chennai,Shadowfax,0,02/05/2025 00:00,2025-05-04 06:00:00
SHP-64319,Amoxicillin,Mumbai,Chennai,FedEx,0,2025-08-14 00:00:00,2025-08-16 00:00:00
SHP-75714,Amoxicillin,Hyderabad,Chennai,Delhivery,0,2025-03-25 00:00:00,2025-03-26 21:00:00
SHP-83444,Amoxicillin,Mumbai,Bangalore,Shadowfax,0,2025-02-05 00:00:00,2025-02-06 15:00:00
SHP-86200,Amoxicillin,Chennai,Mumbai,Shadowfax,0,2025-10-12 00:00:00,2025-10-14 00:00:00
SHP-25220,COVID-19 mRNA Vaccine,Delhi,Chennai ,Shadowfax,0,2025-07-25 00:00:00,2025-07-25 21:00:00
SHP-78434,COVID-19 mRNA Vaccine,Mumbai,Mumbai,Shadowfax,0,2025-02-18 00:00:00,2025-02-20 12:00:00
SHP-24163,Humira (Adalimumab),Hyderabad,Chennai,Delhivery,0,10/07/2025 00:00,2025-07-13 00:00:00
SHP-20472,Insulin Glargine,Chennai,Delhi,BlueDart,0,2025-01-12 00:00:00,2025-01-12 19:00:00
SHP-78090,Amoxicillin,Bangalore,Delhi,Delhivery,0,2025-10-16 00:00:00,2025-10-18 07:00:00
SHP-41604,COVID-19 mRNA Vaccine,Chennai,Delhi ,,0,2025-04-06 00:00:00,2025-04-08 08:00:00
SHP-37252,Insulin Glargine,Delhi,Chennai ,FedEx,0,13/02/2025 00:00,2025-02-13 17:00:00
SHP-28603,Insulin Glargine,Chennai,Mumbai,DHL,0,03/07/2025 00:00,2025-07-04 18:00:00
SHP-60175,COVID-19 mRNA Vaccine,Bangalore,Bangalore,DHL,0,12/04/2025 00:00,2025-04-14 03:00:00
SHP-79374,Amoxicillin,Hyderabad,Hyderabad,FedEx,0,2025-12-20 00:00:00,2025-12-20 16:00:00
SHP-34606,Humira (Adalimumab),Mumbai,Bangalore,Delhivery,0,25/10/2025 00:00,2025-10-27 18:00:00
SHP-53250,Insulin Glargine,Delhi,Chennai,,0,2025-09-11 00:00:00,2025-09-11 17:00:00
SHP-12277,Humira (Adalimumab),Bangalore,Delhi,Shadowfax,0,25/08/2025 00:00,2025-08-27 10:00:00
SHP-80881,Amoxicillin,Delhi,Delhi,FedEx,0,03/10/2025 00:00,2025-10-03 14:00:00
SHP-72060,Amoxicillin,Chennai,Mumbai,FedEx,0,01/07/2025 00:00,2025-07-02 02:00:00
SHP-28741,Humira (Adalimumab),Delhi,Chennai,Shadowfax,0,01/06/2025 00:00,2025-06-01 16:00:00
SHP-36249,Amoxicillin,Bangalore,bangalore ,DHL,0,2025-10-05 00:00:00,2025-10-07 08:00:00
SHP-50675,Insulin Glargine,Mumbai,chennai,Shadowfax,0,2025-05-20 00:00:00,2025-05-21 07:00:00
SHP-87684,Humira (Adalimumab),Mumbai,Chennai,BlueDart,0,2025-10-21 00:00:00,2025-10-22 01:00:00
SHP-41008,Amoxicillin,Delhi,Delhi ,FedEx,0,2025-03-18 00:00:00,2025-03-19 03:00:00
SHP-24745,Humira (Adalimumab),Hyderabad,Bangalore,FedEx,0,2025-10-18 00:00:00,2025-10-18 19:00:00
SHP-89513,Insulin Glargine,Delhi,Hyderabad,,0,2025-07-13 00:00:00,2025-07-15 02:00:00
SHP-57743,Amoxicillin,Chennai,Delhi ,Delhivery,0,2025-11-08 00:00:00,2025-11-08 14:00:00
SHP-52043,Insulin Glargine,Mumbai,Bangalore,Shadowfax,0,2025-12-03 00:00:00,2025-12-05 14:00:00
SHP-15202,Amoxicillin,Mumbai,Mumbai,Delhivery,0,25/04/2025 00:00,2025-04-27 11:00:00
SHP-75214,COVID-19 mRNA Vaccine,Mumbai,Delhi,BlueDart,0,2025-01-01 00:00:00,2025-01-02 00:00:00
SHP-13985,Amoxicillin,Hyderabad,Mumbai,Shadowfax,0,2025-03-15 00:00:00,2025-03-16 12:00:00
SHP-60728,Humira (Adalimumab),Hyderabad,Delhi,BlueDart,1,2025-12-21 00:00:00,2025-12-23 16:00:00
SHP-83675,Amoxicillin,Bangalore,Chennai,BlueDart,0,2025-05-27 00:00:00,2025-05-28 17:00:00
SHP-43972,Insulin Glargine,Delhi,Bangalore,BlueDart,0,2025-07-31 00:00:00,2025-08-01 01:00:00
SHP-57344,Insulin Glargine,Delhi,mumbai,Shadowfax,0,2025-11-20 00:00:00,2025-11-22 04:00:00
SHP-76081,Amoxicillin,Chennai,Delhi,Shadowfax,0,2025-07-05 00:00:00,2025-07-06 11:00:00
SHP-82860,Humira (Adalimumab),Mumbai,mumbai,,0,2025-04-09 00:00:00,2025-04-11 18:00:00
SHP-82956,COVID-19 mRNA Vaccine,Hyderabad,Delhi,FedEx,0,2025-12-16 00:00:00,2025-12-18 22:00:00
SHP-60135,Humira (Adalimumab),Chennai,Delhi ,Delhivery,0,2025-10-28 00:00:00,2025-10-30 14:00:00
SHP-16320,COVID-19 mRNA Vaccine,Chennai,Hyderabad,Delhivery,0,2025-04-05 00:00:00,2025-04-06 23:00:00
SHP-17105,Insulin Glargine,Hyderabad,Hyderabad,BlueDart,0,07/04/2025 00:00,2025-04-09 15:00:00
SHP-86543,Humira (Adalimumab),Delhi,Hyderabad,Shadowfax,0,2025-04-03 00:00:00,2025-04-05 18:00:00
SHP-94678,COVID-19 mRNA Vaccine,Mumbai,Mumbai,Shadowfax,0,2025-01-06 00:00:00,2025-01-06 21:00:00
SHP-32919,Amoxicillin,Delhi,Chennai,BlueDart,1,2025-03-03 00:00:00,2025-03-05 00:00:00
SHP-35452,Insulin Glargine,Chennai,delhi,FedEx,0,2025-12-01 00:00:00,2025-12-02 06:00:00
SHP-80026,Amoxicillin,Mumbai,Bangalore,Delhivery,0,2025-05-11 00:00:00,2025-05-11 15:00:00
SHP-10839,Insulin Glargine,Bangalore,Hyderabad,DHL,1,2025-05-12 00:00:00,2025-05-13 19:00:00
SHP-55422,Humira (Adalimumab),Chennai,mumbai ,FedEx,0,29/03/2025 00:00,2025-03-31 16:00:00
SHP-25860,Humira (Adalimumab),Delhi,Mumbai,Shadowfax,0,2025-01-31 00:00:00,2025-02-02 00:00:00
SHP-26416,Insulin Glargine,Delhi,Mumbai,BlueDart,0,2025-05-04 00:00:00,2025-05-06 06:00:00
SHP-68577,Insulin Glargine,Delhi,Bangalore,Delhivery,0,2025-12-08 00:00:00,2025-12-10 18:00:00
SHP-37907,Insulin Glargine,Hyderabad,Bangalore ,BlueDart,1,2025-12-25 00:00:00,2025-12-25 18:00:00
SHP-12018,Humira (Adalimumab),Chennai,Hyderabad ,Shadowfax,0,2025-04-05 00:00:00,2025-04-06 22:00:00
SHP-59861,COVID-19 mRNA Vaccine,Mumbai,Bangalore ,BlueDart,0,2025-09-28 00:00:00,2025-09-28 18:00:00
SHP-34685,Amoxicillin,Delhi,hyderabad,Delhivery,0,2025-04-18 00:00:00,2025-04-18 18:00:00
SHP-19653,Amoxicillin,Delhi,Bangalore,BlueDart,0,2025-03-22 00:00:00,2025-03-24 21:00:00
SHP-39824,Humira (Adalimumab),Hyderabad,bangalore ,Delhivery,0,2025-01-08 00:00:00,2025-01-09 09:00:00
SHP-65398,Amoxicillin,Mumbai,bangalore,BlueDart,0,2025-12-21 00:00:00,2025-12-22 22:00:00
SHP-26455,Insulin Glargine,Chennai,Hyderabad,BlueDart,0,2025-05-18 00:00:00,2025-05-19 21:00:00
SHP-85143,COVID-19 mRNA Vaccine,Bangalore,delhi,Delhivery,0,30/12/2025 00:00,2026-01-01 23:00:00
SHP-81283,Amoxicillin,Hyderabad,hyderabad,BlueDart,0,2025-09-20 00:00:00,2025-09-22 13:00:00
SHP-99733,COVID-19 mRNA Vaccine,Chennai,Delhi ,FedEx,0,2025-08-08 00:00:00,2025-08-08 22:00:00
SHP-36728,Insulin Glargine,Bangalore,Mumbai,DHL,0,02/04/2025 00:00,2025-04-04 03:00:00
SHP-22048,Amoxicillin,Delhi,Mumbai ,FedEx,0,2025-09-04 00:00:00,2025-09-05 22:00:00
SHP-90503,Humira (Adalimumab),Delhi,Hyderabad,DHL,0,15/07/2025 00:00,2025-07-17 09:00:00
SHP-75198,COVID-19 mRNA Vaccine,Mumbai,Delhi,FedEx,0,2025-02-17 00:00:00,2025-02-18 03:00:00
SHP-63567,Insulin Glargine,Bangalore,Delhi ,DHL,0,2025-10-16 00:00:00,2025-10-17 21:00:00
SHP-60997,COVID-19 mRNA Vaccine,Delhi,Delhi,BlueDart,0,17/01/2025 00:00,2025-01-19 22:00:00
SHP-31526,Amoxicillin,Delhi,Mumbai,Delhivery,1,2025-10-18 00:00:00,2025-10-19 23:00:00
SHP-69952,Amoxicillin,Mumbai,Hyderabad,Delhivery,0,2025-12-10 00:00:00,2025-12-11 23:00:00
SHP-31118,Humira (Adalimumab),Chennai,Chennai,Shadowfax,0,2025-03-17 00:00:00,2025-03-18 16:00:00
SHP-15110,Insulin Glargine,Delhi,Delhi,DHL,0,2025-06-24 00:00:00,2025-06-24 23:00:00
SHP-32311,Insulin Glargine,Hyderabad,Delhi ,Shadowfax,1,07/05/2025 00:00,2025-05-07 23:00:00
SHP-80274,Humira (Adalimumab),Hyderabad,Chennai,Shadowfax,0,10/01/2025 00:00,2025-01-10 20:00:00
SHP-12517,Humira (Adalimumab),Chennai,Hyderabad,DHL,0,2025-02-09 00:00:00,2025-02-11 02:00:00
SHP-50745,Insulin Glargine,Bangalore,Delhi,Delhivery,0,30/11/2025 00:00,2025-12-02 18:00:00
SHP-94825,COVID-19 mRNA Vaccine,Mumbai,Hyderabad,DHL,0,04/01/2025 00:00,2025-01-05 04:00:00
SHP-31807,COVID-19 mRNA Vaccine,Hyderabad,Delhi,BlueDart,0,2025-08-30 00:00:00,2025-09-01 22:00:00
SHP-71414,Humira (Adalimumab),Hyderabad,Bangalore,Shadowfax,0,2025-08-25 00:00:00,2025-08-27 18:00:00
SHP-13412,COVID-19 mRNA Vaccine,Chennai,Delhi,Shadowfax,0,2025-07-19 00:00:00,2025-07-20 05:00:00
SHP-57179,Insulin Glargine,Bangalore,Bangalore ,DHL,0,2025-10-02 00:00:00,2025-10-03 23:00:00
SHP-68447,Amoxicillin,Bangalore,Hyderabad,Shadowfax,0,2025-11-11 00:00:00,2025-11-11 17:00:00
SHP-53000,Amoxicillin,Chennai,Delhi,Delhivery,0,2025-04-16 00:00:00,2025-04-16 14:00:00
SHP-74022,COVID-19 mRNA Vaccine,Hyderabad,Mumbai ,Shadowfax,0,2025-06-22 00:00:00,2025-06-22 19:00:00
SHP-40410,Humira (Adalimumab),Mumbai,Mumbai,DHL,0,2025-08-05 00:00:00,2025-08-06 20:00:00
SHP-93582,Humira (Adalimumab),Hyderabad,Chennai,Delhivery,0,2025-11-03 00:00:00,2025-11-05 03:00:00
SHP-19704,Humira (Adalimumab),Bangalore,mumbai,Delhivery,0,2025-12-19 00:00:00,2025-12-21 20:00:00
SHP-99689,Humira (Adalimumab),Hyderabad,Bangalore ,Shadowfax,0,2025-10-30 00:00:00,2025-10-30 16:00:00
SHP-76766,Humira (Adalimumab),Mumbai,Mumbai,DHL,0,2026-01-01 00:00:00,2026-01-01 18:00:00
SHP-40856,COVID-19 mRNA Vaccine,Delhi,Mumbai,,0,2025-12-05 00:00:00,2025-12-06 17:00:00
SHP-42169,Amoxicillin,Hyderabad,Mumbai,BlueDart,0,2025-07-22 00:00:00,2025-07-23 05:00:00
SHP-32072,Amoxicillin,Chennai,Delhi,BlueDart,0,2025-07-28 00:00:00,2025-07-28 17:00:00
SHP-55024,COVID-19 mRNA Vaccine,Delhi,Chennai,Delhivery,0,2025-07-16 00:00:00,2025-07-18 02:00:00
SHP-14250,Humira (Adalimumab),Chennai,hyderabad,Shadowfax,0,2025-12-09 00:00:00,2025-12-11 15:00:00
SHP-42114,COVID-19 mRNA Vaccine,Chennai,Chennai,BlueDart,0,10/12/2025 00:00,2025-12-12 14:00:00
SHP-68108,Amoxicillin,Chennai,bangalore,FedEx,0,2025-02-04 00:00:00,2025-02-04 21:00:00
SHP-99955,Insulin Glargine,Hyderabad,Delhi,BlueDart,0,2025-06-25 00:00:00,2025-06-25 16:00:00
SHP-95437,COVID-19 mRNA Vaccine,Bangalore,delhi,Shadowfax,0,07/01/2025 00:00,2025-01-08 13:00:00
SHP-90633,Humira (Adalimumab),Delhi,Mumbai,Shadowfax,0,2025-12-25 00:00:00,2025-12-25 15:00:00
SHP-25099,Amoxicillin,Mumbai,Mumbai,,0,2025-02-22 00:00:00,2025-02-23 20:00:00
SHP-96066,Amoxicillin,Bangalore,Bangalore,Shadowfax,0,2025-08-13 00:00:00,2025-08-13 12:00:00
SHP-51027,Amoxicillin,Hyderabad,Delhi ,Shadowfax,0,07/01/2025 00:00,2025-01-09 08:00:00
SHP-93475,Amoxicillin,Chennai,Hyderabad,FedEx,0,2025-06-27 00:00:00,2025-06-28 14:00:00
SHP-48916,Humira (Adalimumab),Mumbai,Chennai,Delhivery,0,2025-06-16 00:00:00,2025-06-17 05:00:00
SHP-49026,Insulin Glargine,Delhi,Delhi,Shadowfax,1,2025-02-12 00:00:00,2025-02-12 12:00:00
SHP-86226,Amoxicillin,Bangalore,Hyderabad,DHL,0,03/12/2025 00:00,2025-12-04 14:00:00
SHP-38141,COVID-19 mRNA Vaccine,Bangalore,Hyderabad,Delhivery,0,2025-01-11 00:00:00,2025-01-13 21:00:00
SHP-54964,Insulin Glargine,Mumbai,Chennai ,Delhivery,0,2025-11-02 00:00:00,2025-11-03 01:00:00
SHP-39900,Amoxicillin,Hyderabad,Hyderabad,,0,2025-08-26 00:00:00,2025-08-28 14:00:00
SHP-62566,Insulin Glargine,Delhi,Bangalore,BlueDart,0,2025-11-09 00:00:00,2025-11-10 17:00:00
SHP-82658,COVID-19 mRNA Vaccine,Mumbai,Hyderabad ,FedEx,0,13/12/2025 00:00,2025-12-13 21:00:00
SHP-74236,Amoxicillin,Chennai,Bangalore,Shadowfax,0,2025-05-05 00:00:00,2025-05-05 20:00:00
SHP-57628,COVID-19 mRNA Vaccine,Delhi,Hyderabad,BlueDart,0,2025-07-02 00:00:00,2025-07-04 19:00:00
SHP-18666,Humira (Adalimumab),Bangalore,Mumbai ,DHL,0,2025-08-14 00:00:00,2025-08-15 03:00:00
